
 /----------------------------------------------------------------------------\
 |  yosys -- Yosys Open SYnthesis Suite                                       |
 |  Copyright (C) 2012 - 2025  Claire Xenia Wolf <claire@yosyshq.com>         |
 |  Distributed under an ISC-like license, type "license" to see terms        |
 \----------------------------------------------------------------------------/
 Yosys 0.58 (git sha1 157aabb58, g++ 14.2.0-19 -fPIC -O3)

-- Running command `read_verilog /usr/local/src/mylex/nulex/mapper/exec/work/exec.v; hierarchy -top exec_top; synth -top exec_top -flatten;   dfflibmap -liberty /usr/local/src/IHP-Open-PDK/ihp-sg13g2/libs.ref/sg13g2_stdcell/lib/sg13g2_stdcell_typ_1p20V_25C.lib; abc -liberty /usr/local/src/IHP-Open-PDK/ihp-sg13g2/libs.ref/sg13g2_stdcell/lib/sg13g2_stdcell_typ_1p20V_25C.lib; opt_clean;   tee -o cmos_stat.txt stat -liberty /usr/local/src/IHP-Open-PDK/ihp-sg13g2/libs.ref/sg13g2_stdcell/lib/sg13g2_stdcell_typ_1p20V_25C.lib; write_verilog -noattr exec.cmos.v' --

1. Executing Verilog-2005 frontend: /usr/local/src/mylex/nulex/mapper/exec/work/exec.v
Parsing Verilog input from `/usr/local/src/mylex/nulex/mapper/exec/work/exec.v' to AST representation.
verilog frontend filename /usr/local/src/mylex/nulex/mapper/exec/work/exec.v
Generating RTLIL representation for module `\FullAdder'.
Generating RTLIL representation for module `\VX_csa_32'.
Generating RTLIL representation for module `\VX_cyclic_arbiter'.
Generating RTLIL representation for module `\VX_demux'.
Generating RTLIL representation for module `\VX_dp_ram'.
Generating RTLIL representation for module `\VX_elastic_adapter'.
Generating RTLIL representation for module `\VX_elastic_buffer'.
Generating RTLIL representation for module `\VX_fifo_queue'.
Generating RTLIL representation for module `\VX_find_first'.
Generating RTLIL representation for module `\VX_generic_arbiter'.
Generating RTLIL representation for module `\VX_gto_arbiter'.
Generating RTLIL representation for module `\VX_lzc'.
Generating RTLIL representation for module `\VX_matrix_arbiter'.
Generating RTLIL representation for module `\VX_mm_axi_arb'.
Generating RTLIL representation for module `\VX_mm_axi_slice'.
Generating RTLIL representation for module `\VX_multiplier'.
Generating RTLIL representation for module `\VX_onehot_encoder'.
Generating RTLIL representation for module `\VX_pending_size'.
Generating RTLIL representation for module `\VX_pipe_buffer'.
Generating RTLIL representation for module `\VX_pipe_register'.
Generating RTLIL representation for module `\VX_popcount63'.
Generating RTLIL representation for module `\VX_popcount32'.
Generating RTLIL representation for module `\VX_sum33'.
Generating RTLIL representation for module `\VX_popcount'.
Generating RTLIL representation for module `\VX_priority_arbiter'.
Generating RTLIL representation for module `\VX_priority_encoder'.
Generating RTLIL representation for module `\VX_reduce_tree'.
Generating RTLIL representation for module `\VX_rr_arbiter'.
Generating RTLIL representation for module `\VX_scan'.
Generating RTLIL representation for module `\VX_serial_div'.
Generating RTLIL representation for module `\VX_shift_register'.
Generating RTLIL representation for module `\VX_skid_buffer'.
Generating RTLIL representation for module `\VX_stream_arb'.
Generating RTLIL representation for module `\VX_stream_buffer'.
Generating RTLIL representation for module `\VX_stream_switch'.
Generating RTLIL representation for module `\VX_toggle_buffer'.
Generating RTLIL representation for module `\VX_lsu_agu'.
Generating RTLIL representation for module `\exec_top'.
make 1
make 1
make 1
/usr/local/src/mylex/nulex/mapper/exec/work/exec.v:4944: Warning: Identifier `\sched_csr_if.cta_lane' is implicitly declared.
Successfully finished Verilog frontend.

2. Executing HIERARCHY pass (managing design hierarchy).

2.1. Analyzing design hierarchy..
Top module:  \exec_top
Used module:     \VX_elastic_buffer
Used module:         \VX_pipe_buffer
Used module:             \VX_pipe_register
Used module:     \VX_popcount
Used module:     \VX_priority_encoder
Used module:     \VX_stream_arb
Used module:     \VX_stream_switch
Used module:     \VX_lsu_agu
Used module:         \VX_csa_32
Used module:             \FullAdder
Used module:     \VX_serial_div
Used module:     \VX_elastic_adapter
Used module:     \VX_shift_register
Used module:     \VX_multiplier
Parameter \DATAW = 1
Parameter \DEPTH = 1

2.2. Executing AST frontend in derive mode using pre-parsed AST for module `\VX_pipe_buffer'.
Parameter \DATAW = 1
Parameter \DEPTH = 1
Generating RTLIL representation for module `$paramod$f2fa2577fb7cda08d3da00a6a4af6ab48c916514\VX_pipe_buffer'.
Parameter \DATAW = 2
Parameter \RESETW = 1

2.3. Executing AST frontend in derive mode using pre-parsed AST for module `\VX_pipe_register'.
Parameter \DATAW = 2
Parameter \RESETW = 1
Generating RTLIL representation for module `$paramod$c37e50ae6f885984ed79c7e35d2733a36d44b999\VX_pipe_register'.
Reprocessing module VX_pipe_buffer because instantiated module VX_pipe_register has become available.
Generating RTLIL representation for module `\VX_pipe_buffer'.
Parameter \DATAW = 2
Parameter \DEPTH = 0

2.4. Executing AST frontend in derive mode using pre-parsed AST for module `\VX_pipe_register'.
Parameter \DATAW = 2
Parameter \DEPTH = 0
Generating RTLIL representation for module `$paramod$d3e6fff03e5709b00d81197dfed8ddebe39d0e5f\VX_pipe_register'.
Parameter \DATAW = 1
Parameter \SIZE = 0
Parameter \OUT_REG = 0
Parameter \LUTRAM = 1'0

2.5. Executing AST frontend in derive mode using pre-parsed AST for module `\VX_elastic_buffer'.
Parameter \DATAW = 1
Parameter \SIZE = 0
Parameter \OUT_REG = 0
Parameter \LUTRAM = 1'0
Generating RTLIL representation for module `$paramod$8ca84582c5a32a6fa9559863eb329403886fb7ad\VX_elastic_buffer'.
Parameter \DATAW = 1
Parameter \SIZE = 0
Parameter \OUT_REG = 0

2.6. Executing AST frontend in derive mode using pre-parsed AST for module `\VX_elastic_buffer'.
Parameter \DATAW = 1
Parameter \SIZE = 0
Parameter \OUT_REG = 0
Generating RTLIL representation for module `$paramod$3f7ca2b299fc72a63d691e203509efd714dbc206\VX_elastic_buffer'.
Parameter \N = 32

2.7. Executing AST frontend in derive mode using pre-parsed AST for module `\VX_csa_32'.
Parameter \N = 32
Generating RTLIL representation for module `$paramod\VX_csa_32\N=s32'00000000000000000000000000100000'.
Parameter \DATAW = 114
Parameter \SIZE = 2
Parameter \OUT_REG = 1

2.8. Executing AST frontend in derive mode using pre-parsed AST for module `\VX_elastic_buffer'.
Parameter \DATAW = 114
Parameter \SIZE = 2
Parameter \OUT_REG = 1
Generating RTLIL representation for module `$paramod$32673639bcacf5aa768d63ec93c8743feefef2c5\VX_elastic_buffer'.
Parameter \DATAW = 114
Parameter \SIZE = 2

2.9. Executing AST frontend in derive mode using pre-parsed AST for module `\VX_elastic_buffer'.
Parameter \DATAW = 114
Parameter \SIZE = 2
Generating RTLIL representation for module `$paramod$7c2d5135374308001b920624dfb3bbfaf899d905\VX_elastic_buffer'.
Parameter \DATAW = 53
Parameter \SIZE = 2

2.10. Executing AST frontend in derive mode using pre-parsed AST for module `\VX_elastic_buffer'.
Parameter \DATAW = 53
Parameter \SIZE = 2
Generating RTLIL representation for module `$paramod$c35619fef1e45f5d06e334b8b47a2ee42a333cfc\VX_elastic_buffer'.
Parameter \DATAW = 92
Parameter \RESETW = 1

2.11. Executing AST frontend in derive mode using pre-parsed AST for module `\VX_pipe_register'.
Parameter \DATAW = 92
Parameter \RESETW = 1
Generating RTLIL representation for module `$paramod$e25dd882d7de3799ae77603144455ae069898a38\VX_pipe_register'.
Parameter \MODEL = 1
Parameter \N = 2

2.12. Executing AST frontend in derive mode using pre-parsed AST for module `\VX_popcount'.
Parameter \MODEL = 1
Parameter \N = 2
Generating RTLIL representation for module `$paramod$ab8530e35468cd7866955cf0519cd7712815029e\VX_popcount'.
Parameter \MODEL = 1
Parameter \N = 2
Found cached RTLIL representation for module `$paramod$ab8530e35468cd7866955cf0519cd7712815029e\VX_popcount'.
Parameter \N = 2
Parameter \REVERSE = 1

2.13. Executing AST frontend in derive mode using pre-parsed AST for module `\VX_priority_encoder'.
Parameter \N = 2
Parameter \REVERSE = 1
Generating RTLIL representation for module `$paramod$2308c01cf3ce848081258a0be906d01910d70c0d\VX_priority_encoder'.
Parameter \NUM_INPUTS = 2
Parameter \DATAW = 114
Parameter \ARBITER = 8'01010010
Parameter \OUT_BUF = 3

2.14. Executing AST frontend in derive mode using pre-parsed AST for module `\VX_stream_arb'.
Parameter \NUM_INPUTS = 2
Parameter \DATAW = 114
Parameter \ARBITER = 8'01010010
Parameter \OUT_BUF = 3
Generating RTLIL representation for module `$paramod$095b22001ff659e817fe11e0b46d0dd0c8f5e776\VX_stream_arb'.
Parameter \NUM_INPUTS = 1
Parameter \NUM_OUTPUTS = 2
Parameter \DATAW = 273
Parameter \OUT_BUF = 0

2.15. Executing AST frontend in derive mode using pre-parsed AST for module `\VX_stream_switch'.
Parameter \NUM_INPUTS = 1
Parameter \NUM_OUTPUTS = 2
Parameter \DATAW = 273
Parameter \OUT_BUF = 0
Generating RTLIL representation for module `$paramod$0d6451efac0cc416bb8c9803dd3c6de0bccbcae8\VX_stream_switch'.
Parameter \DATAW = 273
Parameter \SIZE = 2
Parameter \OUT_REG = 1

2.16. Executing AST frontend in derive mode using pre-parsed AST for module `\VX_elastic_buffer'.
Parameter \DATAW = 273
Parameter \SIZE = 2
Parameter \OUT_REG = 1
Generating RTLIL representation for module `$paramod$8a38720207d0445193c1d71af4d441efbc251691\VX_elastic_buffer'.
Parameter \DATAW = 114
Parameter \SIZE = 2
Parameter \OUT_REG = 1
Found cached RTLIL representation for module `$paramod$32673639bcacf5aa768d63ec93c8743feefef2c5\VX_elastic_buffer'.
Parameter \NUM_INPUTS = 2
Parameter \DATAW = 114
Parameter \ARBITER = 8'01010000
Parameter \OUT_BUF = 3

2.17. Executing AST frontend in derive mode using pre-parsed AST for module `\VX_stream_arb'.
Parameter \NUM_INPUTS = 2
Parameter \DATAW = 114
Parameter \ARBITER = 8'01010000
Parameter \OUT_BUF = 3
Generating RTLIL representation for module `$paramod$95804277075a74ad9b5f7ccad3f0593e8ae2d044\VX_stream_arb'.
Parameter \DATAW = 50
Parameter \SIZE = 2

2.18. Executing AST frontend in derive mode using pre-parsed AST for module `\VX_elastic_buffer'.
Parameter \DATAW = 50
Parameter \SIZE = 2
Generating RTLIL representation for module `$paramod$f9d6a528e68300d0fd03e68084f80c1c3f5b8135\VX_elastic_buffer'.
Parameter \DATAW = 114
Parameter \SIZE = 2
Found cached RTLIL representation for module `$paramod$7c2d5135374308001b920624dfb3bbfaf899d905\VX_elastic_buffer'.
Parameter \DATAW = 273
Parameter \SIZE = 2
Parameter \OUT_REG = 1
Found cached RTLIL representation for module `$paramod$8a38720207d0445193c1d71af4d441efbc251691\VX_elastic_buffer'.
Parameter \DATAW = 114
Parameter \SIZE = 0
Parameter \OUT_REG = 0

2.19. Executing AST frontend in derive mode using pre-parsed AST for module `\VX_elastic_buffer'.
Parameter \DATAW = 114
Parameter \SIZE = 0
Parameter \OUT_REG = 0
Generating RTLIL representation for module `$paramod$5b857726fbeb5979e4ba053bbd3c66b0bf30bf3c\VX_elastic_buffer'.
Parameter \NUM_INPUTS = 2
Parameter \DATAW = 114
Parameter \ARBITER = 8'01010000
Parameter \OUT_BUF = 2

2.20. Executing AST frontend in derive mode using pre-parsed AST for module `\VX_stream_arb'.
Parameter \NUM_INPUTS = 2
Parameter \DATAW = 114
Parameter \ARBITER = 8'01010000
Parameter \OUT_BUF = 2
Generating RTLIL representation for module `$paramod$8ee0bf26e92008bf7e999bf10c297d15b9ddd2f2\VX_stream_arb'.
Parameter \WIDTHN = 32
Parameter \WIDTHD = 32
Parameter \WIDTHQ = 32
Parameter \WIDTHR = 32
Parameter \LANES = 2

2.21. Executing AST frontend in derive mode using pre-parsed AST for module `\VX_serial_div'.
Parameter \WIDTHN = 32
Parameter \WIDTHD = 32
Parameter \WIDTHQ = 32
Parameter \WIDTHR = 32
Parameter \LANES = 2
Generating RTLIL representation for module `$paramod$78fb96dd52e7defe737df25883351cf2247a26db\VX_serial_div'.
Parameter \DATAW = 53
Parameter \RESETW = 1
Parameter \DEPTH = 3

2.22. Executing AST frontend in derive mode using pre-parsed AST for module `\VX_shift_register'.
Parameter \DATAW = 53
Parameter \RESETW = 1
Parameter \DEPTH = 3
Generating RTLIL representation for module `$paramod$94427155f1112184920d33d0b9cd41c1c6068a20\VX_shift_register'.
Parameter \A_WIDTH = 33
Parameter \B_WIDTH = 33
Parameter \R_WIDTH = 66
Parameter \SIGNED = 1
Parameter \LATENCY = 3

2.23. Executing AST frontend in derive mode using pre-parsed AST for module `\VX_multiplier'.
Parameter \A_WIDTH = 33
Parameter \B_WIDTH = 33
Parameter \R_WIDTH = 66
Parameter \SIGNED = 1
Parameter \LATENCY = 3
Generating RTLIL representation for module `$paramod$56aaa88be2c08e9bc896119e52ecd323dcad8f9b\VX_multiplier'.
Parameter \A_WIDTH = 33
Parameter \B_WIDTH = 33
Parameter \R_WIDTH = 66
Parameter \SIGNED = 1
Parameter \LATENCY = 3
Found cached RTLIL representation for module `$paramod$56aaa88be2c08e9bc896119e52ecd323dcad8f9b\VX_multiplier'.
Parameter \DATAW = 39
Parameter \RESETW = 1

2.24. Executing AST frontend in derive mode using pre-parsed AST for module `\VX_pipe_register'.
Parameter \DATAW = 39
Parameter \RESETW = 1
Generating RTLIL representation for module `$paramod$ec469cbf2aa2fbc414254715ce7cabddd737ef3a\VX_pipe_register'.
Parameter \DATAW = 150

2.25. Executing AST frontend in derive mode using pre-parsed AST for module `\VX_elastic_buffer'.
Parameter \DATAW = 150
Generating RTLIL representation for module `$paramod\VX_elastic_buffer\DATAW=s32'00000000000000000000000010010110'.
Parameter \N = 2
Parameter \REVERSE = 1
Found cached RTLIL representation for module `$paramod$2308c01cf3ce848081258a0be906d01910d70c0d\VX_priority_encoder'.
Parameter \NUM_INPUTS = 2
Parameter \DATAW = 114
Parameter \ARBITER = 8'01010010
Parameter \OUT_BUF = 3
Found cached RTLIL representation for module `$paramod$095b22001ff659e817fe11e0b46d0dd0c8f5e776\VX_stream_arb'.
Parameter \NUM_INPUTS = 1
Parameter \NUM_OUTPUTS = 2
Parameter \DATAW = 273
Parameter \OUT_BUF = 0
Found cached RTLIL representation for module `$paramod$0d6451efac0cc416bb8c9803dd3c6de0bccbcae8\VX_stream_switch'.
Parameter \DATAW = 273
Parameter \SIZE = 0
Parameter \OUT_REG = 0

2.26. Executing AST frontend in derive mode using pre-parsed AST for module `\VX_elastic_buffer'.
Parameter \DATAW = 273
Parameter \SIZE = 0
Parameter \OUT_REG = 0
Generating RTLIL representation for module `$paramod$15495f65038885313b2f7b0b9309a91886f94149\VX_elastic_buffer'.

2.27. Analyzing design hierarchy..
Top module:  \exec_top
Used module:     $paramod$32673639bcacf5aa768d63ec93c8743feefef2c5\VX_elastic_buffer
Used module:         \VX_pipe_buffer
Used module:             \VX_pipe_register
Used module:         \VX_stream_buffer
Used module:     $paramod$7c2d5135374308001b920624dfb3bbfaf899d905\VX_elastic_buffer
Used module:     $paramod$c35619fef1e45f5d06e334b8b47a2ee42a333cfc\VX_elastic_buffer
Used module:     $paramod$e25dd882d7de3799ae77603144455ae069898a38\VX_pipe_register
Used module:     $paramod$ab8530e35468cd7866955cf0519cd7712815029e\VX_popcount
Used module:         \VX_popcount32
Used module:     $paramod$2308c01cf3ce848081258a0be906d01910d70c0d\VX_priority_encoder
Used module:     $paramod$095b22001ff659e817fe11e0b46d0dd0c8f5e776\VX_stream_arb
Used module:         \VX_elastic_buffer
Used module:             $paramod$f2fa2577fb7cda08d3da00a6a4af6ab48c916514\VX_pipe_buffer
Used module:         \VX_generic_arbiter
Used module:             \VX_priority_arbiter
Used module:     $paramod$0d6451efac0cc416bb8c9803dd3c6de0bccbcae8\VX_stream_switch
Used module:     $paramod$8a38720207d0445193c1d71af4d441efbc251691\VX_elastic_buffer
Used module:     $paramod$95804277075a74ad9b5f7ccad3f0593e8ae2d044\VX_stream_arb
Used module:     $paramod$f9d6a528e68300d0fd03e68084f80c1c3f5b8135\VX_elastic_buffer
Used module:     \VX_lsu_agu
Used module:         $paramod\VX_csa_32\N=s32'00000000000000000000000000100000
Used module:             \FullAdder
Used module:     $paramod$5b857726fbeb5979e4ba053bbd3c66b0bf30bf3c\VX_elastic_buffer
Used module:     $paramod$8ee0bf26e92008bf7e999bf10c297d15b9ddd2f2\VX_stream_arb
Used module:     $paramod$78fb96dd52e7defe737df25883351cf2247a26db\VX_serial_div
Used module:     \VX_elastic_adapter
Used module:     $paramod$94427155f1112184920d33d0b9cd41c1c6068a20\VX_shift_register
Used module:     $paramod$56aaa88be2c08e9bc896119e52ecd323dcad8f9b\VX_multiplier
Used module:     $paramod$ec469cbf2aa2fbc414254715ce7cabddd737ef3a\VX_pipe_register
Used module:     $paramod\VX_elastic_buffer\DATAW=s32'00000000000000000000000010010110
Used module:     $paramod$15495f65038885313b2f7b0b9309a91886f94149\VX_elastic_buffer
Parameter \DATAW = 2
Parameter \RESETW = 1
Found cached RTLIL representation for module `$paramod$c37e50ae6f885984ed79c7e35d2733a36d44b999\VX_pipe_register'.
Parameter \NUM_REQS = 1
Parameter \STICKY = 0

2.28. Executing AST frontend in derive mode using pre-parsed AST for module `\VX_priority_arbiter'.
Parameter \NUM_REQS = 1
Parameter \STICKY = 0
Generating RTLIL representation for module `$paramod$e98e2beae90ce59d348de541cf1045df4833522d\VX_priority_arbiter'.
Parameter \DATAW = 2
Parameter \RESETW = 1
Found cached RTLIL representation for module `$paramod$c37e50ae6f885984ed79c7e35d2733a36d44b999\VX_pipe_register'.
Reprocessing module $paramod$f2fa2577fb7cda08d3da00a6a4af6ab48c916514\VX_pipe_buffer because instantiated module $paramod$c37e50ae6f885984ed79c7e35d2733a36d44b999\VX_pipe_register has become available.
Generating RTLIL representation for module `$paramod$f2fa2577fb7cda08d3da00a6a4af6ab48c916514\VX_pipe_buffer'.
Parameter \DATAW = 114
Parameter \DEPTH = 0

2.29. Executing AST frontend in derive mode using pre-parsed AST for module `\VX_pipe_buffer'.
Parameter \DATAW = 114
Parameter \DEPTH = 0
Generating RTLIL representation for module `$paramod$876e9577846c138b1a8348fcdeb339ae1c8fcea9\VX_pipe_buffer'.
Parameter \DATAW = 114
Parameter \OUT_REG = 1'1

2.30. Executing AST frontend in derive mode using pre-parsed AST for module `\VX_stream_buffer'.
Parameter \DATAW = 114
Parameter \OUT_REG = 1'1
Generating RTLIL representation for module `$paramod\VX_stream_buffer\DATAW=s32'00000000000000000000000001110010\OUT_REG=1'1'.
Parameter \DATAW = 114
Parameter \DEPTH = 0
Found cached RTLIL representation for module `$paramod$876e9577846c138b1a8348fcdeb339ae1c8fcea9\VX_pipe_buffer'.
Parameter \DATAW = 114
Parameter \OUT_REG = 1'0

2.31. Executing AST frontend in derive mode using pre-parsed AST for module `\VX_stream_buffer'.
Parameter \DATAW = 114
Parameter \OUT_REG = 1'0
Generating RTLIL representation for module `$paramod\VX_stream_buffer\DATAW=s32'00000000000000000000000001110010\OUT_REG=1'0'.
Parameter \DATAW = 53
Parameter \DEPTH = 0

2.32. Executing AST frontend in derive mode using pre-parsed AST for module `\VX_pipe_buffer'.
Parameter \DATAW = 53
Parameter \DEPTH = 0
Generating RTLIL representation for module `$paramod$bf899257b1999733886fb15a8bea9332461a6807\VX_pipe_buffer'.
Parameter \DATAW = 53
Parameter \OUT_REG = 1'0

2.33. Executing AST frontend in derive mode using pre-parsed AST for module `\VX_stream_buffer'.
Parameter \DATAW = 53
Parameter \OUT_REG = 1'0
Generating RTLIL representation for module `$paramod\VX_stream_buffer\DATAW=s32'00000000000000000000000000110101\OUT_REG=1'0'.
Parameter \DATAW = 115
Parameter \SIZE = 2
Parameter \OUT_REG = 1
Parameter \LUTRAM = 1'0

2.34. Executing AST frontend in derive mode using pre-parsed AST for module `\VX_elastic_buffer'.
Parameter \DATAW = 115
Parameter \SIZE = 2
Parameter \OUT_REG = 1
Parameter \LUTRAM = 1'0
Generating RTLIL representation for module `$paramod$5259cdbf3256fdd1c71c79a820281dbb37ed2e2e\VX_elastic_buffer'.
Parameter \NUM_REQS = 2
Parameter \TYPE = 8'01010010
Parameter \STICKY = 0

2.35. Executing AST frontend in derive mode using pre-parsed AST for module `\VX_generic_arbiter'.
Parameter \NUM_REQS = 2
Parameter \TYPE = 8'01010010
Parameter \STICKY = 0
Generating RTLIL representation for module `$paramod$d3ce5d54105a40243a734c345183889b2b37efe0\VX_generic_arbiter'.
Parameter \DATAW = 273
Parameter \SIZE = 0
Parameter \OUT_REG = 0
Found cached RTLIL representation for module `$paramod$15495f65038885313b2f7b0b9309a91886f94149\VX_elastic_buffer'.
Parameter \DATAW = 273
Parameter \SIZE = 0
Parameter \OUT_REG = 0
Found cached RTLIL representation for module `$paramod$15495f65038885313b2f7b0b9309a91886f94149\VX_elastic_buffer'.
Parameter \DATAW = 273
Parameter \DEPTH = 0

2.36. Executing AST frontend in derive mode using pre-parsed AST for module `\VX_pipe_buffer'.
Parameter \DATAW = 273
Parameter \DEPTH = 0
Generating RTLIL representation for module `$paramod$7a8b462cf3b84352962315dccb24590a91730eba\VX_pipe_buffer'.
Parameter \DATAW = 273
Parameter \OUT_REG = 1'1

2.37. Executing AST frontend in derive mode using pre-parsed AST for module `\VX_stream_buffer'.
Parameter \DATAW = 273
Parameter \OUT_REG = 1'1
Generating RTLIL representation for module `$paramod\VX_stream_buffer\DATAW=s32'00000000000000000000000100010001\OUT_REG=1'1'.
Parameter \DATAW = 115
Parameter \SIZE = 2
Parameter \OUT_REG = 1
Parameter \LUTRAM = 1'0
Found cached RTLIL representation for module `$paramod$5259cdbf3256fdd1c71c79a820281dbb37ed2e2e\VX_elastic_buffer'.
Parameter \NUM_REQS = 2
Parameter \TYPE = 8'01010000
Parameter \STICKY = 0

2.38. Executing AST frontend in derive mode using pre-parsed AST for module `\VX_generic_arbiter'.
Parameter \NUM_REQS = 2
Parameter \TYPE = 8'01010000
Parameter \STICKY = 0
Generating RTLIL representation for module `$paramod$343b171551ed5cba92900d3370dc082c22f73f47\VX_generic_arbiter'.
Parameter \DATAW = 50
Parameter \DEPTH = 0

2.39. Executing AST frontend in derive mode using pre-parsed AST for module `\VX_pipe_buffer'.
Parameter \DATAW = 50
Parameter \DEPTH = 0
Generating RTLIL representation for module `$paramod$ea6646827597355bc5995bae29fb274a7f754466\VX_pipe_buffer'.
Parameter \DATAW = 50
Parameter \OUT_REG = 1'0

2.40. Executing AST frontend in derive mode using pre-parsed AST for module `\VX_stream_buffer'.
Parameter \DATAW = 50
Parameter \OUT_REG = 1'0
Generating RTLIL representation for module `$paramod\VX_stream_buffer\DATAW=s32'00000000000000000000000000110010\OUT_REG=1'0'.
Parameter \DATAW = 115
Parameter \SIZE = 2
Parameter \OUT_REG = 0
Parameter \LUTRAM = 1'0

2.41. Executing AST frontend in derive mode using pre-parsed AST for module `\VX_elastic_buffer'.
Parameter \DATAW = 115
Parameter \SIZE = 2
Parameter \OUT_REG = 0
Parameter \LUTRAM = 1'0
Generating RTLIL representation for module `$paramod$f3aa6ae0270fef6812f3c5eff39e0374ab062889\VX_elastic_buffer'.
Parameter \NUM_REQS = 2
Parameter \TYPE = 8'01010000
Parameter \STICKY = 0
Found cached RTLIL representation for module `$paramod$343b171551ed5cba92900d3370dc082c22f73f47\VX_generic_arbiter'.
Parameter \DATAW = 66
Parameter \DEPTH = 3

2.42. Executing AST frontend in derive mode using pre-parsed AST for module `\VX_pipe_register'.
Parameter \DATAW = 66
Parameter \DEPTH = 3
Generating RTLIL representation for module `$paramod$b47bbb2604c59e6718082939cf268ef1139f1941\VX_pipe_register'.
Parameter \DATAW = 150
Parameter \DEPTH = 1

2.43. Executing AST frontend in derive mode using pre-parsed AST for module `\VX_pipe_buffer'.
Parameter \DATAW = 150
Parameter \DEPTH = 1
Generating RTLIL representation for module `$paramod$867d1f764aa3da698dc413872bfbc464cd1004b8\VX_pipe_buffer'.

2.44. Analyzing design hierarchy..
Top module:  \exec_top
Used module:     $paramod$32673639bcacf5aa768d63ec93c8743feefef2c5\VX_elastic_buffer
Used module:         $paramod$876e9577846c138b1a8348fcdeb339ae1c8fcea9\VX_pipe_buffer
Used module:         $paramod\VX_stream_buffer\DATAW=s32'00000000000000000000000001110010\OUT_REG=1'1
Used module:     $paramod$7c2d5135374308001b920624dfb3bbfaf899d905\VX_elastic_buffer
Used module:         $paramod\VX_stream_buffer\DATAW=s32'00000000000000000000000001110010\OUT_REG=1'0
Used module:     $paramod$c35619fef1e45f5d06e334b8b47a2ee42a333cfc\VX_elastic_buffer
Used module:         $paramod$bf899257b1999733886fb15a8bea9332461a6807\VX_pipe_buffer
Used module:         $paramod\VX_stream_buffer\DATAW=s32'00000000000000000000000000110101\OUT_REG=1'0
Used module:     $paramod$e25dd882d7de3799ae77603144455ae069898a38\VX_pipe_register
Used module:     $paramod$ab8530e35468cd7866955cf0519cd7712815029e\VX_popcount
Used module:         \VX_popcount32
Used module:     $paramod$2308c01cf3ce848081258a0be906d01910d70c0d\VX_priority_encoder
Used module:     $paramod$095b22001ff659e817fe11e0b46d0dd0c8f5e776\VX_stream_arb
Used module:         $paramod$5259cdbf3256fdd1c71c79a820281dbb37ed2e2e\VX_elastic_buffer
Used module:             \VX_pipe_buffer
Used module:                 $paramod$c37e50ae6f885984ed79c7e35d2733a36d44b999\VX_pipe_register
Used module:             \VX_stream_buffer
Used module:         $paramod$d3ce5d54105a40243a734c345183889b2b37efe0\VX_generic_arbiter
Used module:             \VX_rr_arbiter
Used module:     $paramod$0d6451efac0cc416bb8c9803dd3c6de0bccbcae8\VX_stream_switch
Used module:         $paramod$15495f65038885313b2f7b0b9309a91886f94149\VX_elastic_buffer
Used module:     $paramod$8a38720207d0445193c1d71af4d441efbc251691\VX_elastic_buffer
Used module:         $paramod$7a8b462cf3b84352962315dccb24590a91730eba\VX_pipe_buffer
Used module:         $paramod\VX_stream_buffer\DATAW=s32'00000000000000000000000100010001\OUT_REG=1'1
Used module:     $paramod$95804277075a74ad9b5f7ccad3f0593e8ae2d044\VX_stream_arb
Used module:         $paramod$343b171551ed5cba92900d3370dc082c22f73f47\VX_generic_arbiter
Used module:             \VX_priority_arbiter
Used module:     $paramod$f9d6a528e68300d0fd03e68084f80c1c3f5b8135\VX_elastic_buffer
Used module:         $paramod$ea6646827597355bc5995bae29fb274a7f754466\VX_pipe_buffer
Used module:         $paramod\VX_stream_buffer\DATAW=s32'00000000000000000000000000110010\OUT_REG=1'0
Used module:     \VX_lsu_agu
Used module:         $paramod\VX_csa_32\N=s32'00000000000000000000000000100000
Used module:             \FullAdder
Used module:     $paramod$5b857726fbeb5979e4ba053bbd3c66b0bf30bf3c\VX_elastic_buffer
Used module:     $paramod$8ee0bf26e92008bf7e999bf10c297d15b9ddd2f2\VX_stream_arb
Used module:         $paramod$f3aa6ae0270fef6812f3c5eff39e0374ab062889\VX_elastic_buffer
Used module:     $paramod$78fb96dd52e7defe737df25883351cf2247a26db\VX_serial_div
Used module:     \VX_elastic_adapter
Used module:     $paramod$94427155f1112184920d33d0b9cd41c1c6068a20\VX_shift_register
Used module:     $paramod$56aaa88be2c08e9bc896119e52ecd323dcad8f9b\VX_multiplier
Used module:         $paramod$b47bbb2604c59e6718082939cf268ef1139f1941\VX_pipe_register
Used module:     $paramod$ec469cbf2aa2fbc414254715ce7cabddd737ef3a\VX_pipe_register
Used module:     $paramod\VX_elastic_buffer\DATAW=s32'00000000000000000000000010010110
Used module:         $paramod$867d1f764aa3da698dc413872bfbc464cd1004b8\VX_pipe_buffer
Used module:             \VX_pipe_register
Parameter \DATAW = 115
Parameter \DEPTH = 0

2.45. Executing AST frontend in derive mode using pre-parsed AST for module `\VX_pipe_buffer'.
Parameter \DATAW = 115
Parameter \DEPTH = 0
Generating RTLIL representation for module `$paramod$cdb6ae5ed6570a8d17325668ea9fb61e5613e577\VX_pipe_buffer'.
Parameter \DATAW = 115
Parameter \OUT_REG = 1'1

2.46. Executing AST frontend in derive mode using pre-parsed AST for module `\VX_stream_buffer'.
Parameter \DATAW = 115
Parameter \OUT_REG = 1'1
Generating RTLIL representation for module `$paramod\VX_stream_buffer\DATAW=s32'00000000000000000000000001110011\OUT_REG=1'1'.
Parameter \NUM_REQS = 2
Parameter \STICKY = 0

2.47. Executing AST frontend in derive mode using pre-parsed AST for module `\VX_rr_arbiter'.
Parameter \NUM_REQS = 2
Parameter \STICKY = 0
Generating RTLIL representation for module `$paramod$1c0294520ddb5e7e24025009ccc13c5f66be71e9\VX_rr_arbiter'.
Parameter \NUM_REQS = 2
Parameter \STICKY = 0

2.48. Executing AST frontend in derive mode using pre-parsed AST for module `\VX_priority_arbiter'.
Parameter \NUM_REQS = 2
Parameter \STICKY = 0
Generating RTLIL representation for module `$paramod$1c0294520ddb5e7e24025009ccc13c5f66be71e9\VX_priority_arbiter'.
Parameter \DATAW = 115
Parameter \DEPTH = 0
Found cached RTLIL representation for module `$paramod$cdb6ae5ed6570a8d17325668ea9fb61e5613e577\VX_pipe_buffer'.
Parameter \DATAW = 115
Parameter \OUT_REG = 1'0

2.49. Executing AST frontend in derive mode using pre-parsed AST for module `\VX_stream_buffer'.
Parameter \DATAW = 115
Parameter \OUT_REG = 1'0
Generating RTLIL representation for module `$paramod\VX_stream_buffer\DATAW=s32'00000000000000000000000001110011\OUT_REG=1'0'.
Parameter \DATAW = 151
Parameter \RESETW = 1

2.50. Executing AST frontend in derive mode using pre-parsed AST for module `\VX_pipe_register'.
Parameter \DATAW = 151
Parameter \RESETW = 1
Generating RTLIL representation for module `$paramod$ff75061401984b42a0e1b0eb7a918d5cac4c9b71\VX_pipe_register'.
Reprocessing module $paramod$867d1f764aa3da698dc413872bfbc464cd1004b8\VX_pipe_buffer because instantiated module $paramod$ff75061401984b42a0e1b0eb7a918d5cac4c9b71\VX_pipe_register has become available.
Generating RTLIL representation for module `$paramod$867d1f764aa3da698dc413872bfbc464cd1004b8\VX_pipe_buffer'.

2.51. Analyzing design hierarchy..
Top module:  \exec_top
Used module:     $paramod$32673639bcacf5aa768d63ec93c8743feefef2c5\VX_elastic_buffer
Used module:         $paramod$876e9577846c138b1a8348fcdeb339ae1c8fcea9\VX_pipe_buffer
Used module:         $paramod\VX_stream_buffer\DATAW=s32'00000000000000000000000001110010\OUT_REG=1'1
Used module:     $paramod$7c2d5135374308001b920624dfb3bbfaf899d905\VX_elastic_buffer
Used module:         $paramod\VX_stream_buffer\DATAW=s32'00000000000000000000000001110010\OUT_REG=1'0
Used module:     $paramod$c35619fef1e45f5d06e334b8b47a2ee42a333cfc\VX_elastic_buffer
Used module:         $paramod$bf899257b1999733886fb15a8bea9332461a6807\VX_pipe_buffer
Used module:         $paramod\VX_stream_buffer\DATAW=s32'00000000000000000000000000110101\OUT_REG=1'0
Used module:     $paramod$e25dd882d7de3799ae77603144455ae069898a38\VX_pipe_register
Used module:     $paramod$ab8530e35468cd7866955cf0519cd7712815029e\VX_popcount
Used module:         \VX_popcount32
Used module:     $paramod$2308c01cf3ce848081258a0be906d01910d70c0d\VX_priority_encoder
Used module:     $paramod$095b22001ff659e817fe11e0b46d0dd0c8f5e776\VX_stream_arb
Used module:         $paramod$5259cdbf3256fdd1c71c79a820281dbb37ed2e2e\VX_elastic_buffer
Used module:             $paramod$cdb6ae5ed6570a8d17325668ea9fb61e5613e577\VX_pipe_buffer
Used module:             $paramod\VX_stream_buffer\DATAW=s32'00000000000000000000000001110011\OUT_REG=1'1
Used module:         $paramod$d3ce5d54105a40243a734c345183889b2b37efe0\VX_generic_arbiter
Used module:             $paramod$1c0294520ddb5e7e24025009ccc13c5f66be71e9\VX_rr_arbiter
Used module:                 \VX_onehot_encoder
Used module:     $paramod$0d6451efac0cc416bb8c9803dd3c6de0bccbcae8\VX_stream_switch
Used module:         $paramod$15495f65038885313b2f7b0b9309a91886f94149\VX_elastic_buffer
Used module:     $paramod$8a38720207d0445193c1d71af4d441efbc251691\VX_elastic_buffer
Used module:         $paramod$7a8b462cf3b84352962315dccb24590a91730eba\VX_pipe_buffer
Used module:         $paramod\VX_stream_buffer\DATAW=s32'00000000000000000000000100010001\OUT_REG=1'1
Used module:     $paramod$95804277075a74ad9b5f7ccad3f0593e8ae2d044\VX_stream_arb
Used module:         $paramod$343b171551ed5cba92900d3370dc082c22f73f47\VX_generic_arbiter
Used module:             $paramod$1c0294520ddb5e7e24025009ccc13c5f66be71e9\VX_priority_arbiter
Used module:                 \VX_priority_encoder
Used module:     $paramod$f9d6a528e68300d0fd03e68084f80c1c3f5b8135\VX_elastic_buffer
Used module:         $paramod$ea6646827597355bc5995bae29fb274a7f754466\VX_pipe_buffer
Used module:         $paramod\VX_stream_buffer\DATAW=s32'00000000000000000000000000110010\OUT_REG=1'0
Used module:     \VX_lsu_agu
Used module:         $paramod\VX_csa_32\N=s32'00000000000000000000000000100000
Used module:             \FullAdder
Used module:     $paramod$5b857726fbeb5979e4ba053bbd3c66b0bf30bf3c\VX_elastic_buffer
Used module:     $paramod$8ee0bf26e92008bf7e999bf10c297d15b9ddd2f2\VX_stream_arb
Used module:         $paramod$f3aa6ae0270fef6812f3c5eff39e0374ab062889\VX_elastic_buffer
Used module:             $paramod\VX_stream_buffer\DATAW=s32'00000000000000000000000001110011\OUT_REG=1'0
Used module:     $paramod$78fb96dd52e7defe737df25883351cf2247a26db\VX_serial_div
Used module:     \VX_elastic_adapter
Used module:     $paramod$94427155f1112184920d33d0b9cd41c1c6068a20\VX_shift_register
Used module:     $paramod$56aaa88be2c08e9bc896119e52ecd323dcad8f9b\VX_multiplier
Used module:         $paramod$b47bbb2604c59e6718082939cf268ef1139f1941\VX_pipe_register
Used module:     $paramod$ec469cbf2aa2fbc414254715ce7cabddd737ef3a\VX_pipe_register
Used module:     $paramod\VX_elastic_buffer\DATAW=s32'00000000000000000000000010010110
Used module:         $paramod$867d1f764aa3da698dc413872bfbc464cd1004b8\VX_pipe_buffer
Used module:             \VX_pipe_register
Parameter \DATAW = 151
Parameter \RESETW = 1
Found cached RTLIL representation for module `$paramod$ff75061401984b42a0e1b0eb7a918d5cac4c9b71\VX_pipe_register'.
Parameter \N = 2

2.52. Executing AST frontend in derive mode using pre-parsed AST for module `\VX_onehot_encoder'.
Parameter \N = 2
Generating RTLIL representation for module `$paramod\VX_onehot_encoder\N=s32'00000000000000000000000000000010'.
Parameter \N = 2

2.53. Executing AST frontend in derive mode using pre-parsed AST for module `\VX_priority_encoder'.
Parameter \N = 2
Generating RTLIL representation for module `$paramod\VX_priority_encoder\N=s32'00000000000000000000000000000010'.

2.54. Analyzing design hierarchy..
Top module:  \exec_top
Used module:     $paramod$32673639bcacf5aa768d63ec93c8743feefef2c5\VX_elastic_buffer
Used module:         $paramod$876e9577846c138b1a8348fcdeb339ae1c8fcea9\VX_pipe_buffer
Used module:         $paramod\VX_stream_buffer\DATAW=s32'00000000000000000000000001110010\OUT_REG=1'1
Used module:     $paramod$7c2d5135374308001b920624dfb3bbfaf899d905\VX_elastic_buffer
Used module:         $paramod\VX_stream_buffer\DATAW=s32'00000000000000000000000001110010\OUT_REG=1'0
Used module:     $paramod$c35619fef1e45f5d06e334b8b47a2ee42a333cfc\VX_elastic_buffer
Used module:         $paramod$bf899257b1999733886fb15a8bea9332461a6807\VX_pipe_buffer
Used module:         $paramod\VX_stream_buffer\DATAW=s32'00000000000000000000000000110101\OUT_REG=1'0
Used module:     $paramod$e25dd882d7de3799ae77603144455ae069898a38\VX_pipe_register
Used module:     $paramod$ab8530e35468cd7866955cf0519cd7712815029e\VX_popcount
Used module:         \VX_popcount32
Used module:     $paramod$2308c01cf3ce848081258a0be906d01910d70c0d\VX_priority_encoder
Used module:     $paramod$095b22001ff659e817fe11e0b46d0dd0c8f5e776\VX_stream_arb
Used module:         $paramod$5259cdbf3256fdd1c71c79a820281dbb37ed2e2e\VX_elastic_buffer
Used module:             $paramod$cdb6ae5ed6570a8d17325668ea9fb61e5613e577\VX_pipe_buffer
Used module:             $paramod\VX_stream_buffer\DATAW=s32'00000000000000000000000001110011\OUT_REG=1'1
Used module:         $paramod$d3ce5d54105a40243a734c345183889b2b37efe0\VX_generic_arbiter
Used module:             $paramod$1c0294520ddb5e7e24025009ccc13c5f66be71e9\VX_rr_arbiter
Used module:                 $paramod\VX_onehot_encoder\N=s32'00000000000000000000000000000010
Used module:     $paramod$0d6451efac0cc416bb8c9803dd3c6de0bccbcae8\VX_stream_switch
Used module:         $paramod$15495f65038885313b2f7b0b9309a91886f94149\VX_elastic_buffer
Used module:     $paramod$8a38720207d0445193c1d71af4d441efbc251691\VX_elastic_buffer
Used module:         $paramod$7a8b462cf3b84352962315dccb24590a91730eba\VX_pipe_buffer
Used module:         $paramod\VX_stream_buffer\DATAW=s32'00000000000000000000000100010001\OUT_REG=1'1
Used module:     $paramod$95804277075a74ad9b5f7ccad3f0593e8ae2d044\VX_stream_arb
Used module:         $paramod$343b171551ed5cba92900d3370dc082c22f73f47\VX_generic_arbiter
Used module:             $paramod$1c0294520ddb5e7e24025009ccc13c5f66be71e9\VX_priority_arbiter
Used module:                 $paramod\VX_priority_encoder\N=s32'00000000000000000000000000000010
Used module:     $paramod$f9d6a528e68300d0fd03e68084f80c1c3f5b8135\VX_elastic_buffer
Used module:         $paramod$ea6646827597355bc5995bae29fb274a7f754466\VX_pipe_buffer
Used module:         $paramod\VX_stream_buffer\DATAW=s32'00000000000000000000000000110010\OUT_REG=1'0
Used module:     \VX_lsu_agu
Used module:         $paramod\VX_csa_32\N=s32'00000000000000000000000000100000
Used module:             \FullAdder
Used module:     $paramod$5b857726fbeb5979e4ba053bbd3c66b0bf30bf3c\VX_elastic_buffer
Used module:     $paramod$8ee0bf26e92008bf7e999bf10c297d15b9ddd2f2\VX_stream_arb
Used module:         $paramod$f3aa6ae0270fef6812f3c5eff39e0374ab062889\VX_elastic_buffer
Used module:             $paramod\VX_stream_buffer\DATAW=s32'00000000000000000000000001110011\OUT_REG=1'0
Used module:     $paramod$78fb96dd52e7defe737df25883351cf2247a26db\VX_serial_div
Used module:     \VX_elastic_adapter
Used module:     $paramod$94427155f1112184920d33d0b9cd41c1c6068a20\VX_shift_register
Used module:     $paramod$56aaa88be2c08e9bc896119e52ecd323dcad8f9b\VX_multiplier
Used module:         $paramod$b47bbb2604c59e6718082939cf268ef1139f1941\VX_pipe_register
Used module:     $paramod$ec469cbf2aa2fbc414254715ce7cabddd737ef3a\VX_pipe_register
Used module:     $paramod\VX_elastic_buffer\DATAW=s32'00000000000000000000000010010110
Used module:         $paramod$867d1f764aa3da698dc413872bfbc464cd1004b8\VX_pipe_buffer
Used module:             $paramod$ff75061401984b42a0e1b0eb7a918d5cac4c9b71\VX_pipe_register

2.55. Analyzing design hierarchy..
Top module:  \exec_top
Used module:     $paramod$32673639bcacf5aa768d63ec93c8743feefef2c5\VX_elastic_buffer
Used module:         $paramod$876e9577846c138b1a8348fcdeb339ae1c8fcea9\VX_pipe_buffer
Used module:         $paramod\VX_stream_buffer\DATAW=s32'00000000000000000000000001110010\OUT_REG=1'1
Used module:     $paramod$7c2d5135374308001b920624dfb3bbfaf899d905\VX_elastic_buffer
Used module:         $paramod\VX_stream_buffer\DATAW=s32'00000000000000000000000001110010\OUT_REG=1'0
Used module:     $paramod$c35619fef1e45f5d06e334b8b47a2ee42a333cfc\VX_elastic_buffer
Used module:         $paramod$bf899257b1999733886fb15a8bea9332461a6807\VX_pipe_buffer
Used module:         $paramod\VX_stream_buffer\DATAW=s32'00000000000000000000000000110101\OUT_REG=1'0
Used module:     $paramod$e25dd882d7de3799ae77603144455ae069898a38\VX_pipe_register
Used module:     $paramod$ab8530e35468cd7866955cf0519cd7712815029e\VX_popcount
Used module:         \VX_popcount32
Used module:     $paramod$2308c01cf3ce848081258a0be906d01910d70c0d\VX_priority_encoder
Used module:     $paramod$095b22001ff659e817fe11e0b46d0dd0c8f5e776\VX_stream_arb
Used module:         $paramod$5259cdbf3256fdd1c71c79a820281dbb37ed2e2e\VX_elastic_buffer
Used module:             $paramod$cdb6ae5ed6570a8d17325668ea9fb61e5613e577\VX_pipe_buffer
Used module:             $paramod\VX_stream_buffer\DATAW=s32'00000000000000000000000001110011\OUT_REG=1'1
Used module:         $paramod$d3ce5d54105a40243a734c345183889b2b37efe0\VX_generic_arbiter
Used module:             $paramod$1c0294520ddb5e7e24025009ccc13c5f66be71e9\VX_rr_arbiter
Used module:                 $paramod\VX_onehot_encoder\N=s32'00000000000000000000000000000010
Used module:     $paramod$0d6451efac0cc416bb8c9803dd3c6de0bccbcae8\VX_stream_switch
Used module:         $paramod$15495f65038885313b2f7b0b9309a91886f94149\VX_elastic_buffer
Used module:     $paramod$8a38720207d0445193c1d71af4d441efbc251691\VX_elastic_buffer
Used module:         $paramod$7a8b462cf3b84352962315dccb24590a91730eba\VX_pipe_buffer
Used module:         $paramod\VX_stream_buffer\DATAW=s32'00000000000000000000000100010001\OUT_REG=1'1
Used module:     $paramod$95804277075a74ad9b5f7ccad3f0593e8ae2d044\VX_stream_arb
Used module:         $paramod$343b171551ed5cba92900d3370dc082c22f73f47\VX_generic_arbiter
Used module:             $paramod$1c0294520ddb5e7e24025009ccc13c5f66be71e9\VX_priority_arbiter
Used module:                 $paramod\VX_priority_encoder\N=s32'00000000000000000000000000000010
Used module:     $paramod$f9d6a528e68300d0fd03e68084f80c1c3f5b8135\VX_elastic_buffer
Used module:         $paramod$ea6646827597355bc5995bae29fb274a7f754466\VX_pipe_buffer
Used module:         $paramod\VX_stream_buffer\DATAW=s32'00000000000000000000000000110010\OUT_REG=1'0
Used module:     \VX_lsu_agu
Used module:         $paramod\VX_csa_32\N=s32'00000000000000000000000000100000
Used module:             \FullAdder
Used module:     $paramod$5b857726fbeb5979e4ba053bbd3c66b0bf30bf3c\VX_elastic_buffer
Used module:     $paramod$8ee0bf26e92008bf7e999bf10c297d15b9ddd2f2\VX_stream_arb
Used module:         $paramod$f3aa6ae0270fef6812f3c5eff39e0374ab062889\VX_elastic_buffer
Used module:             $paramod\VX_stream_buffer\DATAW=s32'00000000000000000000000001110011\OUT_REG=1'0
Used module:     $paramod$78fb96dd52e7defe737df25883351cf2247a26db\VX_serial_div
Used module:     \VX_elastic_adapter
Used module:     $paramod$94427155f1112184920d33d0b9cd41c1c6068a20\VX_shift_register
Used module:     $paramod$56aaa88be2c08e9bc896119e52ecd323dcad8f9b\VX_multiplier
Used module:         $paramod$b47bbb2604c59e6718082939cf268ef1139f1941\VX_pipe_register
Used module:     $paramod$ec469cbf2aa2fbc414254715ce7cabddd737ef3a\VX_pipe_register
Used module:     $paramod\VX_elastic_buffer\DATAW=s32'00000000000000000000000010010110
Used module:         $paramod$867d1f764aa3da698dc413872bfbc464cd1004b8\VX_pipe_buffer
Used module:             $paramod$ff75061401984b42a0e1b0eb7a918d5cac4c9b71\VX_pipe_register
Removing unused module `$paramod$f2fa2577fb7cda08d3da00a6a4af6ab48c916514\VX_pipe_buffer'.
Removing unused module `$paramod$3f7ca2b299fc72a63d691e203509efd714dbc206\VX_elastic_buffer'.
Removing unused module `$paramod$8ca84582c5a32a6fa9559863eb329403886fb7ad\VX_elastic_buffer'.
Removing unused module `$paramod$d3e6fff03e5709b00d81197dfed8ddebe39d0e5f\VX_pipe_register'.
Removing unused module `\VX_pipe_buffer'.
Removing unused module `$paramod$e98e2beae90ce59d348de541cf1045df4833522d\VX_priority_arbiter'.
Removing unused module `\VX_toggle_buffer'.
Removing unused module `\VX_stream_switch'.
Removing unused module `\VX_stream_buffer'.
Removing unused module `\VX_stream_arb'.
Removing unused module `\VX_skid_buffer'.
Removing unused module `\VX_shift_register'.
Removing unused module `\VX_serial_div'.
Removing unused module `\VX_scan'.
Removing unused module `\VX_rr_arbiter'.
Removing unused module `\VX_reduce_tree'.
Removing unused module `\VX_priority_encoder'.
Removing unused module `\VX_priority_arbiter'.
Removing unused module `\VX_popcount'.
Removing unused module `\VX_sum33'.
Removing unused module `\VX_popcount63'.
Removing unused module `\VX_pipe_register'.
Removing unused module `$paramod$c37e50ae6f885984ed79c7e35d2733a36d44b999\VX_pipe_register'.
Removing unused module `\VX_pending_size'.
Removing unused module `\VX_onehot_encoder'.
Removing unused module `\VX_multiplier'.
Removing unused module `\VX_mm_axi_slice'.
Removing unused module `\VX_mm_axi_arb'.
Removing unused module `\VX_matrix_arbiter'.
Removing unused module `\VX_lzc'.
Removing unused module `\VX_gto_arbiter'.
Removing unused module `\VX_generic_arbiter'.
Removing unused module `\VX_find_first'.
Removing unused module `\VX_fifo_queue'.
Removing unused module `\VX_elastic_buffer'.
Removing unused module `\VX_dp_ram'.
Removing unused module `\VX_demux'.
Removing unused module `\VX_cyclic_arbiter'.
Removing unused module `\VX_csa_32'.
Removed 39 unused modules.

3. Executing SYNTH pass.

3.1. Executing HIERARCHY pass (managing design hierarchy).

3.1.1. Analyzing design hierarchy..
Top module:  \exec_top
Used module:     $paramod$32673639bcacf5aa768d63ec93c8743feefef2c5\VX_elastic_buffer
Used module:         $paramod$876e9577846c138b1a8348fcdeb339ae1c8fcea9\VX_pipe_buffer
Used module:         $paramod\VX_stream_buffer\DATAW=s32'00000000000000000000000001110010\OUT_REG=1'1
Used module:     $paramod$7c2d5135374308001b920624dfb3bbfaf899d905\VX_elastic_buffer
Used module:         $paramod\VX_stream_buffer\DATAW=s32'00000000000000000000000001110010\OUT_REG=1'0
Used module:     $paramod$c35619fef1e45f5d06e334b8b47a2ee42a333cfc\VX_elastic_buffer
Used module:         $paramod$bf899257b1999733886fb15a8bea9332461a6807\VX_pipe_buffer
Used module:         $paramod\VX_stream_buffer\DATAW=s32'00000000000000000000000000110101\OUT_REG=1'0
Used module:     $paramod$e25dd882d7de3799ae77603144455ae069898a38\VX_pipe_register
Used module:     $paramod$ab8530e35468cd7866955cf0519cd7712815029e\VX_popcount
Used module:         \VX_popcount32
Used module:     $paramod$2308c01cf3ce848081258a0be906d01910d70c0d\VX_priority_encoder
Used module:     $paramod$095b22001ff659e817fe11e0b46d0dd0c8f5e776\VX_stream_arb
Used module:         $paramod$5259cdbf3256fdd1c71c79a820281dbb37ed2e2e\VX_elastic_buffer
Used module:             $paramod$cdb6ae5ed6570a8d17325668ea9fb61e5613e577\VX_pipe_buffer
Used module:             $paramod\VX_stream_buffer\DATAW=s32'00000000000000000000000001110011\OUT_REG=1'1
Used module:         $paramod$d3ce5d54105a40243a734c345183889b2b37efe0\VX_generic_arbiter
Used module:             $paramod$1c0294520ddb5e7e24025009ccc13c5f66be71e9\VX_rr_arbiter
Used module:                 $paramod\VX_onehot_encoder\N=s32'00000000000000000000000000000010
Used module:     $paramod$0d6451efac0cc416bb8c9803dd3c6de0bccbcae8\VX_stream_switch
Used module:         $paramod$15495f65038885313b2f7b0b9309a91886f94149\VX_elastic_buffer
Used module:     $paramod$8a38720207d0445193c1d71af4d441efbc251691\VX_elastic_buffer
Used module:         $paramod$7a8b462cf3b84352962315dccb24590a91730eba\VX_pipe_buffer
Used module:         $paramod\VX_stream_buffer\DATAW=s32'00000000000000000000000100010001\OUT_REG=1'1
Used module:     $paramod$95804277075a74ad9b5f7ccad3f0593e8ae2d044\VX_stream_arb
Used module:         $paramod$343b171551ed5cba92900d3370dc082c22f73f47\VX_generic_arbiter
Used module:             $paramod$1c0294520ddb5e7e24025009ccc13c5f66be71e9\VX_priority_arbiter
Used module:                 $paramod\VX_priority_encoder\N=s32'00000000000000000000000000000010
Used module:     $paramod$f9d6a528e68300d0fd03e68084f80c1c3f5b8135\VX_elastic_buffer
Used module:         $paramod$ea6646827597355bc5995bae29fb274a7f754466\VX_pipe_buffer
Used module:         $paramod\VX_stream_buffer\DATAW=s32'00000000000000000000000000110010\OUT_REG=1'0
Used module:     \VX_lsu_agu
Used module:         $paramod\VX_csa_32\N=s32'00000000000000000000000000100000
Used module:             \FullAdder
Used module:     $paramod$5b857726fbeb5979e4ba053bbd3c66b0bf30bf3c\VX_elastic_buffer
Used module:     $paramod$8ee0bf26e92008bf7e999bf10c297d15b9ddd2f2\VX_stream_arb
Used module:         $paramod$f3aa6ae0270fef6812f3c5eff39e0374ab062889\VX_elastic_buffer
Used module:             $paramod\VX_stream_buffer\DATAW=s32'00000000000000000000000001110011\OUT_REG=1'0
Used module:     $paramod$78fb96dd52e7defe737df25883351cf2247a26db\VX_serial_div
Used module:     \VX_elastic_adapter
Used module:     $paramod$94427155f1112184920d33d0b9cd41c1c6068a20\VX_shift_register
Used module:     $paramod$56aaa88be2c08e9bc896119e52ecd323dcad8f9b\VX_multiplier
Used module:         $paramod$b47bbb2604c59e6718082939cf268ef1139f1941\VX_pipe_register
Used module:     $paramod$ec469cbf2aa2fbc414254715ce7cabddd737ef3a\VX_pipe_register
Used module:     $paramod\VX_elastic_buffer\DATAW=s32'00000000000000000000000010010110
Used module:         $paramod$867d1f764aa3da698dc413872bfbc464cd1004b8\VX_pipe_buffer
Used module:             $paramod$ff75061401984b42a0e1b0eb7a918d5cac4c9b71\VX_pipe_register

3.1.2. Analyzing design hierarchy..
Top module:  \exec_top
Used module:     $paramod$32673639bcacf5aa768d63ec93c8743feefef2c5\VX_elastic_buffer
Used module:         $paramod$876e9577846c138b1a8348fcdeb339ae1c8fcea9\VX_pipe_buffer
Used module:         $paramod\VX_stream_buffer\DATAW=s32'00000000000000000000000001110010\OUT_REG=1'1
Used module:     $paramod$7c2d5135374308001b920624dfb3bbfaf899d905\VX_elastic_buffer
Used module:         $paramod\VX_stream_buffer\DATAW=s32'00000000000000000000000001110010\OUT_REG=1'0
Used module:     $paramod$c35619fef1e45f5d06e334b8b47a2ee42a333cfc\VX_elastic_buffer
Used module:         $paramod$bf899257b1999733886fb15a8bea9332461a6807\VX_pipe_buffer
Used module:         $paramod\VX_stream_buffer\DATAW=s32'00000000000000000000000000110101\OUT_REG=1'0
Used module:     $paramod$e25dd882d7de3799ae77603144455ae069898a38\VX_pipe_register
Used module:     $paramod$ab8530e35468cd7866955cf0519cd7712815029e\VX_popcount
Used module:         \VX_popcount32
Used module:     $paramod$2308c01cf3ce848081258a0be906d01910d70c0d\VX_priority_encoder
Used module:     $paramod$095b22001ff659e817fe11e0b46d0dd0c8f5e776\VX_stream_arb
Used module:         $paramod$5259cdbf3256fdd1c71c79a820281dbb37ed2e2e\VX_elastic_buffer
Used module:             $paramod$cdb6ae5ed6570a8d17325668ea9fb61e5613e577\VX_pipe_buffer
Used module:             $paramod\VX_stream_buffer\DATAW=s32'00000000000000000000000001110011\OUT_REG=1'1
Used module:         $paramod$d3ce5d54105a40243a734c345183889b2b37efe0\VX_generic_arbiter
Used module:             $paramod$1c0294520ddb5e7e24025009ccc13c5f66be71e9\VX_rr_arbiter
Used module:                 $paramod\VX_onehot_encoder\N=s32'00000000000000000000000000000010
Used module:     $paramod$0d6451efac0cc416bb8c9803dd3c6de0bccbcae8\VX_stream_switch
Used module:         $paramod$15495f65038885313b2f7b0b9309a91886f94149\VX_elastic_buffer
Used module:     $paramod$8a38720207d0445193c1d71af4d441efbc251691\VX_elastic_buffer
Used module:         $paramod$7a8b462cf3b84352962315dccb24590a91730eba\VX_pipe_buffer
Used module:         $paramod\VX_stream_buffer\DATAW=s32'00000000000000000000000100010001\OUT_REG=1'1
Used module:     $paramod$95804277075a74ad9b5f7ccad3f0593e8ae2d044\VX_stream_arb
Used module:         $paramod$343b171551ed5cba92900d3370dc082c22f73f47\VX_generic_arbiter
Used module:             $paramod$1c0294520ddb5e7e24025009ccc13c5f66be71e9\VX_priority_arbiter
Used module:                 $paramod\VX_priority_encoder\N=s32'00000000000000000000000000000010
Used module:     $paramod$f9d6a528e68300d0fd03e68084f80c1c3f5b8135\VX_elastic_buffer
Used module:         $paramod$ea6646827597355bc5995bae29fb274a7f754466\VX_pipe_buffer
Used module:         $paramod\VX_stream_buffer\DATAW=s32'00000000000000000000000000110010\OUT_REG=1'0
Used module:     \VX_lsu_agu
Used module:         $paramod\VX_csa_32\N=s32'00000000000000000000000000100000
Used module:             \FullAdder
Used module:     $paramod$5b857726fbeb5979e4ba053bbd3c66b0bf30bf3c\VX_elastic_buffer
Used module:     $paramod$8ee0bf26e92008bf7e999bf10c297d15b9ddd2f2\VX_stream_arb
Used module:         $paramod$f3aa6ae0270fef6812f3c5eff39e0374ab062889\VX_elastic_buffer
Used module:             $paramod\VX_stream_buffer\DATAW=s32'00000000000000000000000001110011\OUT_REG=1'0
Used module:     $paramod$78fb96dd52e7defe737df25883351cf2247a26db\VX_serial_div
Used module:     \VX_elastic_adapter
Used module:     $paramod$94427155f1112184920d33d0b9cd41c1c6068a20\VX_shift_register
Used module:     $paramod$56aaa88be2c08e9bc896119e52ecd323dcad8f9b\VX_multiplier
Used module:         $paramod$b47bbb2604c59e6718082939cf268ef1139f1941\VX_pipe_register
Used module:     $paramod$ec469cbf2aa2fbc414254715ce7cabddd737ef3a\VX_pipe_register
Used module:     $paramod\VX_elastic_buffer\DATAW=s32'00000000000000000000000010010110
Used module:         $paramod$867d1f764aa3da698dc413872bfbc464cd1004b8\VX_pipe_buffer
Used module:             $paramod$ff75061401984b42a0e1b0eb7a918d5cac4c9b71\VX_pipe_register
Removed 0 unused modules.

3.2. Executing PROC pass (convert processes to netlists).

3.2.1. Executing PROC_CLEAN pass (remove empty switches from decision trees).
Found and cleaned up 2 empty switches in `\exec_top.$proc$/usr/local/src/mylex/nulex/mapper/exec/work/exec.v:7246$1492'.
Removing empty process `exec_top.$proc$/usr/local/src/mylex/nulex/mapper/exec/work/exec.v:7246$1492'.
Cleaned up 2 empty switches.

3.2.2. Executing PROC_RMDEAD pass (remove dead branches from decision trees).
Marked 1 switch rules as full_case in process $proc$/usr/local/src/mylex/nulex/mapper/exec/work/exec.v:4304$1879 in module $paramod\VX_stream_buffer\DATAW=s32'00000000000000000000000001110011\OUT_REG=1'0.
Marked 1 switch rules as full_case in process $proc$/usr/local/src/mylex/nulex/mapper/exec/work/exec.v:4299$1877 in module $paramod\VX_stream_buffer\DATAW=s32'00000000000000000000000001110011\OUT_REG=1'0.
Marked 1 switch rules as full_case in process $proc$/usr/local/src/mylex/nulex/mapper/exec/work/exec.v:2954$1868 in module $paramod$1c0294520ddb5e7e24025009ccc13c5f66be71e9\VX_priority_arbiter.
Marked 2 switch rules as full_case in process $proc$/usr/local/src/mylex/nulex/mapper/exec/work/exec.v:3543$1864 in module $paramod$1c0294520ddb5e7e24025009ccc13c5f66be71e9\VX_rr_arbiter.
Marked 1 switch rules as full_case in process $proc$/usr/local/src/mylex/nulex/mapper/exec/work/exec.v:3534$1857 in module $paramod$1c0294520ddb5e7e24025009ccc13c5f66be71e9\VX_rr_arbiter.
Marked 1 switch rules as full_case in process $proc$/usr/local/src/mylex/nulex/mapper/exec/work/exec.v:7480$1638 in module exec_top.
Marked 1 switch rules as full_case in process $proc$/usr/local/src/mylex/nulex/mapper/exec/work/exec.v:7384$1634 in module exec_top.
Marked 1 switch rules as full_case in process $proc$/usr/local/src/mylex/nulex/mapper/exec/work/exec.v:7367$1625 in module exec_top.
Marked 3 switch rules as full_case in process $proc$/usr/local/src/mylex/nulex/mapper/exec/work/exec.v:7264$1493 in module exec_top.
Marked 3 switch rules as full_case in process $proc$/usr/local/src/mylex/nulex/mapper/exec/work/exec.v:7185$1468 in module exec_top.
Marked 1 switch rules as full_case in process $proc$/usr/local/src/mylex/nulex/mapper/exec/work/exec.v:6847$1360 in module exec_top.
Marked 1 switch rules as full_case in process $proc$/usr/local/src/mylex/nulex/mapper/exec/work/exec.v:6563$1267 in module exec_top.
Marked 1 switch rules as full_case in process $proc$/usr/local/src/mylex/nulex/mapper/exec/work/exec.v:6441$1243 in module exec_top.
Marked 1 switch rules as full_case in process $proc$/usr/local/src/mylex/nulex/mapper/exec/work/exec.v:6441$1218 in module exec_top.
Marked 1 switch rules as full_case in process $proc$/usr/local/src/mylex/nulex/mapper/exec/work/exec.v:6388$1215 in module exec_top.
Marked 1 switch rules as full_case in process $proc$/usr/local/src/mylex/nulex/mapper/exec/work/exec.v:6388$1214 in module exec_top.
Marked 1 switch rules as full_case in process $proc$/usr/local/src/mylex/nulex/mapper/exec/work/exec.v:6367$1182 in module exec_top.
Marked 1 switch rules as full_case in process $proc$/usr/local/src/mylex/nulex/mapper/exec/work/exec.v:6367$1152 in module exec_top.
Marked 1 switch rules as full_case in process $proc$/usr/local/src/mylex/nulex/mapper/exec/work/exec.v:6336$1120 in module exec_top.
Marked 1 switch rules as full_case in process $proc$/usr/local/src/mylex/nulex/mapper/exec/work/exec.v:5952$992 in module exec_top.
Marked 1 switch rules as full_case in process $proc$/usr/local/src/mylex/nulex/mapper/exec/work/exec.v:5646$884 in module exec_top.
Removed 1 dead cases from process $proc$/usr/local/src/mylex/nulex/mapper/exec/work/exec.v:5584$873 in module exec_top.
Marked 3 switch rules as full_case in process $proc$/usr/local/src/mylex/nulex/mapper/exec/work/exec.v:5584$873 in module exec_top.
Removed 1 dead cases from process $proc$/usr/local/src/mylex/nulex/mapper/exec/work/exec.v:5584$861 in module exec_top.
Marked 3 switch rules as full_case in process $proc$/usr/local/src/mylex/nulex/mapper/exec/work/exec.v:5584$861 in module exec_top.
Removed 1 dead cases from process $proc$/usr/local/src/mylex/nulex/mapper/exec/work/exec.v:5558$840 in module exec_top.
Marked 5 switch rules as full_case in process $proc$/usr/local/src/mylex/nulex/mapper/exec/work/exec.v:5558$840 in module exec_top.
Removed 1 dead cases from process $proc$/usr/local/src/mylex/nulex/mapper/exec/work/exec.v:5558$819 in module exec_top.
Marked 5 switch rules as full_case in process $proc$/usr/local/src/mylex/nulex/mapper/exec/work/exec.v:5558$819 in module exec_top.
Removed 1 dead cases from process $proc$/usr/local/src/mylex/nulex/mapper/exec/work/exec.v:5519$744 in module exec_top.
Marked 1 switch rules as full_case in process $proc$/usr/local/src/mylex/nulex/mapper/exec/work/exec.v:5519$744 in module exec_top.
Removed 1 dead cases from process $proc$/usr/local/src/mylex/nulex/mapper/exec/work/exec.v:5519$727 in module exec_top.
Marked 1 switch rules as full_case in process $proc$/usr/local/src/mylex/nulex/mapper/exec/work/exec.v:5519$727 in module exec_top.
Removed 1 dead cases from process $proc$/usr/local/src/mylex/nulex/mapper/exec/work/exec.v:5486$705 in module exec_top.
Marked 1 switch rules as full_case in process $proc$/usr/local/src/mylex/nulex/mapper/exec/work/exec.v:5486$705 in module exec_top.
Removed 1 dead cases from process $proc$/usr/local/src/mylex/nulex/mapper/exec/work/exec.v:5486$694 in module exec_top.
Marked 1 switch rules as full_case in process $proc$/usr/local/src/mylex/nulex/mapper/exec/work/exec.v:5486$694 in module exec_top.
Marked 1 switch rules as full_case in process $proc$/usr/local/src/mylex/nulex/mapper/exec/work/exec.v:5474$675 in module exec_top.
Marked 1 switch rules as full_case in process $proc$/usr/local/src/mylex/nulex/mapper/exec/work/exec.v:5474$655 in module exec_top.
Marked 1 switch rules as full_case in process $proc$/usr/local/src/mylex/nulex/mapper/exec/work/exec.v:5269$576 in module exec_top.
Marked 1 switch rules as full_case in process $proc$/usr/local/src/mylex/nulex/mapper/exec/work/exec.v:4304$1842 in module $paramod\VX_stream_buffer\DATAW=s32'00000000000000000000000001110011\OUT_REG=1'1.
Marked 1 switch rules as full_case in process $proc$/usr/local/src/mylex/nulex/mapper/exec/work/exec.v:4299$1840 in module $paramod\VX_stream_buffer\DATAW=s32'00000000000000000000000001110011\OUT_REG=1'1.
Marked 1 switch rules as full_case in process $proc$/usr/local/src/mylex/nulex/mapper/exec/work/exec.v:2560$1832 in module $paramod$b47bbb2604c59e6718082939cf268ef1139f1941\VX_pipe_register.
Marked 1 switch rules as full_case in process $proc$/usr/local/src/mylex/nulex/mapper/exec/work/exec.v:4304$1826 in module $paramod\VX_stream_buffer\DATAW=s32'00000000000000000000000000110010\OUT_REG=1'0.
Marked 1 switch rules as full_case in process $proc$/usr/local/src/mylex/nulex/mapper/exec/work/exec.v:4299$1824 in module $paramod\VX_stream_buffer\DATAW=s32'00000000000000000000000000110010\OUT_REG=1'0.
Marked 1 switch rules as full_case in process $proc$/usr/local/src/mylex/nulex/mapper/exec/work/exec.v:4304$1815 in module $paramod\VX_stream_buffer\DATAW=s32'00000000000000000000000100010001\OUT_REG=1'1.
Marked 1 switch rules as full_case in process $proc$/usr/local/src/mylex/nulex/mapper/exec/work/exec.v:4299$1813 in module $paramod\VX_stream_buffer\DATAW=s32'00000000000000000000000100010001\OUT_REG=1'1.
Marked 1 switch rules as full_case in process $proc$/usr/local/src/mylex/nulex/mapper/exec/work/exec.v:4304$1804 in module $paramod\VX_stream_buffer\DATAW=s32'00000000000000000000000000110101\OUT_REG=1'0.
Marked 1 switch rules as full_case in process $proc$/usr/local/src/mylex/nulex/mapper/exec/work/exec.v:4299$1802 in module $paramod\VX_stream_buffer\DATAW=s32'00000000000000000000000000110101\OUT_REG=1'0.
Marked 1 switch rules as full_case in process $proc$/usr/local/src/mylex/nulex/mapper/exec/work/exec.v:4304$1793 in module $paramod\VX_stream_buffer\DATAW=s32'00000000000000000000000001110010\OUT_REG=1'0.
Marked 1 switch rules as full_case in process $proc$/usr/local/src/mylex/nulex/mapper/exec/work/exec.v:4299$1791 in module $paramod\VX_stream_buffer\DATAW=s32'00000000000000000000000001110010\OUT_REG=1'0.
Removed 1 dead cases from process $proc$/usr/local/src/mylex/nulex/mapper/exec/work/exec.v:2657$191 in module VX_popcount32.
Marked 1 switch rules as full_case in process $proc$/usr/local/src/mylex/nulex/mapper/exec/work/exec.v:2657$191 in module VX_popcount32.
Marked 1 switch rules as full_case in process $proc$/usr/local/src/mylex/nulex/mapper/exec/work/exec.v:4304$1782 in module $paramod\VX_stream_buffer\DATAW=s32'00000000000000000000000001110010\OUT_REG=1'1.
Marked 1 switch rules as full_case in process $proc$/usr/local/src/mylex/nulex/mapper/exec/work/exec.v:4299$1780 in module $paramod\VX_stream_buffer\DATAW=s32'00000000000000000000000001110010\OUT_REG=1'1.
Marked 1 switch rules as full_case in process $proc$/usr/local/src/mylex/nulex/mapper/exec/work/exec.v:2549$1886 in module $paramod$ff75061401984b42a0e1b0eb7a918d5cac4c9b71\VX_pipe_register.
Marked 2 switch rules as full_case in process $proc$/usr/local/src/mylex/nulex/mapper/exec/work/exec.v:2535$1885 in module $paramod$ff75061401984b42a0e1b0eb7a918d5cac4c9b71\VX_pipe_register.
Marked 1 switch rules as full_case in process $proc$/usr/local/src/mylex/nulex/mapper/exec/work/exec.v:2549$1769 in module $paramod$ec469cbf2aa2fbc414254715ce7cabddd737ef3a\VX_pipe_register.
Marked 2 switch rules as full_case in process $proc$/usr/local/src/mylex/nulex/mapper/exec/work/exec.v:2535$1768 in module $paramod$ec469cbf2aa2fbc414254715ce7cabddd737ef3a\VX_pipe_register.
Marked 1 switch rules as full_case in process $proc$/usr/local/src/mylex/nulex/mapper/exec/work/exec.v:3815$1760 in module $paramod$94427155f1112184920d33d0b9cd41c1c6068a20\VX_shift_register.
Marked 2 switch rules as full_case in process $proc$/usr/local/src/mylex/nulex/mapper/exec/work/exec.v:3801$1759 in module $paramod$94427155f1112184920d33d0b9cd41c1c6068a20\VX_shift_register.
Marked 1 switch rules as full_case in process $proc$/usr/local/src/mylex/nulex/mapper/exec/work/exec.v:3739$1744 in module $paramod$78fb96dd52e7defe737df25883351cf2247a26db\VX_serial_div.
Marked 1 switch rules as full_case in process $proc$/usr/local/src/mylex/nulex/mapper/exec/work/exec.v:3739$1737 in module $paramod$78fb96dd52e7defe737df25883351cf2247a26db\VX_serial_div.
Marked 1 switch rules as full_case in process $proc$/usr/local/src/mylex/nulex/mapper/exec/work/exec.v:3722$1719 in module $paramod$78fb96dd52e7defe737df25883351cf2247a26db\VX_serial_div.
Marked 1 switch rules as full_case in process $proc$/usr/local/src/mylex/nulex/mapper/exec/work/exec.v:767$91 in module VX_elastic_adapter.
Marked 1 switch rules as full_case in process $proc$/usr/local/src/mylex/nulex/mapper/exec/work/exec.v:2549$1681 in module $paramod$e25dd882d7de3799ae77603144455ae069898a38\VX_pipe_register.
Marked 2 switch rules as full_case in process $proc$/usr/local/src/mylex/nulex/mapper/exec/work/exec.v:2535$1680 in module $paramod$e25dd882d7de3799ae77603144455ae069898a38\VX_pipe_register.
Removed a total of 9 dead cases.

3.2.3. Executing PROC_PRUNE pass (remove redundant assignments in processes).
Removed 0 redundant assignments.
Promoted 389 assignments to connections.

3.2.4. Executing PROC_INIT pass (extract init attributes).

3.2.5. Executing PROC_ARST pass (detect async resets in processes).

3.2.6. Executing PROC_ROM pass (convert switches to ROMs).
Converted 1 switch.
<suppressed ~121 debug messages>

3.2.7. Executing PROC_MUX pass (convert decision trees to multiplexers).
Creating decoders for process `$paramod\VX_csa_32\N=s32'00000000000000000000000000100000.$proc$/usr/local/src/mylex/nulex/mapper/exec/work/exec.v:50$1676'.
Creating decoders for process `$paramod\VX_csa_32\N=s32'00000000000000000000000000100000.$proc$/usr/local/src/mylex/nulex/mapper/exec/work/exec.v:49$1672'.
Creating decoders for process `$paramod$867d1f764aa3da698dc413872bfbc464cd1004b8\VX_pipe_buffer.$proc$/usr/local/src/mylex/nulex/mapper/exec/work/exec.v:2495$1893'.
Creating decoders for process `$paramod$867d1f764aa3da698dc413872bfbc464cd1004b8\VX_pipe_buffer.$proc$/usr/local/src/mylex/nulex/mapper/exec/work/exec.v:2481$1890'.
Creating decoders for process `$paramod\VX_stream_buffer\DATAW=s32'00000000000000000000000001110011\OUT_REG=1'0.$proc$/usr/local/src/mylex/nulex/mapper/exec/work/exec.v:4322$1883'.
     1/1: $0\g_buffer.buffer_r[114:0]
Creating decoders for process `$paramod\VX_stream_buffer\DATAW=s32'00000000000000000000000001110011\OUT_REG=1'0.$proc$/usr/local/src/mylex/nulex/mapper/exec/work/exec.v:4319$1882'.
     1/1: $0\g_buffer.data_out_r[114:0]
Creating decoders for process `$paramod\VX_stream_buffer\DATAW=s32'00000000000000000000000001110011\OUT_REG=1'0.$proc$/usr/local/src/mylex/nulex/mapper/exec/work/exec.v:4304$1879'.
     1/1: $0\g_buffer.valid_out_r[0:0]
Creating decoders for process `$paramod\VX_stream_buffer\DATAW=s32'00000000000000000000000001110011\OUT_REG=1'0.$proc$/usr/local/src/mylex/nulex/mapper/exec/work/exec.v:4299$1877'.
     1/1: $0\g_buffer.valid_in_r[0:0]
Creating decoders for process `$paramod$1c0294520ddb5e7e24025009ccc13c5f66be71e9\VX_priority_arbiter.$proc$/usr/local/src/mylex/nulex/mapper/exec/work/exec.v:2954$1868'.
     1/1: $0\g_encoder.prev_grant[1:0]
Creating decoders for process `$paramod$1c0294520ddb5e7e24025009ccc13c5f66be71e9\VX_rr_arbiter.$proc$/usr/local/src/mylex/nulex/mapper/exec/work/exec.v:3543$1864'.
     1/1: $0\genblk1.genblk1.genblk1.genblk1.genblk1.genblk1.genblk1.genblk1.g_model1.reqs_mask[1:0]
Creating decoders for process `$paramod$1c0294520ddb5e7e24025009ccc13c5f66be71e9\VX_rr_arbiter.$proc$/usr/local/src/mylex/nulex/mapper/exec/work/exec.v:3534$1857'.
     1/1: $0\genblk1.genblk1.genblk1.genblk1.genblk1.genblk1.genblk1.genblk1.g_model1.prev_grant[1:0]
Creating decoders for process `\exec_top.$proc$/usr/local/src/mylex/nulex/mapper/exec/work/exec.v:7480$1638'.
     1/1: $1\execute.sfu_unit.lane_gather.result_out_data[113:0]
Creating decoders for process `\exec_top.$proc$/usr/local/src/mylex/nulex/mapper/exec/work/exec.v:7384$1634'.
     1/1: $1\execute.sfu_unit.csr_unit.csr_write_data[31:0]
Creating decoders for process `\exec_top.$proc$/usr/local/src/mylex/nulex/mapper/exec/work/exec.v:7381$1627'.
Creating decoders for process `\exec_top.$proc$/usr/local/src/mylex/nulex/mapper/exec/work/exec.v:7367$1625'.
     1/2: $1\execute.sfu_unit.csr_unit.csr_read_data[63:0]
     2/2: $1\execute.sfu_unit.csr_unit.csr_rd_enable[0:0]
Creating decoders for process `\exec_top.$proc$/usr/local/src/mylex/nulex/mapper/exec/work/exec.v:7365$1616'.
Creating decoders for process `\exec_top.$proc$/usr/local/src/mylex/nulex/mapper/exec/work/exec.v:7364$1607'.
Creating decoders for process `\exec_top.$proc$/usr/local/src/mylex/nulex/mapper/exec/work/exec.v:7363$1599'.
Creating decoders for process `\exec_top.$proc$/usr/local/src/mylex/nulex/mapper/exec/work/exec.v:7365$1590'.
Creating decoders for process `\exec_top.$proc$/usr/local/src/mylex/nulex/mapper/exec/work/exec.v:7364$1581'.
Creating decoders for process `\exec_top.$proc$/usr/local/src/mylex/nulex/mapper/exec/work/exec.v:7363$1573'.
Creating decoders for process `\exec_top.$proc$/usr/local/src/mylex/nulex/mapper/exec/work/exec.v:7353$1566'.
Creating decoders for process `\exec_top.$proc$/usr/local/src/mylex/nulex/mapper/exec/work/exec.v:7353$1559'.
Creating decoders for process `\exec_top.$proc$/usr/local/src/mylex/nulex/mapper/exec/work/exec.v:7264$1493'.
     1/32: $2\execute.sfu_unit.csr_unit.csr_data.read_data_rw_w[31:0]
     2/32: $2\execute.sfu_unit.csr_unit.csr_data.read_data_ro_w[31:0]
     3/32: $2\execute.sfu_unit.csr_unit.csr_data.read_addr_valid_w[0:0]
     4/32: $1\execute.sfu_unit.csr_unit.csr_data.read_data_ro_w[31:0]
     5/32: $1\sv2v_cast_32$func$/usr/local/src/mylex/nulex/mapper/exec/work/exec.v:7301$398.inp[31:0]$1545
     6/32: $1\sv2v_cast_32$func$/usr/local/src/mylex/nulex/mapper/exec/work/exec.v:7301$398.$result[31:0]$1544
     7/32: $1\sv2v_cast_32$func$/usr/local/src/mylex/nulex/mapper/exec/work/exec.v:7299$397.inp[31:0]$1543
     8/32: $1\sv2v_cast_32$func$/usr/local/src/mylex/nulex/mapper/exec/work/exec.v:7299$397.$result[31:0]$1542
     9/32: $1\sv2v_cast_32$func$/usr/local/src/mylex/nulex/mapper/exec/work/exec.v:7292$396.inp[31:0]$1541
    10/32: $1\sv2v_cast_32$func$/usr/local/src/mylex/nulex/mapper/exec/work/exec.v:7292$396.$result[31:0]$1540
    11/32: $1\sv2v_cast_32$func$/usr/local/src/mylex/nulex/mapper/exec/work/exec.v:7291$395.inp[31:0]$1539
    12/32: $1\sv2v_cast_32$func$/usr/local/src/mylex/nulex/mapper/exec/work/exec.v:7291$395.$result[31:0]$1538
    13/32: $1\sv2v_cast_32$func$/usr/local/src/mylex/nulex/mapper/exec/work/exec.v:7289$394.inp[31:0]$1537
    14/32: $1\sv2v_cast_32$func$/usr/local/src/mylex/nulex/mapper/exec/work/exec.v:7289$394.$result[31:0]$1536
    15/32: $1\sv2v_cast_32$func$/usr/local/src/mylex/nulex/mapper/exec/work/exec.v:7262$393.inp[31:0]$1535
    16/32: $1\sv2v_cast_32$func$/usr/local/src/mylex/nulex/mapper/exec/work/exec.v:7262$393.$result[31:0]$1534
    17/32: $1\execute.sfu_unit.csr_unit.csr_data.VX_gpu_pkg_to_fullPC$func$/usr/local/src/mylex/nulex/mapper/exec/work/exec.v:7288$392.pc[29:0]$1533
    18/32: $1\execute.sfu_unit.csr_unit.csr_data.VX_gpu_pkg_to_fullPC$func$/usr/local/src/mylex/nulex/mapper/exec/work/exec.v:7288$392.$result[31:0]$1532
    19/32: $1\sv2v_cast_32$func$/usr/local/src/mylex/nulex/mapper/exec/work/exec.v:7282$391.inp[31:0]$1531
    20/32: $1\sv2v_cast_32$func$/usr/local/src/mylex/nulex/mapper/exec/work/exec.v:7282$391.$result[31:0]$1530
    21/32: $1\sv2v_cast_32$func$/usr/local/src/mylex/nulex/mapper/exec/work/exec.v:7281$390.inp[31:0]$1529
    22/32: $1\sv2v_cast_32$func$/usr/local/src/mylex/nulex/mapper/exec/work/exec.v:7281$390.$result[31:0]$1528
    23/32: $1\sv2v_cast_32$func$/usr/local/src/mylex/nulex/mapper/exec/work/exec.v:7280$389.inp[31:0]$1527
    24/32: $1\sv2v_cast_32$func$/usr/local/src/mylex/nulex/mapper/exec/work/exec.v:7280$389.$result[31:0]$1526
    25/32: $1\sv2v_cast_32$func$/usr/local/src/mylex/nulex/mapper/exec/work/exec.v:7276$388.inp[31:0]$1525
    26/32: $1\sv2v_cast_32$func$/usr/local/src/mylex/nulex/mapper/exec/work/exec.v:7276$388.$result[31:0]$1524
    27/32: $1\sv2v_cast_32$func$/usr/local/src/mylex/nulex/mapper/exec/work/exec.v:7275$387.inp[31:0]$1523
    28/32: $1\sv2v_cast_32$func$/usr/local/src/mylex/nulex/mapper/exec/work/exec.v:7275$387.$result[31:0]$1522
    29/32: $1\sv2v_cast_32$func$/usr/local/src/mylex/nulex/mapper/exec/work/exec.v:7274$386.inp[31:0]$1521
    30/32: $1\sv2v_cast_32$func$/usr/local/src/mylex/nulex/mapper/exec/work/exec.v:7274$386.$result[31:0]$1520
    31/32: $1\execute.sfu_unit.csr_unit.csr_data.read_addr_valid_w[0:0]
    32/32: $1\execute.sfu_unit.csr_unit.csr_data.read_data_rw_w[31:0]
Creating decoders for process `\exec_top.$proc$/usr/local/src/mylex/nulex/mapper/exec/work/exec.v:7530$1651'.
Creating decoders for process `\exec_top.$proc$/usr/local/src/mylex/nulex/mapper/exec/work/exec.v:7185$1468'.
     1/1: $0\execute.sfu_unit.csr_unit.cta_read_wait_r[1:0]
Creating decoders for process `\exec_top.$proc$/usr/local/src/mylex/nulex/mapper/exec/work/exec.v:7153$1463'.
Creating decoders for process `\exec_top.$proc$/usr/local/src/mylex/nulex/mapper/exec/work/exec.v:7153$1459'.
Creating decoders for process `\exec_top.$proc$/usr/local/src/mylex/nulex/mapper/exec/work/exec.v:7153$1454'.
Creating decoders for process `\exec_top.$proc$/usr/local/src/mylex/nulex/mapper/exec/work/exec.v:7153$1450'.
Creating decoders for process `\exec_top.$proc$/usr/local/src/mylex/nulex/mapper/exec/work/exec.v:7101$1423'.
Creating decoders for process `\exec_top.$proc$/usr/local/src/mylex/nulex/mapper/exec/work/exec.v:6847$1360'.
     1/1: $1\execute.sfu_unit.pe_select[0:0]
Creating decoders for process `\exec_top.$proc$/usr/local/src/mylex/nulex/mapper/exec/work/exec.v:6817$1350'.
Creating decoders for process `\exec_top.$proc$/usr/local/src/mylex/nulex/mapper/exec/work/exec.v:6798$1332'.
Creating decoders for process `\exec_top.$proc$/usr/local/src/mylex/nulex/mapper/exec/work/exec.v:6797$1327'.
Creating decoders for process `\exec_top.$proc$/usr/local/src/mylex/nulex/mapper/exec/work/exec.v:6756$1285'.
Creating decoders for process `\exec_top.$proc$/usr/local/src/mylex/nulex/mapper/exec/work/exec.v:6613$1280'.
Creating decoders for process `\exec_top.$proc$/usr/local/src/mylex/nulex/mapper/exec/work/exec.v:6563$1267'.
     1/1: $1\execute.lsu_unit.lane_gather.result_out_data[113:0]
Creating decoders for process `\exec_top.$proc$/usr/local/src/mylex/nulex/mapper/exec/work/exec.v:6452$1266'.
Creating decoders for process `\exec_top.$proc$/usr/local/src/mylex/nulex/mapper/exec/work/exec.v:6441$1243'.
     1/11: $1\execute.lsu_unit.g_blocks[0].lsu_slice.rsp_data[63:32]
     2/11: $1\sv2v_cast_32_signed$func$/usr/local/src/mylex/nulex/mapper/exec/work/exec.v:6443$362.$result[31:0]$1256
     3/11: $1\sv2v_cast_32_signed$func$/usr/local/src/mylex/nulex/mapper/exec/work/exec.v:6443$362.inp[31:0]$1257
     4/11: $1\sv2v_cast_32_signed$func$/usr/local/src/mylex/nulex/mapper/exec/work/exec.v:6447$366.inp[31:0]$1265
     5/11: $1\sv2v_cast_32_signed$func$/usr/local/src/mylex/nulex/mapper/exec/work/exec.v:6447$366.$result[31:0]$1264
     6/11: $1\sv2v_cast_32$func$/usr/local/src/mylex/nulex/mapper/exec/work/exec.v:6446$365.inp[31:0]$1263
     7/11: $1\sv2v_cast_32$func$/usr/local/src/mylex/nulex/mapper/exec/work/exec.v:6446$365.$result[31:0]$1262
     8/11: $1\sv2v_cast_32$func$/usr/local/src/mylex/nulex/mapper/exec/work/exec.v:6445$364.inp[31:0]$1261
     9/11: $1\sv2v_cast_32$func$/usr/local/src/mylex/nulex/mapper/exec/work/exec.v:6445$364.$result[31:0]$1260
    10/11: $1\sv2v_cast_32_signed$func$/usr/local/src/mylex/nulex/mapper/exec/work/exec.v:6444$363.inp[31:0]$1259
    11/11: $1\sv2v_cast_32_signed$func$/usr/local/src/mylex/nulex/mapper/exec/work/exec.v:6444$363.$result[31:0]$1258
Creating decoders for process `\exec_top.$proc$/usr/local/src/mylex/nulex/mapper/exec/work/exec.v:6441$1218'.
     1/11: $1\execute.lsu_unit.g_blocks[0].lsu_slice.rsp_data[31:0]
     2/11: $1\sv2v_cast_32_signed$func$/usr/local/src/mylex/nulex/mapper/exec/work/exec.v:6443$356.$result[31:0]$1231
     3/11: $1\sv2v_cast_32_signed$func$/usr/local/src/mylex/nulex/mapper/exec/work/exec.v:6443$356.inp[31:0]$1232
     4/11: $1\sv2v_cast_32_signed$func$/usr/local/src/mylex/nulex/mapper/exec/work/exec.v:6447$360.inp[31:0]$1240
     5/11: $1\sv2v_cast_32_signed$func$/usr/local/src/mylex/nulex/mapper/exec/work/exec.v:6447$360.$result[31:0]$1239
     6/11: $1\sv2v_cast_32$func$/usr/local/src/mylex/nulex/mapper/exec/work/exec.v:6446$359.inp[31:0]$1238
     7/11: $1\sv2v_cast_32$func$/usr/local/src/mylex/nulex/mapper/exec/work/exec.v:6446$359.$result[31:0]$1237
     8/11: $1\sv2v_cast_32$func$/usr/local/src/mylex/nulex/mapper/exec/work/exec.v:6445$358.inp[31:0]$1236
     9/11: $1\sv2v_cast_32$func$/usr/local/src/mylex/nulex/mapper/exec/work/exec.v:6445$358.$result[31:0]$1235
    10/11: $1\sv2v_cast_32_signed$func$/usr/local/src/mylex/nulex/mapper/exec/work/exec.v:6444$357.inp[31:0]$1234
    11/11: $1\sv2v_cast_32_signed$func$/usr/local/src/mylex/nulex/mapper/exec/work/exec.v:6444$357.$result[31:0]$1233
Creating decoders for process `\exec_top.$proc$/usr/local/src/mylex/nulex/mapper/exec/work/exec.v:6388$1215'.
     1/3: $1\execute.lsu_unit.g_blocks[0].lsu_slice.mem_req_data[63:40] [23:16]
     2/3: $1\execute.lsu_unit.g_blocks[0].lsu_slice.mem_req_data[63:40] [7:0]
     3/3: $1\execute.lsu_unit.g_blocks[0].lsu_slice.mem_req_data[63:40] [15:8]
Creating decoders for process `\exec_top.$proc$/usr/local/src/mylex/nulex/mapper/exec/work/exec.v:6388$1214'.
     1/3: $1\execute.lsu_unit.g_blocks[0].lsu_slice.mem_req_data[31:8] [23:16]
     2/3: $1\execute.lsu_unit.g_blocks[0].lsu_slice.mem_req_data[31:8] [7:0]
     3/3: $1\execute.lsu_unit.g_blocks[0].lsu_slice.mem_req_data[31:8] [15:8]
Creating decoders for process `\exec_top.$proc$/usr/local/src/mylex/nulex/mapper/exec/work/exec.v:6367$1182'.
     1/4: $1\execute.lsu_unit.g_blocks[0].lsu_slice.g_mem_req_byteen_w[1].mem_req_byteen_w[3:0]
     2/4: $1$bitselwrite$pos$/usr/local/src/mylex/nulex/mapper/exec/work/exec.v:6370$352[1:0]$1188
     3/4: $1$bitselwrite$pos$/usr/local/src/mylex/nulex/mapper/exec/work/exec.v:6373$354[1:0]$1190
     4/4: $1$bitselwrite$pos$/usr/local/src/mylex/nulex/mapper/exec/work/exec.v:6372$353[1:0]$1189
Creating decoders for process `\exec_top.$proc$/usr/local/src/mylex/nulex/mapper/exec/work/exec.v:6367$1152'.
     1/4: $1\execute.lsu_unit.g_blocks[0].lsu_slice.g_mem_req_byteen_w[0].mem_req_byteen_w[3:0]
     2/4: $1$bitselwrite$pos$/usr/local/src/mylex/nulex/mapper/exec/work/exec.v:6370$348[1:0]$1158
     3/4: $1$bitselwrite$pos$/usr/local/src/mylex/nulex/mapper/exec/work/exec.v:6373$350[1:0]$1160
     4/4: $1$bitselwrite$pos$/usr/local/src/mylex/nulex/mapper/exec/work/exec.v:6372$349[1:0]$1159
Creating decoders for process `\exec_top.$proc$/usr/local/src/mylex/nulex/mapper/exec/work/exec.v:6336$1120'.
     1/1: $0\execute.lsu_unit.g_blocks[0].lsu_slice.fence_lock[0:0]
Creating decoders for process `\exec_top.$proc$/usr/local/src/mylex/nulex/mapper/exec/work/exec.v:6335$1115'.
Creating decoders for process `\exec_top.$proc$/usr/local/src/mylex/nulex/mapper/exec/work/exec.v:6301$1106'.
Creating decoders for process `\exec_top.$proc$/usr/local/src/mylex/nulex/mapper/exec/work/exec.v:6301$1102'.
Creating decoders for process `\exec_top.$proc$/usr/local/src/mylex/nulex/mapper/exec/work/exec.v:6301$1092'.
Creating decoders for process `\exec_top.$proc$/usr/local/src/mylex/nulex/mapper/exec/work/exec.v:6301$1088'.
Creating decoders for process `\exec_top.$proc$/usr/local/src/mylex/nulex/mapper/exec/work/exec.v:6199$1075'.
Creating decoders for process `\exec_top.$proc$/usr/local/src/mylex/nulex/mapper/exec/work/exec.v:6180$1057'.
Creating decoders for process `\exec_top.$proc$/usr/local/src/mylex/nulex/mapper/exec/work/exec.v:6179$1052'.
Creating decoders for process `\exec_top.$proc$/usr/local/src/mylex/nulex/mapper/exec/work/exec.v:6138$1010'.
Creating decoders for process `\exec_top.$proc$/usr/local/src/mylex/nulex/mapper/exec/work/exec.v:6002$1005'.
Creating decoders for process `\exec_top.$proc$/usr/local/src/mylex/nulex/mapper/exec/work/exec.v:5952$992'.
     1/1: $1\execute.alu_unit.lane_gather.result_out_data[113:0]
Creating decoders for process `\exec_top.$proc$/usr/local/src/mylex/nulex/mapper/exec/work/exec.v:5864$987'.
     1/1: $0\execute.alu_unit.g_blocks[0].muldiv_unit.div_tag_r[51:0]
Creating decoders for process `\exec_top.$proc$/usr/local/src/mylex/nulex/mapper/exec/work/exec.v:5817$981'.
Creating decoders for process `\exec_top.$proc$/usr/local/src/mylex/nulex/mapper/exec/work/exec.v:5770$968'.
Creating decoders for process `\exec_top.$proc$/usr/local/src/mylex/nulex/mapper/exec/work/exec.v:5765$963'.
Creating decoders for process `\exec_top.$proc$/usr/local/src/mylex/nulex/mapper/exec/work/exec.v:5753$957'.
Creating decoders for process `\exec_top.$proc$/usr/local/src/mylex/nulex/mapper/exec/work/exec.v:5748$952'.
Creating decoders for process `\exec_top.$proc$/usr/local/src/mylex/nulex/mapper/exec/work/exec.v:5743$948'.
Creating decoders for process `\exec_top.$proc$/usr/local/src/mylex/nulex/mapper/exec/work/exec.v:5709$939'.
Creating decoders for process `\exec_top.$proc$/usr/local/src/mylex/nulex/mapper/exec/work/exec.v:5709$930'.
Creating decoders for process `\exec_top.$proc$/usr/local/src/mylex/nulex/mapper/exec/work/exec.v:5690$921'.
Creating decoders for process `\exec_top.$proc$/usr/local/src/mylex/nulex/mapper/exec/work/exec.v:5675$896'.
Creating decoders for process `\exec_top.$proc$/usr/local/src/mylex/nulex/mapper/exec/work/exec.v:5670$892'.
Creating decoders for process `\exec_top.$proc$/usr/local/src/mylex/nulex/mapper/exec/work/exec.v:5665$888'.
Creating decoders for process `\exec_top.$proc$/usr/local/src/mylex/nulex/mapper/exec/work/exec.v:5646$884'.
     1/1: $1\execute.alu_unit.g_blocks[0].alu_int.alu_hdr_in[46:45]
Creating decoders for process `\exec_top.$proc$/usr/local/src/mylex/nulex/mapper/exec/work/exec.v:5613$875'.
Creating decoders for process `\exec_top.$proc$/usr/local/src/mylex/nulex/mapper/exec/work/exec.v:5584$873'.
     1/3: $3\execute.alu_unit.g_blocks[0].alu_int.alu_result[63:32]
     2/3: $2\execute.alu_unit.g_blocks[0].alu_int.alu_result[63:32]
     3/3: $1\execute.alu_unit.g_blocks[0].alu_int.alu_result[63:32]
Creating decoders for process `\exec_top.$proc$/usr/local/src/mylex/nulex/mapper/exec/work/exec.v:5582$863'.
Creating decoders for process `\exec_top.$proc$/usr/local/src/mylex/nulex/mapper/exec/work/exec.v:5584$861'.
     1/3: $3\execute.alu_unit.g_blocks[0].alu_int.alu_result[31:0]
     2/3: $2\execute.alu_unit.g_blocks[0].alu_int.alu_result[31:0]
     3/3: $1\execute.alu_unit.g_blocks[0].alu_int.alu_result[31:0]
Creating decoders for process `\exec_top.$proc$/usr/local/src/mylex/nulex/mapper/exec/work/exec.v:5582$851'.
Creating decoders for process `\exec_top.$proc$/usr/local/src/mylex/nulex/mapper/exec/work/exec.v:5558$840'.
     1/5: $5\execute.alu_unit.g_blocks[0].alu_int.g_shfl.g_i[1].lane[0:0]
     2/5: $4\execute.alu_unit.g_blocks[0].alu_int.g_shfl.g_i[1].lane[0:0]
     3/5: $3\execute.alu_unit.g_blocks[0].alu_int.g_shfl.g_i[1].lane[0:0]
     4/5: $2\execute.alu_unit.g_blocks[0].alu_int.g_shfl.g_i[1].lane[0:0]
     5/5: $1\execute.alu_unit.g_blocks[0].alu_int.g_shfl.g_i[1].lane[0:0]
Creating decoders for process `\exec_top.$proc$/usr/local/src/mylex/nulex/mapper/exec/work/exec.v:5558$819'.
     1/5: $5\execute.alu_unit.g_blocks[0].alu_int.g_shfl.g_i[0].lane[0:0]
     2/5: $4\execute.alu_unit.g_blocks[0].alu_int.g_shfl.g_i[0].lane[0:0]
     3/5: $3\execute.alu_unit.g_blocks[0].alu_int.g_shfl.g_i[0].lane[0:0]
     4/5: $2\execute.alu_unit.g_blocks[0].alu_int.g_shfl.g_i[0].lane[0:0]
     5/5: $1\execute.alu_unit.g_blocks[0].alu_int.g_shfl.g_i[0].lane[0:0]
Creating decoders for process `\exec_top.$proc$/usr/local/src/mylex/nulex/mapper/exec/work/exec.v:5534$785'.
Creating decoders for process `\exec_top.$proc$/usr/local/src/mylex/nulex/mapper/exec/work/exec.v:5534$761'.
Creating decoders for process `\exec_top.$proc$/usr/local/src/mylex/nulex/mapper/exec/work/exec.v:5519$744'.
     1/9: $1\execute.alu_unit.g_blocks[0].alu_int.vote_result[63:32]
     2/9: $1\sv2v_cast_32$func$/usr/local/src/mylex/nulex/mapper/exec/work/exec.v:5521$288.$result[31:0]$753
     3/9: $1\sv2v_cast_32$func$/usr/local/src/mylex/nulex/mapper/exec/work/exec.v:5521$288.inp[31:0]$754
     4/9: $1\sv2v_cast_32$func$/usr/local/src/mylex/nulex/mapper/exec/work/exec.v:5524$291.inp[31:0]$760
     5/9: $1\sv2v_cast_32$func$/usr/local/src/mylex/nulex/mapper/exec/work/exec.v:5524$291.$result[31:0]$759
     6/9: $1\sv2v_cast_32$func$/usr/local/src/mylex/nulex/mapper/exec/work/exec.v:5523$290.inp[31:0]$758
     7/9: $1\sv2v_cast_32$func$/usr/local/src/mylex/nulex/mapper/exec/work/exec.v:5523$290.$result[31:0]$757
     8/9: $1\sv2v_cast_32$func$/usr/local/src/mylex/nulex/mapper/exec/work/exec.v:5522$289.inp[31:0]$756
     9/9: $1\sv2v_cast_32$func$/usr/local/src/mylex/nulex/mapper/exec/work/exec.v:5522$289.$result[31:0]$755
Creating decoders for process `\exec_top.$proc$/usr/local/src/mylex/nulex/mapper/exec/work/exec.v:5519$727'.
     1/9: $1\execute.alu_unit.g_blocks[0].alu_int.vote_result[31:0]
     2/9: $1\sv2v_cast_32$func$/usr/local/src/mylex/nulex/mapper/exec/work/exec.v:5521$284.$result[31:0]$736
     3/9: $1\sv2v_cast_32$func$/usr/local/src/mylex/nulex/mapper/exec/work/exec.v:5521$284.inp[31:0]$737
     4/9: $1\sv2v_cast_32$func$/usr/local/src/mylex/nulex/mapper/exec/work/exec.v:5524$287.inp[31:0]$743
     5/9: $1\sv2v_cast_32$func$/usr/local/src/mylex/nulex/mapper/exec/work/exec.v:5524$287.$result[31:0]$742
     6/9: $1\sv2v_cast_32$func$/usr/local/src/mylex/nulex/mapper/exec/work/exec.v:5523$286.inp[31:0]$741
     7/9: $1\sv2v_cast_32$func$/usr/local/src/mylex/nulex/mapper/exec/work/exec.v:5523$286.$result[31:0]$740
     8/9: $1\sv2v_cast_32$func$/usr/local/src/mylex/nulex/mapper/exec/work/exec.v:5522$285.inp[31:0]$739
     9/9: $1\sv2v_cast_32$func$/usr/local/src/mylex/nulex/mapper/exec/work/exec.v:5522$285.$result[31:0]$738
Creating decoders for process `\exec_top.$proc$/usr/local/src/mylex/nulex/mapper/exec/work/exec.v:5495$715'.
Creating decoders for process `\exec_top.$proc$/usr/local/src/mylex/nulex/mapper/exec/work/exec.v:5494$710'.
Creating decoders for process `\exec_top.$proc$/usr/local/src/mylex/nulex/mapper/exec/work/exec.v:5486$705'.
     1/1: $1\execute.alu_unit.g_blocks[0].alu_int.msc_result[63:32]
Creating decoders for process `\exec_top.$proc$/usr/local/src/mylex/nulex/mapper/exec/work/exec.v:5495$704'.
Creating decoders for process `\exec_top.$proc$/usr/local/src/mylex/nulex/mapper/exec/work/exec.v:5494$699'.
Creating decoders for process `\exec_top.$proc$/usr/local/src/mylex/nulex/mapper/exec/work/exec.v:5486$694'.
     1/1: $1\execute.alu_unit.g_blocks[0].alu_int.msc_result[31:0]
Creating decoders for process `\exec_top.$proc$/usr/local/src/mylex/nulex/mapper/exec/work/exec.v:5481$690'.
Creating decoders for process `\exec_top.$proc$/usr/local/src/mylex/nulex/mapper/exec/work/exec.v:5480$685'.
Creating decoders for process `\exec_top.$proc$/usr/local/src/mylex/nulex/mapper/exec/work/exec.v:5474$675'.
     1/3: $1\execute.alu_unit.g_blocks[0].alu_int.shr_zic_result[63:32]
     2/3: $1\sv2v_cast_32_signed$func$/usr/local/src/mylex/nulex/mapper/exec/work/exec.v:5477$279.inp[31:0]$679
     3/3: $1\sv2v_cast_32_signed$func$/usr/local/src/mylex/nulex/mapper/exec/work/exec.v:5477$279.$result[31:0]$678
Creating decoders for process `\exec_top.$proc$/usr/local/src/mylex/nulex/mapper/exec/work/exec.v:5481$670'.
Creating decoders for process `\exec_top.$proc$/usr/local/src/mylex/nulex/mapper/exec/work/exec.v:5480$665'.
Creating decoders for process `\exec_top.$proc$/usr/local/src/mylex/nulex/mapper/exec/work/exec.v:5474$655'.
     1/3: $1\execute.alu_unit.g_blocks[0].alu_int.shr_zic_result[31:0]
     2/3: $1\sv2v_cast_32_signed$func$/usr/local/src/mylex/nulex/mapper/exec/work/exec.v:5477$276.inp[31:0]$659
     3/3: $1\sv2v_cast_32_signed$func$/usr/local/src/mylex/nulex/mapper/exec/work/exec.v:5477$276.$result[31:0]$658
Creating decoders for process `\exec_top.$proc$/usr/local/src/mylex/nulex/mapper/exec/work/exec.v:5468$649'.
Creating decoders for process `\exec_top.$proc$/usr/local/src/mylex/nulex/mapper/exec/work/exec.v:5468$641'.
Creating decoders for process `\exec_top.$proc$/usr/local/src/mylex/nulex/mapper/exec/work/exec.v:5460$633'.
Creating decoders for process `\exec_top.$proc$/usr/local/src/mylex/nulex/mapper/exec/work/exec.v:5460$627'.
Creating decoders for process `\exec_top.$proc$/usr/local/src/mylex/nulex/mapper/exec/work/exec.v:5452$614'.
Creating decoders for process `\exec_top.$proc$/usr/local/src/mylex/nulex/mapper/exec/work/exec.v:5432$601'.
Creating decoders for process `\exec_top.$proc$/usr/local/src/mylex/nulex/mapper/exec/work/exec.v:5432$596'.
Creating decoders for process `\exec_top.$proc$/usr/local/src/mylex/nulex/mapper/exec/work/exec.v:5423$592'.
Creating decoders for process `\exec_top.$proc$/usr/local/src/mylex/nulex/mapper/exec/work/exec.v:5418$588'.
Creating decoders for process `\exec_top.$proc$/usr/local/src/mylex/nulex/mapper/exec/work/exec.v:5409$582'.
Creating decoders for process `\exec_top.$proc$/usr/local/src/mylex/nulex/mapper/exec/work/exec.v:5407$578'.
Creating decoders for process `\exec_top.$proc$/usr/local/src/mylex/nulex/mapper/exec/work/exec.v:5269$576'.
     1/1: $1\execute.alu_unit.g_blocks[0].pe_select[0:0]
Creating decoders for process `\exec_top.$proc$/usr/local/src/mylex/nulex/mapper/exec/work/exec.v:5240$566'.
Creating decoders for process `\exec_top.$proc$/usr/local/src/mylex/nulex/mapper/exec/work/exec.v:5221$548'.
Creating decoders for process `\exec_top.$proc$/usr/local/src/mylex/nulex/mapper/exec/work/exec.v:5220$543'.
Creating decoders for process `\exec_top.$proc$/usr/local/src/mylex/nulex/mapper/exec/work/exec.v:5179$501'.
Creating decoders for process `\exec_top.$proc$/usr/local/src/mylex/nulex/mapper/exec/work/exec.v:4927$496'.
Creating decoders for process `\exec_top.$proc$/usr/local/src/mylex/nulex/mapper/exec/work/exec.v:4924$492'.
Creating decoders for process `\exec_top.$proc$/usr/local/src/mylex/nulex/mapper/exec/work/exec.v:4921$488'.
Creating decoders for process `$paramod\VX_stream_buffer\DATAW=s32'00000000000000000000000001110011\OUT_REG=1'1.$proc$/usr/local/src/mylex/nulex/mapper/exec/work/exec.v:4313$1846'.
     1/1: $0\g_buffer.data_out_r[114:0]
Creating decoders for process `$paramod\VX_stream_buffer\DATAW=s32'00000000000000000000000001110011\OUT_REG=1'1.$proc$/usr/local/src/mylex/nulex/mapper/exec/work/exec.v:4310$1845'.
     1/1: $0\g_buffer.buffer_r[114:0]
Creating decoders for process `$paramod\VX_stream_buffer\DATAW=s32'00000000000000000000000001110011\OUT_REG=1'1.$proc$/usr/local/src/mylex/nulex/mapper/exec/work/exec.v:4304$1842'.
     1/1: $0\g_buffer.valid_out_r[0:0]
Creating decoders for process `$paramod\VX_stream_buffer\DATAW=s32'00000000000000000000000001110011\OUT_REG=1'1.$proc$/usr/local/src/mylex/nulex/mapper/exec/work/exec.v:4299$1840'.
     1/1: $0\g_buffer.valid_in_r[0:0]
Creating decoders for process `$paramod$b47bbb2604c59e6718082939cf268ef1139f1941\VX_pipe_register.$proc$/usr/local/src/mylex/nulex/mapper/exec/work/exec.v:2560$1832'.
     1/4: $1\g_pipe.genblk1.g_no_reset.sv2v_autoblock_5.i[31:0]
     2/4: $0\g_pipe.pipe[197:0] [197:132]
     3/4: $0\g_pipe.pipe[197:0] [131:66]
     4/4: $0\g_pipe.pipe[197:0] [65:0]
Creating decoders for process `$paramod\VX_stream_buffer\DATAW=s32'00000000000000000000000000110010\OUT_REG=1'0.$proc$/usr/local/src/mylex/nulex/mapper/exec/work/exec.v:4322$1830'.
     1/1: $0\g_buffer.buffer_r[49:0]
Creating decoders for process `$paramod\VX_stream_buffer\DATAW=s32'00000000000000000000000000110010\OUT_REG=1'0.$proc$/usr/local/src/mylex/nulex/mapper/exec/work/exec.v:4319$1829'.
     1/1: $0\g_buffer.data_out_r[49:0]
Creating decoders for process `$paramod\VX_stream_buffer\DATAW=s32'00000000000000000000000000110010\OUT_REG=1'0.$proc$/usr/local/src/mylex/nulex/mapper/exec/work/exec.v:4304$1826'.
     1/1: $0\g_buffer.valid_out_r[0:0]
Creating decoders for process `$paramod\VX_stream_buffer\DATAW=s32'00000000000000000000000000110010\OUT_REG=1'0.$proc$/usr/local/src/mylex/nulex/mapper/exec/work/exec.v:4299$1824'.
     1/1: $0\g_buffer.valid_in_r[0:0]
Creating decoders for process `$paramod\VX_stream_buffer\DATAW=s32'00000000000000000000000100010001\OUT_REG=1'1.$proc$/usr/local/src/mylex/nulex/mapper/exec/work/exec.v:4313$1819'.
     1/1: $0\g_buffer.data_out_r[272:0]
Creating decoders for process `$paramod\VX_stream_buffer\DATAW=s32'00000000000000000000000100010001\OUT_REG=1'1.$proc$/usr/local/src/mylex/nulex/mapper/exec/work/exec.v:4310$1818'.
     1/1: $0\g_buffer.buffer_r[272:0]
Creating decoders for process `$paramod\VX_stream_buffer\DATAW=s32'00000000000000000000000100010001\OUT_REG=1'1.$proc$/usr/local/src/mylex/nulex/mapper/exec/work/exec.v:4304$1815'.
     1/1: $0\g_buffer.valid_out_r[0:0]
Creating decoders for process `$paramod\VX_stream_buffer\DATAW=s32'00000000000000000000000100010001\OUT_REG=1'1.$proc$/usr/local/src/mylex/nulex/mapper/exec/work/exec.v:4299$1813'.
     1/1: $0\g_buffer.valid_in_r[0:0]
Creating decoders for process `$paramod\VX_stream_buffer\DATAW=s32'00000000000000000000000000110101\OUT_REG=1'0.$proc$/usr/local/src/mylex/nulex/mapper/exec/work/exec.v:4322$1808'.
     1/1: $0\g_buffer.buffer_r[52:0]
Creating decoders for process `$paramod\VX_stream_buffer\DATAW=s32'00000000000000000000000000110101\OUT_REG=1'0.$proc$/usr/local/src/mylex/nulex/mapper/exec/work/exec.v:4319$1807'.
     1/1: $0\g_buffer.data_out_r[52:0]
Creating decoders for process `$paramod\VX_stream_buffer\DATAW=s32'00000000000000000000000000110101\OUT_REG=1'0.$proc$/usr/local/src/mylex/nulex/mapper/exec/work/exec.v:4304$1804'.
     1/1: $0\g_buffer.valid_out_r[0:0]
Creating decoders for process `$paramod\VX_stream_buffer\DATAW=s32'00000000000000000000000000110101\OUT_REG=1'0.$proc$/usr/local/src/mylex/nulex/mapper/exec/work/exec.v:4299$1802'.
     1/1: $0\g_buffer.valid_in_r[0:0]
Creating decoders for process `$paramod\VX_stream_buffer\DATAW=s32'00000000000000000000000001110010\OUT_REG=1'0.$proc$/usr/local/src/mylex/nulex/mapper/exec/work/exec.v:4322$1797'.
     1/1: $0\g_buffer.buffer_r[113:0]
Creating decoders for process `$paramod\VX_stream_buffer\DATAW=s32'00000000000000000000000001110010\OUT_REG=1'0.$proc$/usr/local/src/mylex/nulex/mapper/exec/work/exec.v:4319$1796'.
     1/1: $0\g_buffer.data_out_r[113:0]
Creating decoders for process `$paramod\VX_stream_buffer\DATAW=s32'00000000000000000000000001110010\OUT_REG=1'0.$proc$/usr/local/src/mylex/nulex/mapper/exec/work/exec.v:4304$1793'.
     1/1: $0\g_buffer.valid_out_r[0:0]
Creating decoders for process `$paramod\VX_stream_buffer\DATAW=s32'00000000000000000000000001110010\OUT_REG=1'0.$proc$/usr/local/src/mylex/nulex/mapper/exec/work/exec.v:4299$1791'.
     1/1: $0\g_buffer.valid_in_r[0:0]
Creating decoders for process `\VX_popcount32.$proc$/usr/local/src/mylex/nulex/mapper/exec/work/exec.v:2657$191'.
     1/1: $1\sum[1:0]
Creating decoders for process `$paramod\VX_stream_buffer\DATAW=s32'00000000000000000000000001110010\OUT_REG=1'1.$proc$/usr/local/src/mylex/nulex/mapper/exec/work/exec.v:4313$1786'.
     1/1: $0\g_buffer.data_out_r[113:0]
Creating decoders for process `$paramod\VX_stream_buffer\DATAW=s32'00000000000000000000000001110010\OUT_REG=1'1.$proc$/usr/local/src/mylex/nulex/mapper/exec/work/exec.v:4310$1785'.
     1/1: $0\g_buffer.buffer_r[113:0]
Creating decoders for process `$paramod\VX_stream_buffer\DATAW=s32'00000000000000000000000001110010\OUT_REG=1'1.$proc$/usr/local/src/mylex/nulex/mapper/exec/work/exec.v:4304$1782'.
     1/1: $0\g_buffer.valid_out_r[0:0]
Creating decoders for process `$paramod\VX_stream_buffer\DATAW=s32'00000000000000000000000001110010\OUT_REG=1'1.$proc$/usr/local/src/mylex/nulex/mapper/exec/work/exec.v:4299$1780'.
     1/1: $0\g_buffer.valid_in_r[0:0]
Creating decoders for process `$paramod$ff75061401984b42a0e1b0eb7a918d5cac4c9b71\VX_pipe_register.$proc$/usr/local/src/mylex/nulex/mapper/exec/work/exec.v:2549$1886'.
     1/2: $1\g_pipe.genblk1.g_partial_reset.sv2v_autoblock_4.i[31:0]
     2/2: $0\g_pipe.pipe[149:0]
Creating decoders for process `$paramod$ff75061401984b42a0e1b0eb7a918d5cac4c9b71\VX_pipe_register.$proc$/usr/local/src/mylex/nulex/mapper/exec/work/exec.v:2535$1885'.
     1/4: $2\g_pipe.genblk1.g_partial_reset.sv2v_autoblock_3.i[31:0]
     2/4: $1\g_pipe.genblk1.g_partial_reset.sv2v_autoblock_2.i[31:0]
     3/4: $1\g_pipe.genblk1.g_partial_reset.sv2v_autoblock_3.i[31:0]
     4/4: $0\g_pipe.pipe[150:150]
Creating decoders for process `$paramod$ec469cbf2aa2fbc414254715ce7cabddd737ef3a\VX_pipe_register.$proc$/usr/local/src/mylex/nulex/mapper/exec/work/exec.v:2549$1769'.
     1/2: $1\g_pipe.genblk1.g_partial_reset.sv2v_autoblock_4.i[31:0]
     2/2: $0\g_pipe.pipe[37:0]
Creating decoders for process `$paramod$ec469cbf2aa2fbc414254715ce7cabddd737ef3a\VX_pipe_register.$proc$/usr/local/src/mylex/nulex/mapper/exec/work/exec.v:2535$1768'.
     1/4: $2\g_pipe.genblk1.g_partial_reset.sv2v_autoblock_3.i[31:0]
     2/4: $1\g_pipe.genblk1.g_partial_reset.sv2v_autoblock_2.i[31:0]
     3/4: $1\g_pipe.genblk1.g_partial_reset.sv2v_autoblock_3.i[31:0]
     4/4: $0\g_pipe.pipe[38:38]
Creating decoders for process `$paramod$56aaa88be2c08e9bc896119e52ecd323dcad8f9b\VX_multiplier.$proc$/usr/local/src/mylex/nulex/mapper/exec/work/exec.v:2153$1763'.
Creating decoders for process `$paramod$94427155f1112184920d33d0b9cd41c1c6068a20\VX_shift_register.$proc$/usr/local/src/mylex/nulex/mapper/exec/work/exec.v:3815$1760'.
     1/4: $1\g_shift.genblk1.g_partial_reset.sv2v_autoblock_4.i[31:0]
     2/4: $2\g_shift.pipe[157:106]
     3/4: $1\g_shift.pipe[104:53]
     4/4: $0\g_shift.pipe[51:0]
Creating decoders for process `$paramod$94427155f1112184920d33d0b9cd41c1c6068a20\VX_shift_register.$proc$/usr/local/src/mylex/nulex/mapper/exec/work/exec.v:3801$1759'.
     1/6: $2\g_shift.genblk1.g_partial_reset.sv2v_autoblock_3.i[31:0]
     2/6: $1\g_shift.genblk1.g_partial_reset.sv2v_autoblock_2.i[31:0]
     3/6: $1\g_shift.genblk1.g_partial_reset.sv2v_autoblock_3.i[31:0]
     4/6: $2\g_shift.pipe[158:158]
     5/6: $1\g_shift.pipe[105:105]
     6/6: $0\g_shift.pipe[52:52]
Creating decoders for process `$paramod$78fb96dd52e7defe737df25883351cf2247a26db\VX_serial_div.$proc$/usr/local/src/mylex/nulex/mapper/exec/work/exec.v:3739$1744'.
     1/4: $0\inv_rem[1:1]
     2/4: $0\inv_quot[1:1]
     3/4: $0\denom_r[63:32]
     4/4: $0\working[129:65]
Creating decoders for process `$paramod$78fb96dd52e7defe737df25883351cf2247a26db\VX_serial_div.$proc$/usr/local/src/mylex/nulex/mapper/exec/work/exec.v:3739$1737'.
     1/4: $0\inv_rem[0:0]
     2/4: $0\inv_quot[0:0]
     3/4: $0\denom_r[31:0]
     4/4: $0\working[64:0]
Creating decoders for process `$paramod$78fb96dd52e7defe737df25883351cf2247a26db\VX_serial_div.$proc$/usr/local/src/mylex/nulex/mapper/exec/work/exec.v:3722$1719'.
     1/2: $0\cntr[4:0]
     2/2: $0\busy_r[0:0]
Creating decoders for process `\VX_elastic_adapter.$proc$/usr/local/src/mylex/nulex/mapper/exec/work/exec.v:767$91'.
     1/1: $0\loaded[0:0]
Creating decoders for process `$paramod$ab8530e35468cd7866955cf0519cd7712815029e\VX_popcount.$proc$/usr/local/src/mylex/nulex/mapper/exec/work/exec.v:2772$1682'.
Creating decoders for process `$paramod$e25dd882d7de3799ae77603144455ae069898a38\VX_pipe_register.$proc$/usr/local/src/mylex/nulex/mapper/exec/work/exec.v:2549$1681'.
     1/2: $1\g_pipe.genblk1.g_partial_reset.sv2v_autoblock_4.i[31:0]
     2/2: $0\g_pipe.pipe[90:0]
Creating decoders for process `$paramod$e25dd882d7de3799ae77603144455ae069898a38\VX_pipe_register.$proc$/usr/local/src/mylex/nulex/mapper/exec/work/exec.v:2535$1680'.
     1/4: $2\g_pipe.genblk1.g_partial_reset.sv2v_autoblock_3.i[31:0]
     2/4: $1\g_pipe.genblk1.g_partial_reset.sv2v_autoblock_2.i[31:0]
     3/4: $1\g_pipe.genblk1.g_partial_reset.sv2v_autoblock_3.i[31:0]
     4/4: $0\g_pipe.pipe[91:91]

3.2.8. Executing PROC_DLATCH pass (convert process syncs to latches).
No latch inferred for signal `$paramod\VX_csa_32\N=s32'00000000000000000000000000100000.\sv2v_cast_77CB4$func$/usr/local/src/mylex/nulex/mapper/exec/work/exec.v:50$1669.$result' from process `$paramod\VX_csa_32\N=s32'00000000000000000000000000100000.$proc$/usr/local/src/mylex/nulex/mapper/exec/work/exec.v:50$1676'.
No latch inferred for signal `$paramod\VX_csa_32\N=s32'00000000000000000000000000100000.\sv2v_cast_77CB4$func$/usr/local/src/mylex/nulex/mapper/exec/work/exec.v:50$1671.$result' from process `$paramod\VX_csa_32\N=s32'00000000000000000000000000100000.$proc$/usr/local/src/mylex/nulex/mapper/exec/work/exec.v:50$1676'.
No latch inferred for signal `$paramod\VX_csa_32\N=s32'00000000000000000000000000100000.\sv2v_cast_77CB4$func$/usr/local/src/mylex/nulex/mapper/exec/work/exec.v:50$1671.inp' from process `$paramod\VX_csa_32\N=s32'00000000000000000000000000100000.$proc$/usr/local/src/mylex/nulex/mapper/exec/work/exec.v:50$1676'.
No latch inferred for signal `$paramod\VX_csa_32\N=s32'00000000000000000000000000100000.\sv2v_cast_77CB4$func$/usr/local/src/mylex/nulex/mapper/exec/work/exec.v:49$1668.$result' from process `$paramod\VX_csa_32\N=s32'00000000000000000000000000100000.$proc$/usr/local/src/mylex/nulex/mapper/exec/work/exec.v:49$1672'.
No latch inferred for signal `$paramod\VX_csa_32\N=s32'00000000000000000000000000100000.\sv2v_cast_77CB4$func$/usr/local/src/mylex/nulex/mapper/exec/work/exec.v:49$1670.$result' from process `$paramod\VX_csa_32\N=s32'00000000000000000000000000100000.$proc$/usr/local/src/mylex/nulex/mapper/exec/work/exec.v:49$1672'.
No latch inferred for signal `$paramod\VX_csa_32\N=s32'00000000000000000000000000100000.\sv2v_cast_77CB4$func$/usr/local/src/mylex/nulex/mapper/exec/work/exec.v:49$1670.inp' from process `$paramod\VX_csa_32\N=s32'00000000000000000000000000100000.$proc$/usr/local/src/mylex/nulex/mapper/exec/work/exec.v:49$1672'.
No latch inferred for signal `$paramod$867d1f764aa3da698dc413872bfbc464cd1004b8\VX_pipe_buffer.\g_register.ready[1]' from process `$paramod$867d1f764aa3da698dc413872bfbc464cd1004b8\VX_pipe_buffer.$proc$/usr/local/src/mylex/nulex/mapper/exec/work/exec.v:2495$1893'.
No latch inferred for signal `$paramod$867d1f764aa3da698dc413872bfbc464cd1004b8\VX_pipe_buffer.\g_register.ready[0]' from process `$paramod$867d1f764aa3da698dc413872bfbc464cd1004b8\VX_pipe_buffer.$proc$/usr/local/src/mylex/nulex/mapper/exec/work/exec.v:2481$1890'.
No latch inferred for signal `\exec_top.\execute.sfu_unit.lane_gather.result_out_valid' from process `\exec_top.$proc$/usr/local/src/mylex/nulex/mapper/exec/work/exec.v:7480$1638'.
No latch inferred for signal `\exec_top.\execute.sfu_unit.lane_gather.result_out_data' from process `\exec_top.$proc$/usr/local/src/mylex/nulex/mapper/exec/work/exec.v:7480$1638'.
No latch inferred for signal `\exec_top.\execute.sfu_unit.lane_gather.sv2v_autoblock_8.i' from process `\exec_top.$proc$/usr/local/src/mylex/nulex/mapper/exec/work/exec.v:7480$1638'.
No latch inferred for signal `\exec_top.\execute.sfu_unit.lane_gather.sv2v_autoblock_9.i' from process `\exec_top.$proc$/usr/local/src/mylex/nulex/mapper/exec/work/exec.v:7480$1638'.
No latch inferred for signal `\exec_top.$bitselwrite$pos$/usr/local/src/mylex/nulex/mapper/exec/work/exec.v:7491$411' from process `\exec_top.$proc$/usr/local/src/mylex/nulex/mapper/exec/work/exec.v:7480$1638'.
No latch inferred for signal `\exec_top.$bitselwrite$rvalue$/usr/local/src/mylex/nulex/mapper/exec/work/exec.v:7492$412' from process `\exec_top.$proc$/usr/local/src/mylex/nulex/mapper/exec/work/exec.v:7480$1638'.
No latch inferred for signal `\exec_top.\execute.sfu_unit.csr_unit.csr_write_data' from process `\exec_top.$proc$/usr/local/src/mylex/nulex/mapper/exec/work/exec.v:7384$1634'.
No latch inferred for signal `\exec_top.\sv2v_cast_32$func$/usr/local/src/mylex/nulex/mapper/exec/work/exec.v:7381$409.$result' from process `\exec_top.$proc$/usr/local/src/mylex/nulex/mapper/exec/work/exec.v:7381$1627'.
No latch inferred for signal `\exec_top.\sv2v_cast_32$func$/usr/local/src/mylex/nulex/mapper/exec/work/exec.v:7381$486.$result' from process `\exec_top.$proc$/usr/local/src/mylex/nulex/mapper/exec/work/exec.v:7381$1627'.
No latch inferred for signal `\exec_top.\sv2v_cast_32$func$/usr/local/src/mylex/nulex/mapper/exec/work/exec.v:7381$486.inp' from process `\exec_top.$proc$/usr/local/src/mylex/nulex/mapper/exec/work/exec.v:7381$1627'.
No latch inferred for signal `\exec_top.\execute.sfu_unit.csr_unit.csr_read_data' from process `\exec_top.$proc$/usr/local/src/mylex/nulex/mapper/exec/work/exec.v:7367$1625'.
No latch inferred for signal `\exec_top.\execute.sfu_unit.csr_unit.csr_rd_enable' from process `\exec_top.$proc$/usr/local/src/mylex/nulex/mapper/exec/work/exec.v:7367$1625'.
No latch inferred for signal `\exec_top.\sv2v_cast_32$func$/usr/local/src/mylex/nulex/mapper/exec/work/exec.v:7365$408.$result' from process `\exec_top.$proc$/usr/local/src/mylex/nulex/mapper/exec/work/exec.v:7365$1616'.
No latch inferred for signal `\exec_top.\sv2v_cast_32$func$/usr/local/src/mylex/nulex/mapper/exec/work/exec.v:7365$485.$result' from process `\exec_top.$proc$/usr/local/src/mylex/nulex/mapper/exec/work/exec.v:7365$1616'.
No latch inferred for signal `\exec_top.\sv2v_cast_32$func$/usr/local/src/mylex/nulex/mapper/exec/work/exec.v:7365$485.inp' from process `\exec_top.$proc$/usr/local/src/mylex/nulex/mapper/exec/work/exec.v:7365$1616'.
No latch inferred for signal `\exec_top.\sv2v_cast_32$func$/usr/local/src/mylex/nulex/mapper/exec/work/exec.v:7364$407.$result' from process `\exec_top.$proc$/usr/local/src/mylex/nulex/mapper/exec/work/exec.v:7364$1607'.
No latch inferred for signal `\exec_top.\sv2v_cast_32$func$/usr/local/src/mylex/nulex/mapper/exec/work/exec.v:7364$484.$result' from process `\exec_top.$proc$/usr/local/src/mylex/nulex/mapper/exec/work/exec.v:7364$1607'.
No latch inferred for signal `\exec_top.\sv2v_cast_32$func$/usr/local/src/mylex/nulex/mapper/exec/work/exec.v:7364$484.inp' from process `\exec_top.$proc$/usr/local/src/mylex/nulex/mapper/exec/work/exec.v:7364$1607'.
No latch inferred for signal `\exec_top.\sv2v_cast_32$func$/usr/local/src/mylex/nulex/mapper/exec/work/exec.v:7363$406.$result' from process `\exec_top.$proc$/usr/local/src/mylex/nulex/mapper/exec/work/exec.v:7363$1599'.
No latch inferred for signal `\exec_top.\sv2v_cast_32$func$/usr/local/src/mylex/nulex/mapper/exec/work/exec.v:7363$483.$result' from process `\exec_top.$proc$/usr/local/src/mylex/nulex/mapper/exec/work/exec.v:7363$1599'.
No latch inferred for signal `\exec_top.\sv2v_cast_32$func$/usr/local/src/mylex/nulex/mapper/exec/work/exec.v:7363$483.inp' from process `\exec_top.$proc$/usr/local/src/mylex/nulex/mapper/exec/work/exec.v:7363$1599'.
No latch inferred for signal `\exec_top.\sv2v_cast_32$func$/usr/local/src/mylex/nulex/mapper/exec/work/exec.v:7365$404.$result' from process `\exec_top.$proc$/usr/local/src/mylex/nulex/mapper/exec/work/exec.v:7365$1590'.
No latch inferred for signal `\exec_top.\sv2v_cast_32$func$/usr/local/src/mylex/nulex/mapper/exec/work/exec.v:7365$482.$result' from process `\exec_top.$proc$/usr/local/src/mylex/nulex/mapper/exec/work/exec.v:7365$1590'.
No latch inferred for signal `\exec_top.\sv2v_cast_32$func$/usr/local/src/mylex/nulex/mapper/exec/work/exec.v:7365$482.inp' from process `\exec_top.$proc$/usr/local/src/mylex/nulex/mapper/exec/work/exec.v:7365$1590'.
No latch inferred for signal `\exec_top.\sv2v_cast_32$func$/usr/local/src/mylex/nulex/mapper/exec/work/exec.v:7364$403.$result' from process `\exec_top.$proc$/usr/local/src/mylex/nulex/mapper/exec/work/exec.v:7364$1581'.
No latch inferred for signal `\exec_top.\sv2v_cast_32$func$/usr/local/src/mylex/nulex/mapper/exec/work/exec.v:7364$481.$result' from process `\exec_top.$proc$/usr/local/src/mylex/nulex/mapper/exec/work/exec.v:7364$1581'.
No latch inferred for signal `\exec_top.\sv2v_cast_32$func$/usr/local/src/mylex/nulex/mapper/exec/work/exec.v:7364$481.inp' from process `\exec_top.$proc$/usr/local/src/mylex/nulex/mapper/exec/work/exec.v:7364$1581'.
No latch inferred for signal `\exec_top.\sv2v_cast_32$func$/usr/local/src/mylex/nulex/mapper/exec/work/exec.v:7363$402.$result' from process `\exec_top.$proc$/usr/local/src/mylex/nulex/mapper/exec/work/exec.v:7363$1573'.
No latch inferred for signal `\exec_top.\sv2v_cast_32$func$/usr/local/src/mylex/nulex/mapper/exec/work/exec.v:7363$480.$result' from process `\exec_top.$proc$/usr/local/src/mylex/nulex/mapper/exec/work/exec.v:7363$1573'.
No latch inferred for signal `\exec_top.\sv2v_cast_32$func$/usr/local/src/mylex/nulex/mapper/exec/work/exec.v:7363$480.inp' from process `\exec_top.$proc$/usr/local/src/mylex/nulex/mapper/exec/work/exec.v:7363$1573'.
No latch inferred for signal `\exec_top.\sv2v_cast_32$func$/usr/local/src/mylex/nulex/mapper/exec/work/exec.v:7353$400.$result' from process `\exec_top.$proc$/usr/local/src/mylex/nulex/mapper/exec/work/exec.v:7353$1566'.
No latch inferred for signal `\exec_top.\sv2v_cast_32$func$/usr/local/src/mylex/nulex/mapper/exec/work/exec.v:7353$479.$result' from process `\exec_top.$proc$/usr/local/src/mylex/nulex/mapper/exec/work/exec.v:7353$1566'.
No latch inferred for signal `\exec_top.\sv2v_cast_32$func$/usr/local/src/mylex/nulex/mapper/exec/work/exec.v:7353$479.inp' from process `\exec_top.$proc$/usr/local/src/mylex/nulex/mapper/exec/work/exec.v:7353$1566'.
No latch inferred for signal `\exec_top.\sv2v_cast_32$func$/usr/local/src/mylex/nulex/mapper/exec/work/exec.v:7353$399.$result' from process `\exec_top.$proc$/usr/local/src/mylex/nulex/mapper/exec/work/exec.v:7353$1559'.
No latch inferred for signal `\exec_top.\sv2v_cast_32$func$/usr/local/src/mylex/nulex/mapper/exec/work/exec.v:7353$478.$result' from process `\exec_top.$proc$/usr/local/src/mylex/nulex/mapper/exec/work/exec.v:7353$1559'.
No latch inferred for signal `\exec_top.\sv2v_cast_32$func$/usr/local/src/mylex/nulex/mapper/exec/work/exec.v:7353$478.inp' from process `\exec_top.$proc$/usr/local/src/mylex/nulex/mapper/exec/work/exec.v:7353$1559'.
No latch inferred for signal `\exec_top.\execute.sfu_unit.csr_unit.csr_data.read_data_ro_w' from process `\exec_top.$proc$/usr/local/src/mylex/nulex/mapper/exec/work/exec.v:7264$1493'.
No latch inferred for signal `\exec_top.\execute.sfu_unit.csr_unit.csr_data.read_data_rw_w' from process `\exec_top.$proc$/usr/local/src/mylex/nulex/mapper/exec/work/exec.v:7264$1493'.
No latch inferred for signal `\exec_top.\execute.sfu_unit.csr_unit.csr_data.read_addr_valid_w' from process `\exec_top.$proc$/usr/local/src/mylex/nulex/mapper/exec/work/exec.v:7264$1493'.
No latch inferred for signal `\exec_top.\sv2v_cast_32$func$/usr/local/src/mylex/nulex/mapper/exec/work/exec.v:7274$386.$result' from process `\exec_top.$proc$/usr/local/src/mylex/nulex/mapper/exec/work/exec.v:7264$1493'.
No latch inferred for signal `\exec_top.\sv2v_cast_32$func$/usr/local/src/mylex/nulex/mapper/exec/work/exec.v:7274$386.inp' from process `\exec_top.$proc$/usr/local/src/mylex/nulex/mapper/exec/work/exec.v:7264$1493'.
No latch inferred for signal `\exec_top.\sv2v_cast_32$func$/usr/local/src/mylex/nulex/mapper/exec/work/exec.v:7275$387.$result' from process `\exec_top.$proc$/usr/local/src/mylex/nulex/mapper/exec/work/exec.v:7264$1493'.
No latch inferred for signal `\exec_top.\sv2v_cast_32$func$/usr/local/src/mylex/nulex/mapper/exec/work/exec.v:7275$387.inp' from process `\exec_top.$proc$/usr/local/src/mylex/nulex/mapper/exec/work/exec.v:7264$1493'.
No latch inferred for signal `\exec_top.\sv2v_cast_32$func$/usr/local/src/mylex/nulex/mapper/exec/work/exec.v:7276$388.$result' from process `\exec_top.$proc$/usr/local/src/mylex/nulex/mapper/exec/work/exec.v:7264$1493'.
No latch inferred for signal `\exec_top.\sv2v_cast_32$func$/usr/local/src/mylex/nulex/mapper/exec/work/exec.v:7276$388.inp' from process `\exec_top.$proc$/usr/local/src/mylex/nulex/mapper/exec/work/exec.v:7264$1493'.
No latch inferred for signal `\exec_top.\sv2v_cast_32$func$/usr/local/src/mylex/nulex/mapper/exec/work/exec.v:7280$389.$result' from process `\exec_top.$proc$/usr/local/src/mylex/nulex/mapper/exec/work/exec.v:7264$1493'.
No latch inferred for signal `\exec_top.\sv2v_cast_32$func$/usr/local/src/mylex/nulex/mapper/exec/work/exec.v:7280$389.inp' from process `\exec_top.$proc$/usr/local/src/mylex/nulex/mapper/exec/work/exec.v:7264$1493'.
No latch inferred for signal `\exec_top.\sv2v_cast_32$func$/usr/local/src/mylex/nulex/mapper/exec/work/exec.v:7281$390.$result' from process `\exec_top.$proc$/usr/local/src/mylex/nulex/mapper/exec/work/exec.v:7264$1493'.
No latch inferred for signal `\exec_top.\sv2v_cast_32$func$/usr/local/src/mylex/nulex/mapper/exec/work/exec.v:7281$390.inp' from process `\exec_top.$proc$/usr/local/src/mylex/nulex/mapper/exec/work/exec.v:7264$1493'.
No latch inferred for signal `\exec_top.\sv2v_cast_32$func$/usr/local/src/mylex/nulex/mapper/exec/work/exec.v:7282$391.$result' from process `\exec_top.$proc$/usr/local/src/mylex/nulex/mapper/exec/work/exec.v:7264$1493'.
No latch inferred for signal `\exec_top.\sv2v_cast_32$func$/usr/local/src/mylex/nulex/mapper/exec/work/exec.v:7282$391.inp' from process `\exec_top.$proc$/usr/local/src/mylex/nulex/mapper/exec/work/exec.v:7264$1493'.
No latch inferred for signal `\exec_top.\execute.sfu_unit.csr_unit.csr_data.VX_gpu_pkg_to_fullPC$func$/usr/local/src/mylex/nulex/mapper/exec/work/exec.v:7288$392.$result' from process `\exec_top.$proc$/usr/local/src/mylex/nulex/mapper/exec/work/exec.v:7264$1493'.
No latch inferred for signal `\exec_top.\execute.sfu_unit.csr_unit.csr_data.VX_gpu_pkg_to_fullPC$func$/usr/local/src/mylex/nulex/mapper/exec/work/exec.v:7288$392.pc' from process `\exec_top.$proc$/usr/local/src/mylex/nulex/mapper/exec/work/exec.v:7264$1493'.
No latch inferred for signal `\exec_top.\sv2v_cast_32$func$/usr/local/src/mylex/nulex/mapper/exec/work/exec.v:7262$393.$result' from process `\exec_top.$proc$/usr/local/src/mylex/nulex/mapper/exec/work/exec.v:7264$1493'.
No latch inferred for signal `\exec_top.\sv2v_cast_32$func$/usr/local/src/mylex/nulex/mapper/exec/work/exec.v:7262$393.inp' from process `\exec_top.$proc$/usr/local/src/mylex/nulex/mapper/exec/work/exec.v:7264$1493'.
No latch inferred for signal `\exec_top.\sv2v_cast_32$func$/usr/local/src/mylex/nulex/mapper/exec/work/exec.v:7289$394.$result' from process `\exec_top.$proc$/usr/local/src/mylex/nulex/mapper/exec/work/exec.v:7264$1493'.
No latch inferred for signal `\exec_top.\sv2v_cast_32$func$/usr/local/src/mylex/nulex/mapper/exec/work/exec.v:7289$394.inp' from process `\exec_top.$proc$/usr/local/src/mylex/nulex/mapper/exec/work/exec.v:7264$1493'.
No latch inferred for signal `\exec_top.\sv2v_cast_32$func$/usr/local/src/mylex/nulex/mapper/exec/work/exec.v:7291$395.$result' from process `\exec_top.$proc$/usr/local/src/mylex/nulex/mapper/exec/work/exec.v:7264$1493'.
No latch inferred for signal `\exec_top.\sv2v_cast_32$func$/usr/local/src/mylex/nulex/mapper/exec/work/exec.v:7291$395.inp' from process `\exec_top.$proc$/usr/local/src/mylex/nulex/mapper/exec/work/exec.v:7264$1493'.
No latch inferred for signal `\exec_top.\sv2v_cast_32$func$/usr/local/src/mylex/nulex/mapper/exec/work/exec.v:7292$396.$result' from process `\exec_top.$proc$/usr/local/src/mylex/nulex/mapper/exec/work/exec.v:7264$1493'.
No latch inferred for signal `\exec_top.\sv2v_cast_32$func$/usr/local/src/mylex/nulex/mapper/exec/work/exec.v:7292$396.inp' from process `\exec_top.$proc$/usr/local/src/mylex/nulex/mapper/exec/work/exec.v:7264$1493'.
No latch inferred for signal `\exec_top.\sv2v_cast_32$func$/usr/local/src/mylex/nulex/mapper/exec/work/exec.v:7299$397.$result' from process `\exec_top.$proc$/usr/local/src/mylex/nulex/mapper/exec/work/exec.v:7264$1493'.
No latch inferred for signal `\exec_top.\sv2v_cast_32$func$/usr/local/src/mylex/nulex/mapper/exec/work/exec.v:7299$397.inp' from process `\exec_top.$proc$/usr/local/src/mylex/nulex/mapper/exec/work/exec.v:7264$1493'.
No latch inferred for signal `\exec_top.\sv2v_cast_32$func$/usr/local/src/mylex/nulex/mapper/exec/work/exec.v:7301$398.$result' from process `\exec_top.$proc$/usr/local/src/mylex/nulex/mapper/exec/work/exec.v:7264$1493'.
No latch inferred for signal `\exec_top.\sv2v_cast_32$func$/usr/local/src/mylex/nulex/mapper/exec/work/exec.v:7301$398.inp' from process `\exec_top.$proc$/usr/local/src/mylex/nulex/mapper/exec/work/exec.v:7264$1493'.
No latch inferred for signal `\exec_top.\sv2v_cast_1$func$/usr/local/src/mylex/nulex/mapper/exec/work/exec.v:7530$413.$result' from process `\exec_top.$proc$/usr/local/src/mylex/nulex/mapper/exec/work/exec.v:7530$1651'.
No latch inferred for signal `\exec_top.\sv2v_cast_1$func$/usr/local/src/mylex/nulex/mapper/exec/work/exec.v:7530$487.$result' from process `\exec_top.$proc$/usr/local/src/mylex/nulex/mapper/exec/work/exec.v:7530$1651'.
No latch inferred for signal `\exec_top.\sv2v_cast_1$func$/usr/local/src/mylex/nulex/mapper/exec/work/exec.v:7530$487.inp' from process `\exec_top.$proc$/usr/local/src/mylex/nulex/mapper/exec/work/exec.v:7530$1651'.
No latch inferred for signal `\exec_top.\sv2v_cast_32$func$/usr/local/src/mylex/nulex/mapper/exec/work/exec.v:7153$385.$result' from process `\exec_top.$proc$/usr/local/src/mylex/nulex/mapper/exec/work/exec.v:7153$1463'.
No latch inferred for signal `\exec_top.\sv2v_cast_32$func$/usr/local/src/mylex/nulex/mapper/exec/work/exec.v:7153$477.$result' from process `\exec_top.$proc$/usr/local/src/mylex/nulex/mapper/exec/work/exec.v:7153$1463'.
No latch inferred for signal `\exec_top.\sv2v_cast_32$func$/usr/local/src/mylex/nulex/mapper/exec/work/exec.v:7153$477.inp' from process `\exec_top.$proc$/usr/local/src/mylex/nulex/mapper/exec/work/exec.v:7153$1463'.
No latch inferred for signal `\exec_top.\sv2v_cast_32$func$/usr/local/src/mylex/nulex/mapper/exec/work/exec.v:7153$384.$result' from process `\exec_top.$proc$/usr/local/src/mylex/nulex/mapper/exec/work/exec.v:7153$1459'.
No latch inferred for signal `\exec_top.\sv2v_cast_32$func$/usr/local/src/mylex/nulex/mapper/exec/work/exec.v:7153$476.$result' from process `\exec_top.$proc$/usr/local/src/mylex/nulex/mapper/exec/work/exec.v:7153$1459'.
No latch inferred for signal `\exec_top.\sv2v_cast_32$func$/usr/local/src/mylex/nulex/mapper/exec/work/exec.v:7153$476.inp' from process `\exec_top.$proc$/usr/local/src/mylex/nulex/mapper/exec/work/exec.v:7153$1459'.
No latch inferred for signal `\exec_top.\sv2v_cast_32$func$/usr/local/src/mylex/nulex/mapper/exec/work/exec.v:7153$383.$result' from process `\exec_top.$proc$/usr/local/src/mylex/nulex/mapper/exec/work/exec.v:7153$1454'.
No latch inferred for signal `\exec_top.\sv2v_cast_32$func$/usr/local/src/mylex/nulex/mapper/exec/work/exec.v:7153$475.$result' from process `\exec_top.$proc$/usr/local/src/mylex/nulex/mapper/exec/work/exec.v:7153$1454'.
No latch inferred for signal `\exec_top.\sv2v_cast_32$func$/usr/local/src/mylex/nulex/mapper/exec/work/exec.v:7153$475.inp' from process `\exec_top.$proc$/usr/local/src/mylex/nulex/mapper/exec/work/exec.v:7153$1454'.
No latch inferred for signal `\exec_top.\sv2v_cast_32$func$/usr/local/src/mylex/nulex/mapper/exec/work/exec.v:7153$382.$result' from process `\exec_top.$proc$/usr/local/src/mylex/nulex/mapper/exec/work/exec.v:7153$1450'.
No latch inferred for signal `\exec_top.\sv2v_cast_32$func$/usr/local/src/mylex/nulex/mapper/exec/work/exec.v:7153$474.$result' from process `\exec_top.$proc$/usr/local/src/mylex/nulex/mapper/exec/work/exec.v:7153$1450'.
No latch inferred for signal `\exec_top.\sv2v_cast_32$func$/usr/local/src/mylex/nulex/mapper/exec/work/exec.v:7153$474.inp' from process `\exec_top.$proc$/usr/local/src/mylex/nulex/mapper/exec/work/exec.v:7153$1450'.
No latch inferred for signal `\exec_top.\execute.sfu_unit.wctl_unit.VX_gpu_pkg_from_fullPC$func$/usr/local/src/mylex/nulex/mapper/exec/work/exec.v:7101$381.$result' from process `\exec_top.$proc$/usr/local/src/mylex/nulex/mapper/exec/work/exec.v:7101$1423'.
No latch inferred for signal `\exec_top.\execute.sfu_unit.wctl_unit.VX_gpu_pkg_from_fullPC$func$/usr/local/src/mylex/nulex/mapper/exec/work/exec.v:7101$472.$result' from process `\exec_top.$proc$/usr/local/src/mylex/nulex/mapper/exec/work/exec.v:7101$1423'.
No latch inferred for signal `\exec_top.\execute.sfu_unit.wctl_unit.VX_gpu_pkg_from_fullPC$func$/usr/local/src/mylex/nulex/mapper/exec/work/exec.v:7101$472.pc' from process `\exec_top.$proc$/usr/local/src/mylex/nulex/mapper/exec/work/exec.v:7101$1423'.
No latch inferred for signal `\exec_top.\sv2v_cast_30$func$/usr/local/src/mylex/nulex/mapper/exec/work/exec.v:7069$473.$result' from process `\exec_top.$proc$/usr/local/src/mylex/nulex/mapper/exec/work/exec.v:7101$1423'.
No latch inferred for signal `\exec_top.\sv2v_cast_30$func$/usr/local/src/mylex/nulex/mapper/exec/work/exec.v:7069$473.inp' from process `\exec_top.$proc$/usr/local/src/mylex/nulex/mapper/exec/work/exec.v:7101$1423'.
No latch inferred for signal `\exec_top.\execute.sfu_unit.pe_select' from process `\exec_top.$proc$/usr/local/src/mylex/nulex/mapper/exec/work/exec.v:6847$1360'.
No latch inferred for signal `\exec_top.\execute.sfu_unit.VX_gpu_pkg_inst_sfu_is_csr$func$/usr/local/src/mylex/nulex/mapper/exec/work/exec.v:6849$377.$result' from process `\exec_top.$proc$/usr/local/src/mylex/nulex/mapper/exec/work/exec.v:6847$1360'.
No latch inferred for signal `\exec_top.\execute.sfu_unit.VX_gpu_pkg_inst_sfu_is_csr$func$/usr/local/src/mylex/nulex/mapper/exec/work/exec.v:6849$377.op' from process `\exec_top.$proc$/usr/local/src/mylex/nulex/mapper/exec/work/exec.v:6847$1360'.
No latch inferred for signal `\exec_top.\execute.sfu_unit.lane_dispatch.ready_in' from process `\exec_top.$proc$/usr/local/src/mylex/nulex/mapper/exec/work/exec.v:6817$1350'.
No latch inferred for signal `\exec_top.\execute.sfu_unit.lane_dispatch.sv2v_autoblock_7.block_idx' from process `\exec_top.$proc$/usr/local/src/mylex/nulex/mapper/exec/work/exec.v:6817$1350'.
No latch inferred for signal `\exec_top.$bitselwrite$pos$/usr/local/src/mylex/nulex/mapper/exec/work/exec.v:6822$375' from process `\exec_top.$proc$/usr/local/src/mylex/nulex/mapper/exec/work/exec.v:6817$1350'.
No latch inferred for signal `\exec_top.\sv2v_cast_1$func$/usr/local/src/mylex/nulex/mapper/exec/work/exec.v:6798$374.$result' from process `\exec_top.$proc$/usr/local/src/mylex/nulex/mapper/exec/work/exec.v:6798$1332'.
No latch inferred for signal `\exec_top.\sv2v_cast_1$func$/usr/local/src/mylex/nulex/mapper/exec/work/exec.v:6798$471.$result' from process `\exec_top.$proc$/usr/local/src/mylex/nulex/mapper/exec/work/exec.v:6798$1332'.
No latch inferred for signal `\exec_top.\sv2v_cast_1$func$/usr/local/src/mylex/nulex/mapper/exec/work/exec.v:6798$471.inp' from process `\exec_top.$proc$/usr/local/src/mylex/nulex/mapper/exec/work/exec.v:6798$1332'.
No latch inferred for signal `\exec_top.\execute.sfu_unit.lane_dispatch.VX_gpu_pkg_wis_to_wid$func$/usr/local/src/mylex/nulex/mapper/exec/work/exec.v:6797$373.$result' from process `\exec_top.$proc$/usr/local/src/mylex/nulex/mapper/exec/work/exec.v:6797$1327'.
No latch inferred for signal `\exec_top.\execute.sfu_unit.lane_dispatch.VX_gpu_pkg_wis_to_wid$func$/usr/local/src/mylex/nulex/mapper/exec/work/exec.v:6797$470.$result' from process `\exec_top.$proc$/usr/local/src/mylex/nulex/mapper/exec/work/exec.v:6797$1327'.
No latch inferred for signal `\exec_top.\execute.sfu_unit.lane_dispatch.VX_gpu_pkg_wis_to_wid$func$/usr/local/src/mylex/nulex/mapper/exec/work/exec.v:6797$470.wis' from process `\exec_top.$proc$/usr/local/src/mylex/nulex/mapper/exec/work/exec.v:6797$1327'.
No latch inferred for signal `\exec_top.\execute.sfu_unit.lane_dispatch.VX_gpu_pkg_wis_to_wid$func$/usr/local/src/mylex/nulex/mapper/exec/work/exec.v:6797$470.isw' from process `\exec_top.$proc$/usr/local/src/mylex/nulex/mapper/exec/work/exec.v:6797$1327'.
No latch inferred for signal `\exec_top.\sv2v_cast_1$func$/usr/local/src/mylex/nulex/mapper/exec/work/exec.v:6756$371.$result' from process `\exec_top.$proc$/usr/local/src/mylex/nulex/mapper/exec/work/exec.v:6756$1285'.
No latch inferred for signal `\exec_top.\sv2v_cast_1$func$/usr/local/src/mylex/nulex/mapper/exec/work/exec.v:6756$469.$result' from process `\exec_top.$proc$/usr/local/src/mylex/nulex/mapper/exec/work/exec.v:6756$1285'.
No latch inferred for signal `\exec_top.\sv2v_cast_1$func$/usr/local/src/mylex/nulex/mapper/exec/work/exec.v:6756$469.inp' from process `\exec_top.$proc$/usr/local/src/mylex/nulex/mapper/exec/work/exec.v:6756$1285'.
No latch inferred for signal `\exec_top.\sv2v_cast_1$func$/usr/local/src/mylex/nulex/mapper/exec/work/exec.v:6613$370.$result' from process `\exec_top.$proc$/usr/local/src/mylex/nulex/mapper/exec/work/exec.v:6613$1280'.
No latch inferred for signal `\exec_top.\sv2v_cast_1$func$/usr/local/src/mylex/nulex/mapper/exec/work/exec.v:6613$468.$result' from process `\exec_top.$proc$/usr/local/src/mylex/nulex/mapper/exec/work/exec.v:6613$1280'.
No latch inferred for signal `\exec_top.\sv2v_cast_1$func$/usr/local/src/mylex/nulex/mapper/exec/work/exec.v:6613$468.inp' from process `\exec_top.$proc$/usr/local/src/mylex/nulex/mapper/exec/work/exec.v:6613$1280'.
No latch inferred for signal `\exec_top.\execute.lsu_unit.lane_gather.result_out_valid' from process `\exec_top.$proc$/usr/local/src/mylex/nulex/mapper/exec/work/exec.v:6563$1267'.
No latch inferred for signal `\exec_top.\execute.lsu_unit.lane_gather.result_out_data' from process `\exec_top.$proc$/usr/local/src/mylex/nulex/mapper/exec/work/exec.v:6563$1267'.
No latch inferred for signal `\exec_top.\execute.lsu_unit.lane_gather.sv2v_autoblock_5.i' from process `\exec_top.$proc$/usr/local/src/mylex/nulex/mapper/exec/work/exec.v:6563$1267'.
No latch inferred for signal `\exec_top.\execute.lsu_unit.lane_gather.sv2v_autoblock_6.i' from process `\exec_top.$proc$/usr/local/src/mylex/nulex/mapper/exec/work/exec.v:6563$1267'.
No latch inferred for signal `\exec_top.$bitselwrite$pos$/usr/local/src/mylex/nulex/mapper/exec/work/exec.v:6574$368' from process `\exec_top.$proc$/usr/local/src/mylex/nulex/mapper/exec/work/exec.v:6563$1267'.
No latch inferred for signal `\exec_top.$bitselwrite$rvalue$/usr/local/src/mylex/nulex/mapper/exec/work/exec.v:6575$369' from process `\exec_top.$proc$/usr/local/src/mylex/nulex/mapper/exec/work/exec.v:6563$1267'.
No latch inferred for signal `\exec_top.\execute.lsu_unit.g_blocks[0].lsu_slice.rsp_hdr2' from process `\exec_top.$proc$/usr/local/src/mylex/nulex/mapper/exec/work/exec.v:6452$1266'.
No latch inferred for signal `\exec_top.\execute.lsu_unit.g_blocks[0].lsu_slice.rsp_data [63:32]' from process `\exec_top.$proc$/usr/local/src/mylex/nulex/mapper/exec/work/exec.v:6441$1243'.
No latch inferred for signal `\exec_top.\execute.lsu_unit.g_blocks[0].lsu_slice.VX_gpu_pkg_inst_lsu_fmt$func$/usr/local/src/mylex/nulex/mapper/exec/work/exec.v:6442$361.$result' from process `\exec_top.$proc$/usr/local/src/mylex/nulex/mapper/exec/work/exec.v:6441$1243'.
No latch inferred for signal `\exec_top.\execute.lsu_unit.g_blocks[0].lsu_slice.VX_gpu_pkg_inst_lsu_fmt$func$/usr/local/src/mylex/nulex/mapper/exec/work/exec.v:6442$361.op' from process `\exec_top.$proc$/usr/local/src/mylex/nulex/mapper/exec/work/exec.v:6441$1243'.
No latch inferred for signal `\exec_top.\sv2v_cast_32_signed$func$/usr/local/src/mylex/nulex/mapper/exec/work/exec.v:6443$362.$result' from process `\exec_top.$proc$/usr/local/src/mylex/nulex/mapper/exec/work/exec.v:6441$1243'.
No latch inferred for signal `\exec_top.\sv2v_cast_32_signed$func$/usr/local/src/mylex/nulex/mapper/exec/work/exec.v:6443$362.inp' from process `\exec_top.$proc$/usr/local/src/mylex/nulex/mapper/exec/work/exec.v:6441$1243'.
No latch inferred for signal `\exec_top.\sv2v_cast_32_signed$func$/usr/local/src/mylex/nulex/mapper/exec/work/exec.v:6444$363.$result' from process `\exec_top.$proc$/usr/local/src/mylex/nulex/mapper/exec/work/exec.v:6441$1243'.
No latch inferred for signal `\exec_top.\sv2v_cast_32_signed$func$/usr/local/src/mylex/nulex/mapper/exec/work/exec.v:6444$363.inp' from process `\exec_top.$proc$/usr/local/src/mylex/nulex/mapper/exec/work/exec.v:6441$1243'.
No latch inferred for signal `\exec_top.\sv2v_cast_32$func$/usr/local/src/mylex/nulex/mapper/exec/work/exec.v:6445$364.$result' from process `\exec_top.$proc$/usr/local/src/mylex/nulex/mapper/exec/work/exec.v:6441$1243'.
No latch inferred for signal `\exec_top.\sv2v_cast_32$func$/usr/local/src/mylex/nulex/mapper/exec/work/exec.v:6445$364.inp' from process `\exec_top.$proc$/usr/local/src/mylex/nulex/mapper/exec/work/exec.v:6441$1243'.
No latch inferred for signal `\exec_top.\sv2v_cast_32$func$/usr/local/src/mylex/nulex/mapper/exec/work/exec.v:6446$365.$result' from process `\exec_top.$proc$/usr/local/src/mylex/nulex/mapper/exec/work/exec.v:6441$1243'.
No latch inferred for signal `\exec_top.\sv2v_cast_32$func$/usr/local/src/mylex/nulex/mapper/exec/work/exec.v:6446$365.inp' from process `\exec_top.$proc$/usr/local/src/mylex/nulex/mapper/exec/work/exec.v:6441$1243'.
No latch inferred for signal `\exec_top.\sv2v_cast_32_signed$func$/usr/local/src/mylex/nulex/mapper/exec/work/exec.v:6447$366.$result' from process `\exec_top.$proc$/usr/local/src/mylex/nulex/mapper/exec/work/exec.v:6441$1243'.
No latch inferred for signal `\exec_top.\sv2v_cast_32_signed$func$/usr/local/src/mylex/nulex/mapper/exec/work/exec.v:6447$366.inp' from process `\exec_top.$proc$/usr/local/src/mylex/nulex/mapper/exec/work/exec.v:6441$1243'.
No latch inferred for signal `\exec_top.\execute.lsu_unit.g_blocks[0].lsu_slice.rsp_data [31:0]' from process `\exec_top.$proc$/usr/local/src/mylex/nulex/mapper/exec/work/exec.v:6441$1218'.
No latch inferred for signal `\exec_top.\execute.lsu_unit.g_blocks[0].lsu_slice.VX_gpu_pkg_inst_lsu_fmt$func$/usr/local/src/mylex/nulex/mapper/exec/work/exec.v:6442$355.$result' from process `\exec_top.$proc$/usr/local/src/mylex/nulex/mapper/exec/work/exec.v:6441$1218'.
No latch inferred for signal `\exec_top.\execute.lsu_unit.g_blocks[0].lsu_slice.VX_gpu_pkg_inst_lsu_fmt$func$/usr/local/src/mylex/nulex/mapper/exec/work/exec.v:6442$355.op' from process `\exec_top.$proc$/usr/local/src/mylex/nulex/mapper/exec/work/exec.v:6441$1218'.
No latch inferred for signal `\exec_top.\sv2v_cast_32_signed$func$/usr/local/src/mylex/nulex/mapper/exec/work/exec.v:6443$356.$result' from process `\exec_top.$proc$/usr/local/src/mylex/nulex/mapper/exec/work/exec.v:6441$1218'.
No latch inferred for signal `\exec_top.\sv2v_cast_32_signed$func$/usr/local/src/mylex/nulex/mapper/exec/work/exec.v:6443$356.inp' from process `\exec_top.$proc$/usr/local/src/mylex/nulex/mapper/exec/work/exec.v:6441$1218'.
No latch inferred for signal `\exec_top.\sv2v_cast_32_signed$func$/usr/local/src/mylex/nulex/mapper/exec/work/exec.v:6444$357.$result' from process `\exec_top.$proc$/usr/local/src/mylex/nulex/mapper/exec/work/exec.v:6441$1218'.
No latch inferred for signal `\exec_top.\sv2v_cast_32_signed$func$/usr/local/src/mylex/nulex/mapper/exec/work/exec.v:6444$357.inp' from process `\exec_top.$proc$/usr/local/src/mylex/nulex/mapper/exec/work/exec.v:6441$1218'.
No latch inferred for signal `\exec_top.\sv2v_cast_32$func$/usr/local/src/mylex/nulex/mapper/exec/work/exec.v:6445$358.$result' from process `\exec_top.$proc$/usr/local/src/mylex/nulex/mapper/exec/work/exec.v:6441$1218'.
No latch inferred for signal `\exec_top.\sv2v_cast_32$func$/usr/local/src/mylex/nulex/mapper/exec/work/exec.v:6445$358.inp' from process `\exec_top.$proc$/usr/local/src/mylex/nulex/mapper/exec/work/exec.v:6441$1218'.
No latch inferred for signal `\exec_top.\sv2v_cast_32$func$/usr/local/src/mylex/nulex/mapper/exec/work/exec.v:6446$359.$result' from process `\exec_top.$proc$/usr/local/src/mylex/nulex/mapper/exec/work/exec.v:6441$1218'.
No latch inferred for signal `\exec_top.\sv2v_cast_32$func$/usr/local/src/mylex/nulex/mapper/exec/work/exec.v:6446$359.inp' from process `\exec_top.$proc$/usr/local/src/mylex/nulex/mapper/exec/work/exec.v:6441$1218'.
No latch inferred for signal `\exec_top.\sv2v_cast_32_signed$func$/usr/local/src/mylex/nulex/mapper/exec/work/exec.v:6447$360.$result' from process `\exec_top.$proc$/usr/local/src/mylex/nulex/mapper/exec/work/exec.v:6441$1218'.
No latch inferred for signal `\exec_top.\sv2v_cast_32_signed$func$/usr/local/src/mylex/nulex/mapper/exec/work/exec.v:6447$360.inp' from process `\exec_top.$proc$/usr/local/src/mylex/nulex/mapper/exec/work/exec.v:6441$1218'.
No latch inferred for signal `\exec_top.\execute.lsu_unit.g_blocks[0].lsu_slice.mem_req_data [63:32]' from process `\exec_top.$proc$/usr/local/src/mylex/nulex/mapper/exec/work/exec.v:6388$1215'.
No latch inferred for signal `\exec_top.\execute.lsu_unit.g_blocks[0].lsu_slice.mem_req_data [31:0]' from process `\exec_top.$proc$/usr/local/src/mylex/nulex/mapper/exec/work/exec.v:6388$1214'.
No latch inferred for signal `\exec_top.\execute.lsu_unit.g_blocks[0].lsu_slice.g_mem_req_byteen_w[1].mem_req_byteen_w' from process `\exec_top.$proc$/usr/local/src/mylex/nulex/mapper/exec/work/exec.v:6367$1182'.
No latch inferred for signal `\exec_top.\execute.lsu_unit.g_blocks[0].lsu_slice.VX_gpu_pkg_inst_lsu_wsize$func$/usr/local/src/mylex/nulex/mapper/exec/work/exec.v:6369$351.$result' from process `\exec_top.$proc$/usr/local/src/mylex/nulex/mapper/exec/work/exec.v:6367$1182'.
No latch inferred for signal `\exec_top.\execute.lsu_unit.g_blocks[0].lsu_slice.VX_gpu_pkg_inst_lsu_wsize$func$/usr/local/src/mylex/nulex/mapper/exec/work/exec.v:6369$351.op' from process `\exec_top.$proc$/usr/local/src/mylex/nulex/mapper/exec/work/exec.v:6367$1182'.
No latch inferred for signal `\exec_top.$bitselwrite$pos$/usr/local/src/mylex/nulex/mapper/exec/work/exec.v:6370$352' from process `\exec_top.$proc$/usr/local/src/mylex/nulex/mapper/exec/work/exec.v:6367$1182'.
No latch inferred for signal `\exec_top.$bitselwrite$pos$/usr/local/src/mylex/nulex/mapper/exec/work/exec.v:6372$353' from process `\exec_top.$proc$/usr/local/src/mylex/nulex/mapper/exec/work/exec.v:6367$1182'.
No latch inferred for signal `\exec_top.$bitselwrite$pos$/usr/local/src/mylex/nulex/mapper/exec/work/exec.v:6373$354' from process `\exec_top.$proc$/usr/local/src/mylex/nulex/mapper/exec/work/exec.v:6367$1182'.
No latch inferred for signal `\exec_top.\execute.lsu_unit.g_blocks[0].lsu_slice.g_mem_req_byteen_w[0].mem_req_byteen_w' from process `\exec_top.$proc$/usr/local/src/mylex/nulex/mapper/exec/work/exec.v:6367$1152'.
No latch inferred for signal `\exec_top.\execute.lsu_unit.g_blocks[0].lsu_slice.VX_gpu_pkg_inst_lsu_wsize$func$/usr/local/src/mylex/nulex/mapper/exec/work/exec.v:6369$347.$result' from process `\exec_top.$proc$/usr/local/src/mylex/nulex/mapper/exec/work/exec.v:6367$1152'.
No latch inferred for signal `\exec_top.\execute.lsu_unit.g_blocks[0].lsu_slice.VX_gpu_pkg_inst_lsu_wsize$func$/usr/local/src/mylex/nulex/mapper/exec/work/exec.v:6369$347.op' from process `\exec_top.$proc$/usr/local/src/mylex/nulex/mapper/exec/work/exec.v:6367$1152'.
No latch inferred for signal `\exec_top.$bitselwrite$pos$/usr/local/src/mylex/nulex/mapper/exec/work/exec.v:6370$348' from process `\exec_top.$proc$/usr/local/src/mylex/nulex/mapper/exec/work/exec.v:6367$1152'.
No latch inferred for signal `\exec_top.$bitselwrite$pos$/usr/local/src/mylex/nulex/mapper/exec/work/exec.v:6372$349' from process `\exec_top.$proc$/usr/local/src/mylex/nulex/mapper/exec/work/exec.v:6367$1152'.
No latch inferred for signal `\exec_top.$bitselwrite$pos$/usr/local/src/mylex/nulex/mapper/exec/work/exec.v:6373$350' from process `\exec_top.$proc$/usr/local/src/mylex/nulex/mapper/exec/work/exec.v:6367$1152'.
No latch inferred for signal `\exec_top.\execute.lsu_unit.g_blocks[0].lsu_slice.VX_gpu_pkg_inst_lsu_is_fence$func$/usr/local/src/mylex/nulex/mapper/exec/work/exec.v:6335$346.$result' from process `\exec_top.$proc$/usr/local/src/mylex/nulex/mapper/exec/work/exec.v:6335$1115'.
No latch inferred for signal `\exec_top.\execute.lsu_unit.g_blocks[0].lsu_slice.VX_gpu_pkg_inst_lsu_is_fence$func$/usr/local/src/mylex/nulex/mapper/exec/work/exec.v:6335$467.$result' from process `\exec_top.$proc$/usr/local/src/mylex/nulex/mapper/exec/work/exec.v:6335$1115'.
No latch inferred for signal `\exec_top.\execute.lsu_unit.g_blocks[0].lsu_slice.VX_gpu_pkg_inst_lsu_is_fence$func$/usr/local/src/mylex/nulex/mapper/exec/work/exec.v:6335$467.op' from process `\exec_top.$proc$/usr/local/src/mylex/nulex/mapper/exec/work/exec.v:6335$1115'.
No latch inferred for signal `\exec_top.\sv2v_cast_2$func$/usr/local/src/mylex/nulex/mapper/exec/work/exec.v:6301$345.$result' from process `\exec_top.$proc$/usr/local/src/mylex/nulex/mapper/exec/work/exec.v:6301$1106'.
No latch inferred for signal `\exec_top.\sv2v_cast_2$func$/usr/local/src/mylex/nulex/mapper/exec/work/exec.v:6301$466.$result' from process `\exec_top.$proc$/usr/local/src/mylex/nulex/mapper/exec/work/exec.v:6301$1106'.
No latch inferred for signal `\exec_top.\sv2v_cast_2$func$/usr/local/src/mylex/nulex/mapper/exec/work/exec.v:6301$466.inp' from process `\exec_top.$proc$/usr/local/src/mylex/nulex/mapper/exec/work/exec.v:6301$1106'.
No latch inferred for signal `\exec_top.\sv2v_cast_2$func$/usr/local/src/mylex/nulex/mapper/exec/work/exec.v:6301$343.$result' from process `\exec_top.$proc$/usr/local/src/mylex/nulex/mapper/exec/work/exec.v:6301$1102'.
No latch inferred for signal `\exec_top.\sv2v_cast_2$func$/usr/local/src/mylex/nulex/mapper/exec/work/exec.v:6301$465.$result' from process `\exec_top.$proc$/usr/local/src/mylex/nulex/mapper/exec/work/exec.v:6301$1102'.
No latch inferred for signal `\exec_top.\sv2v_cast_2$func$/usr/local/src/mylex/nulex/mapper/exec/work/exec.v:6301$465.inp' from process `\exec_top.$proc$/usr/local/src/mylex/nulex/mapper/exec/work/exec.v:6301$1102'.
No latch inferred for signal `\exec_top.\sv2v_cast_2$func$/usr/local/src/mylex/nulex/mapper/exec/work/exec.v:6301$339.$result' from process `\exec_top.$proc$/usr/local/src/mylex/nulex/mapper/exec/work/exec.v:6301$1092'.
No latch inferred for signal `\exec_top.\sv2v_cast_2$func$/usr/local/src/mylex/nulex/mapper/exec/work/exec.v:6301$464.$result' from process `\exec_top.$proc$/usr/local/src/mylex/nulex/mapper/exec/work/exec.v:6301$1092'.
No latch inferred for signal `\exec_top.\sv2v_cast_2$func$/usr/local/src/mylex/nulex/mapper/exec/work/exec.v:6301$464.inp' from process `\exec_top.$proc$/usr/local/src/mylex/nulex/mapper/exec/work/exec.v:6301$1092'.
No latch inferred for signal `\exec_top.\sv2v_cast_2$func$/usr/local/src/mylex/nulex/mapper/exec/work/exec.v:6301$337.$result' from process `\exec_top.$proc$/usr/local/src/mylex/nulex/mapper/exec/work/exec.v:6301$1088'.
No latch inferred for signal `\exec_top.\sv2v_cast_2$func$/usr/local/src/mylex/nulex/mapper/exec/work/exec.v:6301$463.$result' from process `\exec_top.$proc$/usr/local/src/mylex/nulex/mapper/exec/work/exec.v:6301$1088'.
No latch inferred for signal `\exec_top.\sv2v_cast_2$func$/usr/local/src/mylex/nulex/mapper/exec/work/exec.v:6301$463.inp' from process `\exec_top.$proc$/usr/local/src/mylex/nulex/mapper/exec/work/exec.v:6301$1088'.
No latch inferred for signal `\exec_top.\execute.lsu_unit.lane_dispatch.ready_in' from process `\exec_top.$proc$/usr/local/src/mylex/nulex/mapper/exec/work/exec.v:6199$1075'.
No latch inferred for signal `\exec_top.\execute.lsu_unit.lane_dispatch.sv2v_autoblock_4.block_idx' from process `\exec_top.$proc$/usr/local/src/mylex/nulex/mapper/exec/work/exec.v:6199$1075'.
No latch inferred for signal `\exec_top.$bitselwrite$pos$/usr/local/src/mylex/nulex/mapper/exec/work/exec.v:6204$333' from process `\exec_top.$proc$/usr/local/src/mylex/nulex/mapper/exec/work/exec.v:6199$1075'.
No latch inferred for signal `\exec_top.\sv2v_cast_1$func$/usr/local/src/mylex/nulex/mapper/exec/work/exec.v:6180$332.$result' from process `\exec_top.$proc$/usr/local/src/mylex/nulex/mapper/exec/work/exec.v:6180$1057'.
No latch inferred for signal `\exec_top.\sv2v_cast_1$func$/usr/local/src/mylex/nulex/mapper/exec/work/exec.v:6180$462.$result' from process `\exec_top.$proc$/usr/local/src/mylex/nulex/mapper/exec/work/exec.v:6180$1057'.
No latch inferred for signal `\exec_top.\sv2v_cast_1$func$/usr/local/src/mylex/nulex/mapper/exec/work/exec.v:6180$462.inp' from process `\exec_top.$proc$/usr/local/src/mylex/nulex/mapper/exec/work/exec.v:6180$1057'.
No latch inferred for signal `\exec_top.\execute.lsu_unit.lane_dispatch.VX_gpu_pkg_wis_to_wid$func$/usr/local/src/mylex/nulex/mapper/exec/work/exec.v:6179$331.$result' from process `\exec_top.$proc$/usr/local/src/mylex/nulex/mapper/exec/work/exec.v:6179$1052'.
No latch inferred for signal `\exec_top.\execute.lsu_unit.lane_dispatch.VX_gpu_pkg_wis_to_wid$func$/usr/local/src/mylex/nulex/mapper/exec/work/exec.v:6179$461.$result' from process `\exec_top.$proc$/usr/local/src/mylex/nulex/mapper/exec/work/exec.v:6179$1052'.
No latch inferred for signal `\exec_top.\execute.lsu_unit.lane_dispatch.VX_gpu_pkg_wis_to_wid$func$/usr/local/src/mylex/nulex/mapper/exec/work/exec.v:6179$461.wis' from process `\exec_top.$proc$/usr/local/src/mylex/nulex/mapper/exec/work/exec.v:6179$1052'.
No latch inferred for signal `\exec_top.\execute.lsu_unit.lane_dispatch.VX_gpu_pkg_wis_to_wid$func$/usr/local/src/mylex/nulex/mapper/exec/work/exec.v:6179$461.isw' from process `\exec_top.$proc$/usr/local/src/mylex/nulex/mapper/exec/work/exec.v:6179$1052'.
No latch inferred for signal `\exec_top.\sv2v_cast_1$func$/usr/local/src/mylex/nulex/mapper/exec/work/exec.v:6138$329.$result' from process `\exec_top.$proc$/usr/local/src/mylex/nulex/mapper/exec/work/exec.v:6138$1010'.
No latch inferred for signal `\exec_top.\sv2v_cast_1$func$/usr/local/src/mylex/nulex/mapper/exec/work/exec.v:6138$460.$result' from process `\exec_top.$proc$/usr/local/src/mylex/nulex/mapper/exec/work/exec.v:6138$1010'.
No latch inferred for signal `\exec_top.\sv2v_cast_1$func$/usr/local/src/mylex/nulex/mapper/exec/work/exec.v:6138$460.inp' from process `\exec_top.$proc$/usr/local/src/mylex/nulex/mapper/exec/work/exec.v:6138$1010'.
No latch inferred for signal `\exec_top.\sv2v_cast_1$func$/usr/local/src/mylex/nulex/mapper/exec/work/exec.v:6002$328.$result' from process `\exec_top.$proc$/usr/local/src/mylex/nulex/mapper/exec/work/exec.v:6002$1005'.
No latch inferred for signal `\exec_top.\sv2v_cast_1$func$/usr/local/src/mylex/nulex/mapper/exec/work/exec.v:6002$459.$result' from process `\exec_top.$proc$/usr/local/src/mylex/nulex/mapper/exec/work/exec.v:6002$1005'.
No latch inferred for signal `\exec_top.\sv2v_cast_1$func$/usr/local/src/mylex/nulex/mapper/exec/work/exec.v:6002$459.inp' from process `\exec_top.$proc$/usr/local/src/mylex/nulex/mapper/exec/work/exec.v:6002$1005'.
No latch inferred for signal `\exec_top.\execute.alu_unit.lane_gather.result_out_valid' from process `\exec_top.$proc$/usr/local/src/mylex/nulex/mapper/exec/work/exec.v:5952$992'.
No latch inferred for signal `\exec_top.\execute.alu_unit.lane_gather.result_out_data' from process `\exec_top.$proc$/usr/local/src/mylex/nulex/mapper/exec/work/exec.v:5952$992'.
No latch inferred for signal `\exec_top.\execute.alu_unit.lane_gather.sv2v_autoblock_2.i' from process `\exec_top.$proc$/usr/local/src/mylex/nulex/mapper/exec/work/exec.v:5952$992'.
No latch inferred for signal `\exec_top.\execute.alu_unit.lane_gather.sv2v_autoblock_3.i' from process `\exec_top.$proc$/usr/local/src/mylex/nulex/mapper/exec/work/exec.v:5952$992'.
No latch inferred for signal `\exec_top.$bitselwrite$pos$/usr/local/src/mylex/nulex/mapper/exec/work/exec.v:5963$326' from process `\exec_top.$proc$/usr/local/src/mylex/nulex/mapper/exec/work/exec.v:5952$992'.
No latch inferred for signal `\exec_top.$bitselwrite$rvalue$/usr/local/src/mylex/nulex/mapper/exec/work/exec.v:5964$327' from process `\exec_top.$proc$/usr/local/src/mylex/nulex/mapper/exec/work/exec.v:5952$992'.
No latch inferred for signal `\exec_top.\execute.alu_unit.g_blocks[0].muldiv_unit.VX_gpu_pkg_inst_m_is_rem$func$/usr/local/src/mylex/nulex/mapper/exec/work/exec.v:5817$324.$result' from process `\exec_top.$proc$/usr/local/src/mylex/nulex/mapper/exec/work/exec.v:5817$981'.
No latch inferred for signal `\exec_top.\execute.alu_unit.g_blocks[0].muldiv_unit.VX_gpu_pkg_inst_m_is_rem$func$/usr/local/src/mylex/nulex/mapper/exec/work/exec.v:5817$458.$result' from process `\exec_top.$proc$/usr/local/src/mylex/nulex/mapper/exec/work/exec.v:5817$981'.
No latch inferred for signal `\exec_top.\execute.alu_unit.g_blocks[0].muldiv_unit.VX_gpu_pkg_inst_m_is_rem$func$/usr/local/src/mylex/nulex/mapper/exec/work/exec.v:5817$458.op' from process `\exec_top.$proc$/usr/local/src/mylex/nulex/mapper/exec/work/exec.v:5817$981'.
No latch inferred for signal `\exec_top.\execute.alu_unit.g_blocks[0].muldiv_unit.VX_gpu_pkg_inst_m_signed_a$func$/usr/local/src/mylex/nulex/mapper/exec/work/exec.v:5770$323.$result' from process `\exec_top.$proc$/usr/local/src/mylex/nulex/mapper/exec/work/exec.v:5770$968'.
No latch inferred for signal `\exec_top.\execute.alu_unit.g_blocks[0].muldiv_unit.VX_gpu_pkg_inst_m_signed_a$func$/usr/local/src/mylex/nulex/mapper/exec/work/exec.v:5770$457.$result' from process `\exec_top.$proc$/usr/local/src/mylex/nulex/mapper/exec/work/exec.v:5770$968'.
No latch inferred for signal `\exec_top.\execute.alu_unit.g_blocks[0].muldiv_unit.VX_gpu_pkg_inst_m_signed_a$func$/usr/local/src/mylex/nulex/mapper/exec/work/exec.v:5770$457.op' from process `\exec_top.$proc$/usr/local/src/mylex/nulex/mapper/exec/work/exec.v:5770$968'.
No latch inferred for signal `\exec_top.\execute.alu_unit.g_blocks[0].muldiv_unit.VX_gpu_pkg_inst_m_is_mulh$func$/usr/local/src/mylex/nulex/mapper/exec/work/exec.v:5765$322.$result' from process `\exec_top.$proc$/usr/local/src/mylex/nulex/mapper/exec/work/exec.v:5765$963'.
No latch inferred for signal `\exec_top.\execute.alu_unit.g_blocks[0].muldiv_unit.VX_gpu_pkg_inst_m_is_mulh$func$/usr/local/src/mylex/nulex/mapper/exec/work/exec.v:5765$456.$result' from process `\exec_top.$proc$/usr/local/src/mylex/nulex/mapper/exec/work/exec.v:5765$963'.
No latch inferred for signal `\exec_top.\execute.alu_unit.g_blocks[0].muldiv_unit.VX_gpu_pkg_inst_m_is_mulh$func$/usr/local/src/mylex/nulex/mapper/exec/work/exec.v:5765$456.op' from process `\exec_top.$proc$/usr/local/src/mylex/nulex/mapper/exec/work/exec.v:5765$963'.
No latch inferred for signal `\exec_top.\execute.alu_unit.g_blocks[0].muldiv_unit.VX_gpu_pkg_inst_m_signed$func$/usr/local/src/mylex/nulex/mapper/exec/work/exec.v:5753$321.$result' from process `\exec_top.$proc$/usr/local/src/mylex/nulex/mapper/exec/work/exec.v:5753$957'.
No latch inferred for signal `\exec_top.\execute.alu_unit.g_blocks[0].muldiv_unit.VX_gpu_pkg_inst_m_signed$func$/usr/local/src/mylex/nulex/mapper/exec/work/exec.v:5753$455.$result' from process `\exec_top.$proc$/usr/local/src/mylex/nulex/mapper/exec/work/exec.v:5753$957'.
No latch inferred for signal `\exec_top.\execute.alu_unit.g_blocks[0].muldiv_unit.VX_gpu_pkg_inst_m_signed$func$/usr/local/src/mylex/nulex/mapper/exec/work/exec.v:5753$455.op' from process `\exec_top.$proc$/usr/local/src/mylex/nulex/mapper/exec/work/exec.v:5753$957'.
No latch inferred for signal `\exec_top.\execute.alu_unit.g_blocks[0].muldiv_unit.VX_gpu_pkg_inst_m_is_mulx$func$/usr/local/src/mylex/nulex/mapper/exec/work/exec.v:5748$320.$result' from process `\exec_top.$proc$/usr/local/src/mylex/nulex/mapper/exec/work/exec.v:5748$952'.
No latch inferred for signal `\exec_top.\execute.alu_unit.g_blocks[0].muldiv_unit.VX_gpu_pkg_inst_m_is_mulx$func$/usr/local/src/mylex/nulex/mapper/exec/work/exec.v:5748$454.$result' from process `\exec_top.$proc$/usr/local/src/mylex/nulex/mapper/exec/work/exec.v:5748$952'.
No latch inferred for signal `\exec_top.\execute.alu_unit.g_blocks[0].muldiv_unit.VX_gpu_pkg_inst_m_is_mulx$func$/usr/local/src/mylex/nulex/mapper/exec/work/exec.v:5748$454.op' from process `\exec_top.$proc$/usr/local/src/mylex/nulex/mapper/exec/work/exec.v:5748$952'.
No latch inferred for signal `\exec_top.\sv2v_cast_3$func$/usr/local/src/mylex/nulex/mapper/exec/work/exec.v:5743$319.$result' from process `\exec_top.$proc$/usr/local/src/mylex/nulex/mapper/exec/work/exec.v:5743$948'.
No latch inferred for signal `\exec_top.\sv2v_cast_3$func$/usr/local/src/mylex/nulex/mapper/exec/work/exec.v:5743$453.$result' from process `\exec_top.$proc$/usr/local/src/mylex/nulex/mapper/exec/work/exec.v:5743$948'.
No latch inferred for signal `\exec_top.\sv2v_cast_3$func$/usr/local/src/mylex/nulex/mapper/exec/work/exec.v:5743$453.inp' from process `\exec_top.$proc$/usr/local/src/mylex/nulex/mapper/exec/work/exec.v:5743$948'.
No latch inferred for signal `\exec_top.\execute.alu_unit.g_blocks[0].alu_int.VX_gpu_pkg_to_fullPC$func$/usr/local/src/mylex/nulex/mapper/exec/work/exec.v:5709$318.$result' from process `\exec_top.$proc$/usr/local/src/mylex/nulex/mapper/exec/work/exec.v:5709$939'.
No latch inferred for signal `\exec_top.\execute.alu_unit.g_blocks[0].alu_int.VX_gpu_pkg_to_fullPC$func$/usr/local/src/mylex/nulex/mapper/exec/work/exec.v:5709$451.$result' from process `\exec_top.$proc$/usr/local/src/mylex/nulex/mapper/exec/work/exec.v:5709$939'.
No latch inferred for signal `\exec_top.\execute.alu_unit.g_blocks[0].alu_int.VX_gpu_pkg_to_fullPC$func$/usr/local/src/mylex/nulex/mapper/exec/work/exec.v:5709$451.pc' from process `\exec_top.$proc$/usr/local/src/mylex/nulex/mapper/exec/work/exec.v:5709$939'.
No latch inferred for signal `\exec_top.\sv2v_cast_32$func$/usr/local/src/mylex/nulex/mapper/exec/work/exec.v:5450$452.$result' from process `\exec_top.$proc$/usr/local/src/mylex/nulex/mapper/exec/work/exec.v:5709$939'.
No latch inferred for signal `\exec_top.\sv2v_cast_32$func$/usr/local/src/mylex/nulex/mapper/exec/work/exec.v:5450$452.inp' from process `\exec_top.$proc$/usr/local/src/mylex/nulex/mapper/exec/work/exec.v:5709$939'.
No latch inferred for signal `\exec_top.\execute.alu_unit.g_blocks[0].alu_int.VX_gpu_pkg_to_fullPC$func$/usr/local/src/mylex/nulex/mapper/exec/work/exec.v:5709$317.$result' from process `\exec_top.$proc$/usr/local/src/mylex/nulex/mapper/exec/work/exec.v:5709$930'.
No latch inferred for signal `\exec_top.\execute.alu_unit.g_blocks[0].alu_int.VX_gpu_pkg_to_fullPC$func$/usr/local/src/mylex/nulex/mapper/exec/work/exec.v:5709$449.$result' from process `\exec_top.$proc$/usr/local/src/mylex/nulex/mapper/exec/work/exec.v:5709$930'.
No latch inferred for signal `\exec_top.\execute.alu_unit.g_blocks[0].alu_int.VX_gpu_pkg_to_fullPC$func$/usr/local/src/mylex/nulex/mapper/exec/work/exec.v:5709$449.pc' from process `\exec_top.$proc$/usr/local/src/mylex/nulex/mapper/exec/work/exec.v:5709$930'.
No latch inferred for signal `\exec_top.\sv2v_cast_32$func$/usr/local/src/mylex/nulex/mapper/exec/work/exec.v:5450$450.$result' from process `\exec_top.$proc$/usr/local/src/mylex/nulex/mapper/exec/work/exec.v:5709$930'.
No latch inferred for signal `\exec_top.\sv2v_cast_32$func$/usr/local/src/mylex/nulex/mapper/exec/work/exec.v:5450$450.inp' from process `\exec_top.$proc$/usr/local/src/mylex/nulex/mapper/exec/work/exec.v:5709$930'.
No latch inferred for signal `\exec_top.\execute.alu_unit.g_blocks[0].alu_int.VX_gpu_pkg_from_fullPC$func$/usr/local/src/mylex/nulex/mapper/exec/work/exec.v:5690$316.$result' from process `\exec_top.$proc$/usr/local/src/mylex/nulex/mapper/exec/work/exec.v:5690$921'.
No latch inferred for signal `\exec_top.\execute.alu_unit.g_blocks[0].alu_int.VX_gpu_pkg_from_fullPC$func$/usr/local/src/mylex/nulex/mapper/exec/work/exec.v:5690$447.$result' from process `\exec_top.$proc$/usr/local/src/mylex/nulex/mapper/exec/work/exec.v:5690$921'.
No latch inferred for signal `\exec_top.\execute.alu_unit.g_blocks[0].alu_int.VX_gpu_pkg_from_fullPC$func$/usr/local/src/mylex/nulex/mapper/exec/work/exec.v:5690$447.pc' from process `\exec_top.$proc$/usr/local/src/mylex/nulex/mapper/exec/work/exec.v:5690$921'.
No latch inferred for signal `\exec_top.\sv2v_cast_30$func$/usr/local/src/mylex/nulex/mapper/exec/work/exec.v:5611$448.$result' from process `\exec_top.$proc$/usr/local/src/mylex/nulex/mapper/exec/work/exec.v:5690$921'.
No latch inferred for signal `\exec_top.\sv2v_cast_30$func$/usr/local/src/mylex/nulex/mapper/exec/work/exec.v:5611$448.inp' from process `\exec_top.$proc$/usr/local/src/mylex/nulex/mapper/exec/work/exec.v:5690$921'.
No latch inferred for signal `\exec_top.\execute.alu_unit.g_blocks[0].alu_int.VX_gpu_pkg_inst_br_is_static$func$/usr/local/src/mylex/nulex/mapper/exec/work/exec.v:5675$315.$result' from process `\exec_top.$proc$/usr/local/src/mylex/nulex/mapper/exec/work/exec.v:5675$896'.
No latch inferred for signal `\exec_top.\execute.alu_unit.g_blocks[0].alu_int.VX_gpu_pkg_inst_br_is_static$func$/usr/local/src/mylex/nulex/mapper/exec/work/exec.v:5675$446.$result' from process `\exec_top.$proc$/usr/local/src/mylex/nulex/mapper/exec/work/exec.v:5675$896'.
No latch inferred for signal `\exec_top.\execute.alu_unit.g_blocks[0].alu_int.VX_gpu_pkg_inst_br_is_static$func$/usr/local/src/mylex/nulex/mapper/exec/work/exec.v:5675$446.op' from process `\exec_top.$proc$/usr/local/src/mylex/nulex/mapper/exec/work/exec.v:5675$896'.
No latch inferred for signal `\exec_top.\execute.alu_unit.g_blocks[0].alu_int.VX_gpu_pkg_inst_br_is_less$func$/usr/local/src/mylex/nulex/mapper/exec/work/exec.v:5670$314.$result' from process `\exec_top.$proc$/usr/local/src/mylex/nulex/mapper/exec/work/exec.v:5670$892'.
No latch inferred for signal `\exec_top.\execute.alu_unit.g_blocks[0].alu_int.VX_gpu_pkg_inst_br_is_less$func$/usr/local/src/mylex/nulex/mapper/exec/work/exec.v:5670$445.$result' from process `\exec_top.$proc$/usr/local/src/mylex/nulex/mapper/exec/work/exec.v:5670$892'.
No latch inferred for signal `\exec_top.\execute.alu_unit.g_blocks[0].alu_int.VX_gpu_pkg_inst_br_is_less$func$/usr/local/src/mylex/nulex/mapper/exec/work/exec.v:5670$445.op' from process `\exec_top.$proc$/usr/local/src/mylex/nulex/mapper/exec/work/exec.v:5670$892'.
No latch inferred for signal `\exec_top.\execute.alu_unit.g_blocks[0].alu_int.VX_gpu_pkg_inst_br_is_neg$func$/usr/local/src/mylex/nulex/mapper/exec/work/exec.v:5665$313.$result' from process `\exec_top.$proc$/usr/local/src/mylex/nulex/mapper/exec/work/exec.v:5665$888'.
No latch inferred for signal `\exec_top.\execute.alu_unit.g_blocks[0].alu_int.VX_gpu_pkg_inst_br_is_neg$func$/usr/local/src/mylex/nulex/mapper/exec/work/exec.v:5665$444.$result' from process `\exec_top.$proc$/usr/local/src/mylex/nulex/mapper/exec/work/exec.v:5665$888'.
No latch inferred for signal `\exec_top.\execute.alu_unit.g_blocks[0].alu_int.VX_gpu_pkg_inst_br_is_neg$func$/usr/local/src/mylex/nulex/mapper/exec/work/exec.v:5665$444.op' from process `\exec_top.$proc$/usr/local/src/mylex/nulex/mapper/exec/work/exec.v:5665$888'.
No latch inferred for signal `\exec_top.\execute.alu_unit.g_blocks[0].alu_int.alu_hdr_in' from process `\exec_top.$proc$/usr/local/src/mylex/nulex/mapper/exec/work/exec.v:5646$884'.
No latch inferred for signal `\exec_top.\execute.alu_unit.g_blocks[0].alu_int.VX_gpu_pkg_from_fullPC$func$/usr/local/src/mylex/nulex/mapper/exec/work/exec.v:5613$310.$result' from process `\exec_top.$proc$/usr/local/src/mylex/nulex/mapper/exec/work/exec.v:5613$875'.
No latch inferred for signal `\exec_top.\execute.alu_unit.g_blocks[0].alu_int.VX_gpu_pkg_from_fullPC$func$/usr/local/src/mylex/nulex/mapper/exec/work/exec.v:5613$442.$result' from process `\exec_top.$proc$/usr/local/src/mylex/nulex/mapper/exec/work/exec.v:5613$875'.
No latch inferred for signal `\exec_top.\execute.alu_unit.g_blocks[0].alu_int.VX_gpu_pkg_from_fullPC$func$/usr/local/src/mylex/nulex/mapper/exec/work/exec.v:5613$442.pc' from process `\exec_top.$proc$/usr/local/src/mylex/nulex/mapper/exec/work/exec.v:5613$875'.
No latch inferred for signal `\exec_top.\sv2v_cast_30$func$/usr/local/src/mylex/nulex/mapper/exec/work/exec.v:5611$443.$result' from process `\exec_top.$proc$/usr/local/src/mylex/nulex/mapper/exec/work/exec.v:5613$875'.
No latch inferred for signal `\exec_top.\sv2v_cast_30$func$/usr/local/src/mylex/nulex/mapper/exec/work/exec.v:5611$443.inp' from process `\exec_top.$proc$/usr/local/src/mylex/nulex/mapper/exec/work/exec.v:5613$875'.
No latch inferred for signal `\exec_top.\execute.alu_unit.g_blocks[0].alu_int.alu_result [63:32]' from process `\exec_top.$proc$/usr/local/src/mylex/nulex/mapper/exec/work/exec.v:5584$873'.
No latch inferred for signal `\exec_top.\sv2v_cast_32$func$/usr/local/src/mylex/nulex/mapper/exec/work/exec.v:5582$309.$result' from process `\exec_top.$proc$/usr/local/src/mylex/nulex/mapper/exec/work/exec.v:5582$863'.
No latch inferred for signal `\exec_top.\sv2v_cast_32$func$/usr/local/src/mylex/nulex/mapper/exec/work/exec.v:5582$441.$result' from process `\exec_top.$proc$/usr/local/src/mylex/nulex/mapper/exec/work/exec.v:5582$863'.
No latch inferred for signal `\exec_top.\sv2v_cast_32$func$/usr/local/src/mylex/nulex/mapper/exec/work/exec.v:5582$441.inp' from process `\exec_top.$proc$/usr/local/src/mylex/nulex/mapper/exec/work/exec.v:5582$863'.
No latch inferred for signal `\exec_top.\execute.alu_unit.g_blocks[0].alu_int.alu_result [31:0]' from process `\exec_top.$proc$/usr/local/src/mylex/nulex/mapper/exec/work/exec.v:5584$861'.
No latch inferred for signal `\exec_top.\sv2v_cast_32$func$/usr/local/src/mylex/nulex/mapper/exec/work/exec.v:5582$308.$result' from process `\exec_top.$proc$/usr/local/src/mylex/nulex/mapper/exec/work/exec.v:5582$851'.
No latch inferred for signal `\exec_top.\sv2v_cast_32$func$/usr/local/src/mylex/nulex/mapper/exec/work/exec.v:5582$440.$result' from process `\exec_top.$proc$/usr/local/src/mylex/nulex/mapper/exec/work/exec.v:5582$851'.
No latch inferred for signal `\exec_top.\sv2v_cast_32$func$/usr/local/src/mylex/nulex/mapper/exec/work/exec.v:5582$440.inp' from process `\exec_top.$proc$/usr/local/src/mylex/nulex/mapper/exec/work/exec.v:5582$851'.
No latch inferred for signal `\exec_top.\execute.alu_unit.g_blocks[0].alu_int.g_shfl.g_i[1].lane' from process `\exec_top.$proc$/usr/local/src/mylex/nulex/mapper/exec/work/exec.v:5558$840'.
No latch inferred for signal `\exec_top.\execute.alu_unit.g_blocks[0].alu_int.g_shfl.g_i[0].lane' from process `\exec_top.$proc$/usr/local/src/mylex/nulex/mapper/exec/work/exec.v:5558$819'.
No latch inferred for signal `\exec_top.\sv2v_cast_1$func$/usr/local/src/mylex/nulex/mapper/exec/work/exec.v:5534$296.$result' from process `\exec_top.$proc$/usr/local/src/mylex/nulex/mapper/exec/work/exec.v:5534$785'.
No latch inferred for signal `\exec_top.\sv2v_cast_1$func$/usr/local/src/mylex/nulex/mapper/exec/work/exec.v:5534$439.$result' from process `\exec_top.$proc$/usr/local/src/mylex/nulex/mapper/exec/work/exec.v:5534$785'.
No latch inferred for signal `\exec_top.\sv2v_cast_1$func$/usr/local/src/mylex/nulex/mapper/exec/work/exec.v:5534$439.inp' from process `\exec_top.$proc$/usr/local/src/mylex/nulex/mapper/exec/work/exec.v:5534$785'.
No latch inferred for signal `\exec_top.\sv2v_cast_1$func$/usr/local/src/mylex/nulex/mapper/exec/work/exec.v:5534$293.$result' from process `\exec_top.$proc$/usr/local/src/mylex/nulex/mapper/exec/work/exec.v:5534$761'.
No latch inferred for signal `\exec_top.\sv2v_cast_1$func$/usr/local/src/mylex/nulex/mapper/exec/work/exec.v:5534$438.$result' from process `\exec_top.$proc$/usr/local/src/mylex/nulex/mapper/exec/work/exec.v:5534$761'.
No latch inferred for signal `\exec_top.\sv2v_cast_1$func$/usr/local/src/mylex/nulex/mapper/exec/work/exec.v:5534$438.inp' from process `\exec_top.$proc$/usr/local/src/mylex/nulex/mapper/exec/work/exec.v:5534$761'.
No latch inferred for signal `\exec_top.\execute.alu_unit.g_blocks[0].alu_int.vote_result [63:32]' from process `\exec_top.$proc$/usr/local/src/mylex/nulex/mapper/exec/work/exec.v:5519$744'.
No latch inferred for signal `\exec_top.\sv2v_cast_32$func$/usr/local/src/mylex/nulex/mapper/exec/work/exec.v:5521$288.$result' from process `\exec_top.$proc$/usr/local/src/mylex/nulex/mapper/exec/work/exec.v:5519$744'.
No latch inferred for signal `\exec_top.\sv2v_cast_32$func$/usr/local/src/mylex/nulex/mapper/exec/work/exec.v:5521$288.inp' from process `\exec_top.$proc$/usr/local/src/mylex/nulex/mapper/exec/work/exec.v:5519$744'.
No latch inferred for signal `\exec_top.\sv2v_cast_32$func$/usr/local/src/mylex/nulex/mapper/exec/work/exec.v:5522$289.$result' from process `\exec_top.$proc$/usr/local/src/mylex/nulex/mapper/exec/work/exec.v:5519$744'.
No latch inferred for signal `\exec_top.\sv2v_cast_32$func$/usr/local/src/mylex/nulex/mapper/exec/work/exec.v:5522$289.inp' from process `\exec_top.$proc$/usr/local/src/mylex/nulex/mapper/exec/work/exec.v:5519$744'.
No latch inferred for signal `\exec_top.\sv2v_cast_32$func$/usr/local/src/mylex/nulex/mapper/exec/work/exec.v:5523$290.$result' from process `\exec_top.$proc$/usr/local/src/mylex/nulex/mapper/exec/work/exec.v:5519$744'.
No latch inferred for signal `\exec_top.\sv2v_cast_32$func$/usr/local/src/mylex/nulex/mapper/exec/work/exec.v:5523$290.inp' from process `\exec_top.$proc$/usr/local/src/mylex/nulex/mapper/exec/work/exec.v:5519$744'.
No latch inferred for signal `\exec_top.\sv2v_cast_32$func$/usr/local/src/mylex/nulex/mapper/exec/work/exec.v:5524$291.$result' from process `\exec_top.$proc$/usr/local/src/mylex/nulex/mapper/exec/work/exec.v:5519$744'.
No latch inferred for signal `\exec_top.\sv2v_cast_32$func$/usr/local/src/mylex/nulex/mapper/exec/work/exec.v:5524$291.inp' from process `\exec_top.$proc$/usr/local/src/mylex/nulex/mapper/exec/work/exec.v:5519$744'.
No latch inferred for signal `\exec_top.\execute.alu_unit.g_blocks[0].alu_int.vote_result [31:0]' from process `\exec_top.$proc$/usr/local/src/mylex/nulex/mapper/exec/work/exec.v:5519$727'.
No latch inferred for signal `\exec_top.\sv2v_cast_32$func$/usr/local/src/mylex/nulex/mapper/exec/work/exec.v:5521$284.$result' from process `\exec_top.$proc$/usr/local/src/mylex/nulex/mapper/exec/work/exec.v:5519$727'.
No latch inferred for signal `\exec_top.\sv2v_cast_32$func$/usr/local/src/mylex/nulex/mapper/exec/work/exec.v:5521$284.inp' from process `\exec_top.$proc$/usr/local/src/mylex/nulex/mapper/exec/work/exec.v:5519$727'.
No latch inferred for signal `\exec_top.\sv2v_cast_32$func$/usr/local/src/mylex/nulex/mapper/exec/work/exec.v:5522$285.$result' from process `\exec_top.$proc$/usr/local/src/mylex/nulex/mapper/exec/work/exec.v:5519$727'.
No latch inferred for signal `\exec_top.\sv2v_cast_32$func$/usr/local/src/mylex/nulex/mapper/exec/work/exec.v:5522$285.inp' from process `\exec_top.$proc$/usr/local/src/mylex/nulex/mapper/exec/work/exec.v:5519$727'.
No latch inferred for signal `\exec_top.\sv2v_cast_32$func$/usr/local/src/mylex/nulex/mapper/exec/work/exec.v:5523$286.$result' from process `\exec_top.$proc$/usr/local/src/mylex/nulex/mapper/exec/work/exec.v:5519$727'.
No latch inferred for signal `\exec_top.\sv2v_cast_32$func$/usr/local/src/mylex/nulex/mapper/exec/work/exec.v:5523$286.inp' from process `\exec_top.$proc$/usr/local/src/mylex/nulex/mapper/exec/work/exec.v:5519$727'.
No latch inferred for signal `\exec_top.\sv2v_cast_32$func$/usr/local/src/mylex/nulex/mapper/exec/work/exec.v:5524$287.$result' from process `\exec_top.$proc$/usr/local/src/mylex/nulex/mapper/exec/work/exec.v:5519$727'.
No latch inferred for signal `\exec_top.\sv2v_cast_32$func$/usr/local/src/mylex/nulex/mapper/exec/work/exec.v:5524$287.inp' from process `\exec_top.$proc$/usr/local/src/mylex/nulex/mapper/exec/work/exec.v:5519$727'.
No latch inferred for signal `\exec_top.\execute.alu_unit.g_blocks[0].alu_int.msc_result_w [63:32]' from process `\exec_top.$proc$/usr/local/src/mylex/nulex/mapper/exec/work/exec.v:5495$715'.
No latch inferred for signal `\exec_top.\sv2v_cast_32_signed$func$/usr/local/src/mylex/nulex/mapper/exec/work/exec.v:5494$283.$result' from process `\exec_top.$proc$/usr/local/src/mylex/nulex/mapper/exec/work/exec.v:5494$710'.
No latch inferred for signal `\exec_top.\sv2v_cast_32_signed$func$/usr/local/src/mylex/nulex/mapper/exec/work/exec.v:5494$437.$result' from process `\exec_top.$proc$/usr/local/src/mylex/nulex/mapper/exec/work/exec.v:5494$710'.
No latch inferred for signal `\exec_top.\sv2v_cast_32_signed$func$/usr/local/src/mylex/nulex/mapper/exec/work/exec.v:5494$437.inp' from process `\exec_top.$proc$/usr/local/src/mylex/nulex/mapper/exec/work/exec.v:5494$710'.
No latch inferred for signal `\exec_top.\execute.alu_unit.g_blocks[0].alu_int.msc_result [63:32]' from process `\exec_top.$proc$/usr/local/src/mylex/nulex/mapper/exec/work/exec.v:5486$705'.
No latch inferred for signal `\exec_top.\execute.alu_unit.g_blocks[0].alu_int.msc_result_w [31:0]' from process `\exec_top.$proc$/usr/local/src/mylex/nulex/mapper/exec/work/exec.v:5495$704'.
No latch inferred for signal `\exec_top.\sv2v_cast_32_signed$func$/usr/local/src/mylex/nulex/mapper/exec/work/exec.v:5494$282.$result' from process `\exec_top.$proc$/usr/local/src/mylex/nulex/mapper/exec/work/exec.v:5494$699'.
No latch inferred for signal `\exec_top.\sv2v_cast_32_signed$func$/usr/local/src/mylex/nulex/mapper/exec/work/exec.v:5494$436.$result' from process `\exec_top.$proc$/usr/local/src/mylex/nulex/mapper/exec/work/exec.v:5494$699'.
No latch inferred for signal `\exec_top.\sv2v_cast_32_signed$func$/usr/local/src/mylex/nulex/mapper/exec/work/exec.v:5494$436.inp' from process `\exec_top.$proc$/usr/local/src/mylex/nulex/mapper/exec/work/exec.v:5494$699'.
No latch inferred for signal `\exec_top.\execute.alu_unit.g_blocks[0].alu_int.msc_result [31:0]' from process `\exec_top.$proc$/usr/local/src/mylex/nulex/mapper/exec/work/exec.v:5486$694'.
No latch inferred for signal `\exec_top.\sv2v_cast_32_signed$func$/usr/local/src/mylex/nulex/mapper/exec/work/exec.v:5481$281.$result' from process `\exec_top.$proc$/usr/local/src/mylex/nulex/mapper/exec/work/exec.v:5481$690'.
No latch inferred for signal `\exec_top.\sv2v_cast_32_signed$func$/usr/local/src/mylex/nulex/mapper/exec/work/exec.v:5481$435.$result' from process `\exec_top.$proc$/usr/local/src/mylex/nulex/mapper/exec/work/exec.v:5481$690'.
No latch inferred for signal `\exec_top.\sv2v_cast_32_signed$func$/usr/local/src/mylex/nulex/mapper/exec/work/exec.v:5481$435.inp' from process `\exec_top.$proc$/usr/local/src/mylex/nulex/mapper/exec/work/exec.v:5481$690'.
No latch inferred for signal `\exec_top.\sv2v_cast_32_signed$func$/usr/local/src/mylex/nulex/mapper/exec/work/exec.v:5480$280.$result' from process `\exec_top.$proc$/usr/local/src/mylex/nulex/mapper/exec/work/exec.v:5480$685'.
No latch inferred for signal `\exec_top.\sv2v_cast_32_signed$func$/usr/local/src/mylex/nulex/mapper/exec/work/exec.v:5480$434.$result' from process `\exec_top.$proc$/usr/local/src/mylex/nulex/mapper/exec/work/exec.v:5480$685'.
No latch inferred for signal `\exec_top.\sv2v_cast_32_signed$func$/usr/local/src/mylex/nulex/mapper/exec/work/exec.v:5480$434.inp' from process `\exec_top.$proc$/usr/local/src/mylex/nulex/mapper/exec/work/exec.v:5480$685'.
No latch inferred for signal `\exec_top.\execute.alu_unit.g_blocks[0].alu_int.shr_zic_result [63:32]' from process `\exec_top.$proc$/usr/local/src/mylex/nulex/mapper/exec/work/exec.v:5474$675'.
No latch inferred for signal `\exec_top.\sv2v_cast_32_signed$func$/usr/local/src/mylex/nulex/mapper/exec/work/exec.v:5477$279.$result' from process `\exec_top.$proc$/usr/local/src/mylex/nulex/mapper/exec/work/exec.v:5474$675'.
No latch inferred for signal `\exec_top.\sv2v_cast_32_signed$func$/usr/local/src/mylex/nulex/mapper/exec/work/exec.v:5477$279.inp' from process `\exec_top.$proc$/usr/local/src/mylex/nulex/mapper/exec/work/exec.v:5474$675'.
No latch inferred for signal `\exec_top.\sv2v_cast_32_signed$func$/usr/local/src/mylex/nulex/mapper/exec/work/exec.v:5481$278.$result' from process `\exec_top.$proc$/usr/local/src/mylex/nulex/mapper/exec/work/exec.v:5481$670'.
No latch inferred for signal `\exec_top.\sv2v_cast_32_signed$func$/usr/local/src/mylex/nulex/mapper/exec/work/exec.v:5481$433.$result' from process `\exec_top.$proc$/usr/local/src/mylex/nulex/mapper/exec/work/exec.v:5481$670'.
No latch inferred for signal `\exec_top.\sv2v_cast_32_signed$func$/usr/local/src/mylex/nulex/mapper/exec/work/exec.v:5481$433.inp' from process `\exec_top.$proc$/usr/local/src/mylex/nulex/mapper/exec/work/exec.v:5481$670'.
No latch inferred for signal `\exec_top.\sv2v_cast_32_signed$func$/usr/local/src/mylex/nulex/mapper/exec/work/exec.v:5480$277.$result' from process `\exec_top.$proc$/usr/local/src/mylex/nulex/mapper/exec/work/exec.v:5480$665'.
No latch inferred for signal `\exec_top.\sv2v_cast_32_signed$func$/usr/local/src/mylex/nulex/mapper/exec/work/exec.v:5480$432.$result' from process `\exec_top.$proc$/usr/local/src/mylex/nulex/mapper/exec/work/exec.v:5480$665'.
No latch inferred for signal `\exec_top.\sv2v_cast_32_signed$func$/usr/local/src/mylex/nulex/mapper/exec/work/exec.v:5480$432.inp' from process `\exec_top.$proc$/usr/local/src/mylex/nulex/mapper/exec/work/exec.v:5480$665'.
No latch inferred for signal `\exec_top.\execute.alu_unit.g_blocks[0].alu_int.shr_zic_result [31:0]' from process `\exec_top.$proc$/usr/local/src/mylex/nulex/mapper/exec/work/exec.v:5474$655'.
No latch inferred for signal `\exec_top.\sv2v_cast_32_signed$func$/usr/local/src/mylex/nulex/mapper/exec/work/exec.v:5477$276.$result' from process `\exec_top.$proc$/usr/local/src/mylex/nulex/mapper/exec/work/exec.v:5474$655'.
No latch inferred for signal `\exec_top.\sv2v_cast_32_signed$func$/usr/local/src/mylex/nulex/mapper/exec/work/exec.v:5477$276.inp' from process `\exec_top.$proc$/usr/local/src/mylex/nulex/mapper/exec/work/exec.v:5474$655'.
No latch inferred for signal `\exec_top.\sv2v_cast_32_signed$func$/usr/local/src/mylex/nulex/mapper/exec/work/exec.v:5468$275.$result' from process `\exec_top.$proc$/usr/local/src/mylex/nulex/mapper/exec/work/exec.v:5468$649'.
No latch inferred for signal `\exec_top.\sv2v_cast_32_signed$func$/usr/local/src/mylex/nulex/mapper/exec/work/exec.v:5468$431.$result' from process `\exec_top.$proc$/usr/local/src/mylex/nulex/mapper/exec/work/exec.v:5468$649'.
No latch inferred for signal `\exec_top.\sv2v_cast_32_signed$func$/usr/local/src/mylex/nulex/mapper/exec/work/exec.v:5468$431.inp' from process `\exec_top.$proc$/usr/local/src/mylex/nulex/mapper/exec/work/exec.v:5468$649'.
No latch inferred for signal `\exec_top.\sv2v_cast_32_signed$func$/usr/local/src/mylex/nulex/mapper/exec/work/exec.v:5468$274.$result' from process `\exec_top.$proc$/usr/local/src/mylex/nulex/mapper/exec/work/exec.v:5468$641'.
No latch inferred for signal `\exec_top.\sv2v_cast_32_signed$func$/usr/local/src/mylex/nulex/mapper/exec/work/exec.v:5468$430.$result' from process `\exec_top.$proc$/usr/local/src/mylex/nulex/mapper/exec/work/exec.v:5468$641'.
No latch inferred for signal `\exec_top.\sv2v_cast_32_signed$func$/usr/local/src/mylex/nulex/mapper/exec/work/exec.v:5468$430.inp' from process `\exec_top.$proc$/usr/local/src/mylex/nulex/mapper/exec/work/exec.v:5468$641'.
No latch inferred for signal `\exec_top.\sv2v_cast_32_signed$func$/usr/local/src/mylex/nulex/mapper/exec/work/exec.v:5460$273.$result' from process `\exec_top.$proc$/usr/local/src/mylex/nulex/mapper/exec/work/exec.v:5460$633'.
No latch inferred for signal `\exec_top.\sv2v_cast_32_signed$func$/usr/local/src/mylex/nulex/mapper/exec/work/exec.v:5460$429.$result' from process `\exec_top.$proc$/usr/local/src/mylex/nulex/mapper/exec/work/exec.v:5460$633'.
No latch inferred for signal `\exec_top.\sv2v_cast_32_signed$func$/usr/local/src/mylex/nulex/mapper/exec/work/exec.v:5460$429.inp' from process `\exec_top.$proc$/usr/local/src/mylex/nulex/mapper/exec/work/exec.v:5460$633'.
No latch inferred for signal `\exec_top.\sv2v_cast_32_signed$func$/usr/local/src/mylex/nulex/mapper/exec/work/exec.v:5460$272.$result' from process `\exec_top.$proc$/usr/local/src/mylex/nulex/mapper/exec/work/exec.v:5460$627'.
No latch inferred for signal `\exec_top.\sv2v_cast_32_signed$func$/usr/local/src/mylex/nulex/mapper/exec/work/exec.v:5460$428.$result' from process `\exec_top.$proc$/usr/local/src/mylex/nulex/mapper/exec/work/exec.v:5460$627'.
No latch inferred for signal `\exec_top.\sv2v_cast_32_signed$func$/usr/local/src/mylex/nulex/mapper/exec/work/exec.v:5460$428.inp' from process `\exec_top.$proc$/usr/local/src/mylex/nulex/mapper/exec/work/exec.v:5460$627'.
No latch inferred for signal `\exec_top.\execute.alu_unit.g_blocks[0].alu_int.VX_gpu_pkg_to_fullPC$func$/usr/local/src/mylex/nulex/mapper/exec/work/exec.v:5452$271.$result' from process `\exec_top.$proc$/usr/local/src/mylex/nulex/mapper/exec/work/exec.v:5452$614'.
No latch inferred for signal `\exec_top.\execute.alu_unit.g_blocks[0].alu_int.VX_gpu_pkg_to_fullPC$func$/usr/local/src/mylex/nulex/mapper/exec/work/exec.v:5452$426.$result' from process `\exec_top.$proc$/usr/local/src/mylex/nulex/mapper/exec/work/exec.v:5452$614'.
No latch inferred for signal `\exec_top.\execute.alu_unit.g_blocks[0].alu_int.VX_gpu_pkg_to_fullPC$func$/usr/local/src/mylex/nulex/mapper/exec/work/exec.v:5452$426.pc' from process `\exec_top.$proc$/usr/local/src/mylex/nulex/mapper/exec/work/exec.v:5452$614'.
No latch inferred for signal `\exec_top.\sv2v_cast_32$func$/usr/local/src/mylex/nulex/mapper/exec/work/exec.v:5450$427.$result' from process `\exec_top.$proc$/usr/local/src/mylex/nulex/mapper/exec/work/exec.v:5452$614'.
No latch inferred for signal `\exec_top.\sv2v_cast_32$func$/usr/local/src/mylex/nulex/mapper/exec/work/exec.v:5450$427.inp' from process `\exec_top.$proc$/usr/local/src/mylex/nulex/mapper/exec/work/exec.v:5452$614'.
No latch inferred for signal `\exec_top.\execute.alu_unit.g_blocks[0].alu_int.VX_gpu_pkg_inst_alu_class$func$/usr/local/src/mylex/nulex/mapper/exec/work/exec.v:5432$270.$result' from process `\exec_top.$proc$/usr/local/src/mylex/nulex/mapper/exec/work/exec.v:5432$601'.
No latch inferred for signal `\exec_top.\execute.alu_unit.g_blocks[0].alu_int.VX_gpu_pkg_inst_alu_class$func$/usr/local/src/mylex/nulex/mapper/exec/work/exec.v:5432$425.$result' from process `\exec_top.$proc$/usr/local/src/mylex/nulex/mapper/exec/work/exec.v:5432$601'.
No latch inferred for signal `\exec_top.\execute.alu_unit.g_blocks[0].alu_int.VX_gpu_pkg_inst_alu_class$func$/usr/local/src/mylex/nulex/mapper/exec/work/exec.v:5432$425.op' from process `\exec_top.$proc$/usr/local/src/mylex/nulex/mapper/exec/work/exec.v:5432$601'.
No latch inferred for signal `\exec_top.\execute.alu_unit.g_blocks[0].alu_int.VX_gpu_pkg_inst_br_class$func$/usr/local/src/mylex/nulex/mapper/exec/work/exec.v:5432$269.$result' from process `\exec_top.$proc$/usr/local/src/mylex/nulex/mapper/exec/work/exec.v:5432$596'.
No latch inferred for signal `\exec_top.\execute.alu_unit.g_blocks[0].alu_int.VX_gpu_pkg_inst_br_class$func$/usr/local/src/mylex/nulex/mapper/exec/work/exec.v:5432$424.$result' from process `\exec_top.$proc$/usr/local/src/mylex/nulex/mapper/exec/work/exec.v:5432$596'.
No latch inferred for signal `\exec_top.\execute.alu_unit.g_blocks[0].alu_int.VX_gpu_pkg_inst_br_class$func$/usr/local/src/mylex/nulex/mapper/exec/work/exec.v:5432$424.op' from process `\exec_top.$proc$/usr/local/src/mylex/nulex/mapper/exec/work/exec.v:5432$596'.
No latch inferred for signal `\exec_top.\execute.alu_unit.g_blocks[0].alu_int.VX_gpu_pkg_inst_alu_signed$func$/usr/local/src/mylex/nulex/mapper/exec/work/exec.v:5423$268.$result' from process `\exec_top.$proc$/usr/local/src/mylex/nulex/mapper/exec/work/exec.v:5423$592'.
No latch inferred for signal `\exec_top.\execute.alu_unit.g_blocks[0].alu_int.VX_gpu_pkg_inst_alu_signed$func$/usr/local/src/mylex/nulex/mapper/exec/work/exec.v:5423$423.$result' from process `\exec_top.$proc$/usr/local/src/mylex/nulex/mapper/exec/work/exec.v:5423$592'.
No latch inferred for signal `\exec_top.\execute.alu_unit.g_blocks[0].alu_int.VX_gpu_pkg_inst_alu_signed$func$/usr/local/src/mylex/nulex/mapper/exec/work/exec.v:5423$423.op' from process `\exec_top.$proc$/usr/local/src/mylex/nulex/mapper/exec/work/exec.v:5423$592'.
No latch inferred for signal `\exec_top.\execute.alu_unit.g_blocks[0].alu_int.VX_gpu_pkg_inst_alu_is_sub$func$/usr/local/src/mylex/nulex/mapper/exec/work/exec.v:5418$267.$result' from process `\exec_top.$proc$/usr/local/src/mylex/nulex/mapper/exec/work/exec.v:5418$588'.
No latch inferred for signal `\exec_top.\execute.alu_unit.g_blocks[0].alu_int.VX_gpu_pkg_inst_alu_is_sub$func$/usr/local/src/mylex/nulex/mapper/exec/work/exec.v:5418$422.$result' from process `\exec_top.$proc$/usr/local/src/mylex/nulex/mapper/exec/work/exec.v:5418$588'.
No latch inferred for signal `\exec_top.\execute.alu_unit.g_blocks[0].alu_int.VX_gpu_pkg_inst_alu_is_sub$func$/usr/local/src/mylex/nulex/mapper/exec/work/exec.v:5418$422.op' from process `\exec_top.$proc$/usr/local/src/mylex/nulex/mapper/exec/work/exec.v:5418$588'.
No latch inferred for signal `\exec_top.\sv2v_cast_4$func$/usr/local/src/mylex/nulex/mapper/exec/work/exec.v:5409$266.$result' from process `\exec_top.$proc$/usr/local/src/mylex/nulex/mapper/exec/work/exec.v:5409$582'.
No latch inferred for signal `\exec_top.\sv2v_cast_4$func$/usr/local/src/mylex/nulex/mapper/exec/work/exec.v:5409$421.$result' from process `\exec_top.$proc$/usr/local/src/mylex/nulex/mapper/exec/work/exec.v:5409$582'.
No latch inferred for signal `\exec_top.\sv2v_cast_4$func$/usr/local/src/mylex/nulex/mapper/exec/work/exec.v:5409$421.inp' from process `\exec_top.$proc$/usr/local/src/mylex/nulex/mapper/exec/work/exec.v:5409$582'.
No latch inferred for signal `\exec_top.\sv2v_cast_4$func$/usr/local/src/mylex/nulex/mapper/exec/work/exec.v:5407$265.$result' from process `\exec_top.$proc$/usr/local/src/mylex/nulex/mapper/exec/work/exec.v:5407$578'.
No latch inferred for signal `\exec_top.\sv2v_cast_4$func$/usr/local/src/mylex/nulex/mapper/exec/work/exec.v:5407$420.$result' from process `\exec_top.$proc$/usr/local/src/mylex/nulex/mapper/exec/work/exec.v:5407$578'.
No latch inferred for signal `\exec_top.\sv2v_cast_4$func$/usr/local/src/mylex/nulex/mapper/exec/work/exec.v:5407$420.inp' from process `\exec_top.$proc$/usr/local/src/mylex/nulex/mapper/exec/work/exec.v:5407$578'.
No latch inferred for signal `\exec_top.\execute.alu_unit.g_blocks[0].pe_select' from process `\exec_top.$proc$/usr/local/src/mylex/nulex/mapper/exec/work/exec.v:5269$576'.
No latch inferred for signal `\exec_top.\execute.alu_unit.lane_dispatch.ready_in' from process `\exec_top.$proc$/usr/local/src/mylex/nulex/mapper/exec/work/exec.v:5240$566'.
No latch inferred for signal `\exec_top.\execute.alu_unit.lane_dispatch.sv2v_autoblock_1.block_idx' from process `\exec_top.$proc$/usr/local/src/mylex/nulex/mapper/exec/work/exec.v:5240$566'.
No latch inferred for signal `\exec_top.$bitselwrite$pos$/usr/local/src/mylex/nulex/mapper/exec/work/exec.v:5245$264' from process `\exec_top.$proc$/usr/local/src/mylex/nulex/mapper/exec/work/exec.v:5240$566'.
No latch inferred for signal `\exec_top.\sv2v_cast_1$func$/usr/local/src/mylex/nulex/mapper/exec/work/exec.v:5221$263.$result' from process `\exec_top.$proc$/usr/local/src/mylex/nulex/mapper/exec/work/exec.v:5221$548'.
No latch inferred for signal `\exec_top.\sv2v_cast_1$func$/usr/local/src/mylex/nulex/mapper/exec/work/exec.v:5221$419.$result' from process `\exec_top.$proc$/usr/local/src/mylex/nulex/mapper/exec/work/exec.v:5221$548'.
No latch inferred for signal `\exec_top.\sv2v_cast_1$func$/usr/local/src/mylex/nulex/mapper/exec/work/exec.v:5221$419.inp' from process `\exec_top.$proc$/usr/local/src/mylex/nulex/mapper/exec/work/exec.v:5221$548'.
No latch inferred for signal `\exec_top.\execute.alu_unit.lane_dispatch.VX_gpu_pkg_wis_to_wid$func$/usr/local/src/mylex/nulex/mapper/exec/work/exec.v:5220$262.$result' from process `\exec_top.$proc$/usr/local/src/mylex/nulex/mapper/exec/work/exec.v:5220$543'.
No latch inferred for signal `\exec_top.\execute.alu_unit.lane_dispatch.VX_gpu_pkg_wis_to_wid$func$/usr/local/src/mylex/nulex/mapper/exec/work/exec.v:5220$418.$result' from process `\exec_top.$proc$/usr/local/src/mylex/nulex/mapper/exec/work/exec.v:5220$543'.
No latch inferred for signal `\exec_top.\execute.alu_unit.lane_dispatch.VX_gpu_pkg_wis_to_wid$func$/usr/local/src/mylex/nulex/mapper/exec/work/exec.v:5220$418.wis' from process `\exec_top.$proc$/usr/local/src/mylex/nulex/mapper/exec/work/exec.v:5220$543'.
No latch inferred for signal `\exec_top.\execute.alu_unit.lane_dispatch.VX_gpu_pkg_wis_to_wid$func$/usr/local/src/mylex/nulex/mapper/exec/work/exec.v:5220$418.isw' from process `\exec_top.$proc$/usr/local/src/mylex/nulex/mapper/exec/work/exec.v:5220$543'.
No latch inferred for signal `\exec_top.\sv2v_cast_1$func$/usr/local/src/mylex/nulex/mapper/exec/work/exec.v:5179$260.$result' from process `\exec_top.$proc$/usr/local/src/mylex/nulex/mapper/exec/work/exec.v:5179$501'.
No latch inferred for signal `\exec_top.\sv2v_cast_1$func$/usr/local/src/mylex/nulex/mapper/exec/work/exec.v:5179$417.$result' from process `\exec_top.$proc$/usr/local/src/mylex/nulex/mapper/exec/work/exec.v:5179$501'.
No latch inferred for signal `\exec_top.\sv2v_cast_1$func$/usr/local/src/mylex/nulex/mapper/exec/work/exec.v:5179$417.inp' from process `\exec_top.$proc$/usr/local/src/mylex/nulex/mapper/exec/work/exec.v:5179$501'.
No latch inferred for signal `\exec_top.\sv2v_cast_273$func$/usr/local/src/mylex/nulex/mapper/exec/work/exec.v:4927$259.$result' from process `\exec_top.$proc$/usr/local/src/mylex/nulex/mapper/exec/work/exec.v:4927$496'.
No latch inferred for signal `\exec_top.\sv2v_cast_273$func$/usr/local/src/mylex/nulex/mapper/exec/work/exec.v:4927$416.$result' from process `\exec_top.$proc$/usr/local/src/mylex/nulex/mapper/exec/work/exec.v:4927$496'.
No latch inferred for signal `\exec_top.\sv2v_cast_273$func$/usr/local/src/mylex/nulex/mapper/exec/work/exec.v:4927$416.inp' from process `\exec_top.$proc$/usr/local/src/mylex/nulex/mapper/exec/work/exec.v:4927$496'.
No latch inferred for signal `\exec_top.\sv2v_cast_273$func$/usr/local/src/mylex/nulex/mapper/exec/work/exec.v:4924$258.$result' from process `\exec_top.$proc$/usr/local/src/mylex/nulex/mapper/exec/work/exec.v:4924$492'.
No latch inferred for signal `\exec_top.\sv2v_cast_273$func$/usr/local/src/mylex/nulex/mapper/exec/work/exec.v:4924$415.$result' from process `\exec_top.$proc$/usr/local/src/mylex/nulex/mapper/exec/work/exec.v:4924$492'.
No latch inferred for signal `\exec_top.\sv2v_cast_273$func$/usr/local/src/mylex/nulex/mapper/exec/work/exec.v:4924$415.inp' from process `\exec_top.$proc$/usr/local/src/mylex/nulex/mapper/exec/work/exec.v:4924$492'.
No latch inferred for signal `\exec_top.\sv2v_cast_273$func$/usr/local/src/mylex/nulex/mapper/exec/work/exec.v:4921$257.$result' from process `\exec_top.$proc$/usr/local/src/mylex/nulex/mapper/exec/work/exec.v:4921$488'.
No latch inferred for signal `\exec_top.\sv2v_cast_273$func$/usr/local/src/mylex/nulex/mapper/exec/work/exec.v:4921$414.$result' from process `\exec_top.$proc$/usr/local/src/mylex/nulex/mapper/exec/work/exec.v:4921$488'.
No latch inferred for signal `\exec_top.\sv2v_cast_273$func$/usr/local/src/mylex/nulex/mapper/exec/work/exec.v:4921$414.inp' from process `\exec_top.$proc$/usr/local/src/mylex/nulex/mapper/exec/work/exec.v:4921$488'.
No latch inferred for signal `\VX_popcount32.\sum' from process `\VX_popcount32.$proc$/usr/local/src/mylex/nulex/mapper/exec/work/exec.v:2657$191'.
No latch inferred for signal `$paramod$56aaa88be2c08e9bc896119e52ecd323dcad8f9b\VX_multiplier.\sv2v_cast_24259_signed$func$/usr/local/src/mylex/nulex/mapper/exec/work/exec.v:2153$1761.$result' from process `$paramod$56aaa88be2c08e9bc896119e52ecd323dcad8f9b\VX_multiplier.$proc$/usr/local/src/mylex/nulex/mapper/exec/work/exec.v:2153$1763'.
No latch inferred for signal `$paramod$56aaa88be2c08e9bc896119e52ecd323dcad8f9b\VX_multiplier.\sv2v_cast_24259_signed$func$/usr/local/src/mylex/nulex/mapper/exec/work/exec.v:2153$1762.$result' from process `$paramod$56aaa88be2c08e9bc896119e52ecd323dcad8f9b\VX_multiplier.$proc$/usr/local/src/mylex/nulex/mapper/exec/work/exec.v:2153$1763'.
No latch inferred for signal `$paramod$56aaa88be2c08e9bc896119e52ecd323dcad8f9b\VX_multiplier.\sv2v_cast_24259_signed$func$/usr/local/src/mylex/nulex/mapper/exec/work/exec.v:2153$1762.inp' from process `$paramod$56aaa88be2c08e9bc896119e52ecd323dcad8f9b\VX_multiplier.$proc$/usr/local/src/mylex/nulex/mapper/exec/work/exec.v:2153$1763'.
No latch inferred for signal `$paramod$ab8530e35468cd7866955cf0519cd7712815029e\VX_popcount.\genblk1.g_popcount3.t_in' from process `$paramod$ab8530e35468cd7866955cf0519cd7712815029e\VX_popcount.$proc$/usr/local/src/mylex/nulex/mapper/exec/work/exec.v:2772$1682'.

3.2.9. Executing PROC_DFF pass (convert process syncs to FFs).
Creating register for signal `$paramod\VX_stream_buffer\DATAW=s32'00000000000000000000000001110011\OUT_REG=1'0.\g_buffer.buffer_r' using process `$paramod\VX_stream_buffer\DATAW=s32'00000000000000000000000001110011\OUT_REG=1'0.$proc$/usr/local/src/mylex/nulex/mapper/exec/work/exec.v:4322$1883'.
  created $dff cell `$procdff$3465' with positive edge clock.
Creating register for signal `$paramod\VX_stream_buffer\DATAW=s32'00000000000000000000000001110011\OUT_REG=1'0.\g_buffer.data_out_r' using process `$paramod\VX_stream_buffer\DATAW=s32'00000000000000000000000001110011\OUT_REG=1'0.$proc$/usr/local/src/mylex/nulex/mapper/exec/work/exec.v:4319$1882'.
  created $dff cell `$procdff$3466' with positive edge clock.
Creating register for signal `$paramod\VX_stream_buffer\DATAW=s32'00000000000000000000000001110011\OUT_REG=1'0.\g_buffer.valid_out_r' using process `$paramod\VX_stream_buffer\DATAW=s32'00000000000000000000000001110011\OUT_REG=1'0.$proc$/usr/local/src/mylex/nulex/mapper/exec/work/exec.v:4304$1879'.
  created $dff cell `$procdff$3467' with positive edge clock.
Creating register for signal `$paramod\VX_stream_buffer\DATAW=s32'00000000000000000000000001110011\OUT_REG=1'0.\g_buffer.valid_in_r' using process `$paramod\VX_stream_buffer\DATAW=s32'00000000000000000000000001110011\OUT_REG=1'0.$proc$/usr/local/src/mylex/nulex/mapper/exec/work/exec.v:4299$1877'.
  created $dff cell `$procdff$3468' with positive edge clock.
Creating register for signal `$paramod$1c0294520ddb5e7e24025009ccc13c5f66be71e9\VX_priority_arbiter.\g_encoder.prev_grant' using process `$paramod$1c0294520ddb5e7e24025009ccc13c5f66be71e9\VX_priority_arbiter.$proc$/usr/local/src/mylex/nulex/mapper/exec/work/exec.v:2954$1868'.
  created $dff cell `$procdff$3469' with positive edge clock.
Creating register for signal `$paramod$1c0294520ddb5e7e24025009ccc13c5f66be71e9\VX_rr_arbiter.\genblk1.genblk1.genblk1.genblk1.genblk1.genblk1.genblk1.genblk1.g_model1.reqs_mask' using process `$paramod$1c0294520ddb5e7e24025009ccc13c5f66be71e9\VX_rr_arbiter.$proc$/usr/local/src/mylex/nulex/mapper/exec/work/exec.v:3543$1864'.
  created $dff cell `$procdff$3470' with positive edge clock.
Creating register for signal `$paramod$1c0294520ddb5e7e24025009ccc13c5f66be71e9\VX_rr_arbiter.\genblk1.genblk1.genblk1.genblk1.genblk1.genblk1.genblk1.genblk1.g_model1.prev_grant' using process `$paramod$1c0294520ddb5e7e24025009ccc13c5f66be71e9\VX_rr_arbiter.$proc$/usr/local/src/mylex/nulex/mapper/exec/work/exec.v:3534$1857'.
  created $dff cell `$procdff$3471' with positive edge clock.
Creating register for signal `\exec_top.\execute.sfu_unit.csr_unit.cta_read_wait_r' using process `\exec_top.$proc$/usr/local/src/mylex/nulex/mapper/exec/work/exec.v:7185$1468'.
  created $dff cell `$procdff$3472' with positive edge clock.
Creating register for signal `\exec_top.\execute.lsu_unit.g_blocks[0].lsu_slice.fence_lock' using process `\exec_top.$proc$/usr/local/src/mylex/nulex/mapper/exec/work/exec.v:6336$1120'.
  created $dff cell `$procdff$3473' with positive edge clock.
Creating register for signal `\exec_top.\execute.alu_unit.g_blocks[0].muldiv_unit.div_tag_r' using process `\exec_top.$proc$/usr/local/src/mylex/nulex/mapper/exec/work/exec.v:5864$987'.
  created $dff cell `$procdff$3474' with positive edge clock.
Creating register for signal `$paramod\VX_stream_buffer\DATAW=s32'00000000000000000000000001110011\OUT_REG=1'1.\g_buffer.data_out_r' using process `$paramod\VX_stream_buffer\DATAW=s32'00000000000000000000000001110011\OUT_REG=1'1.$proc$/usr/local/src/mylex/nulex/mapper/exec/work/exec.v:4313$1846'.
  created $dff cell `$procdff$3475' with positive edge clock.
Creating register for signal `$paramod\VX_stream_buffer\DATAW=s32'00000000000000000000000001110011\OUT_REG=1'1.\g_buffer.buffer_r' using process `$paramod\VX_stream_buffer\DATAW=s32'00000000000000000000000001110011\OUT_REG=1'1.$proc$/usr/local/src/mylex/nulex/mapper/exec/work/exec.v:4310$1845'.
  created $dff cell `$procdff$3476' with positive edge clock.
Creating register for signal `$paramod\VX_stream_buffer\DATAW=s32'00000000000000000000000001110011\OUT_REG=1'1.\g_buffer.valid_out_r' using process `$paramod\VX_stream_buffer\DATAW=s32'00000000000000000000000001110011\OUT_REG=1'1.$proc$/usr/local/src/mylex/nulex/mapper/exec/work/exec.v:4304$1842'.
  created $dff cell `$procdff$3477' with positive edge clock.
Creating register for signal `$paramod\VX_stream_buffer\DATAW=s32'00000000000000000000000001110011\OUT_REG=1'1.\g_buffer.valid_in_r' using process `$paramod\VX_stream_buffer\DATAW=s32'00000000000000000000000001110011\OUT_REG=1'1.$proc$/usr/local/src/mylex/nulex/mapper/exec/work/exec.v:4299$1840'.
  created $dff cell `$procdff$3478' with positive edge clock.
Creating register for signal `$paramod$b47bbb2604c59e6718082939cf268ef1139f1941\VX_pipe_register.\g_pipe.pipe' using process `$paramod$b47bbb2604c59e6718082939cf268ef1139f1941\VX_pipe_register.$proc$/usr/local/src/mylex/nulex/mapper/exec/work/exec.v:2560$1832'.
  created $dff cell `$procdff$3479' with positive edge clock.
Creating register for signal `$paramod$b47bbb2604c59e6718082939cf268ef1139f1941\VX_pipe_register.\g_pipe.genblk1.g_no_reset.sv2v_autoblock_5.i' using process `$paramod$b47bbb2604c59e6718082939cf268ef1139f1941\VX_pipe_register.$proc$/usr/local/src/mylex/nulex/mapper/exec/work/exec.v:2560$1832'.
  created $dff cell `$procdff$3480' with positive edge clock.
Creating register for signal `$paramod\VX_stream_buffer\DATAW=s32'00000000000000000000000000110010\OUT_REG=1'0.\g_buffer.buffer_r' using process `$paramod\VX_stream_buffer\DATAW=s32'00000000000000000000000000110010\OUT_REG=1'0.$proc$/usr/local/src/mylex/nulex/mapper/exec/work/exec.v:4322$1830'.
  created $dff cell `$procdff$3481' with positive edge clock.
Creating register for signal `$paramod\VX_stream_buffer\DATAW=s32'00000000000000000000000000110010\OUT_REG=1'0.\g_buffer.data_out_r' using process `$paramod\VX_stream_buffer\DATAW=s32'00000000000000000000000000110010\OUT_REG=1'0.$proc$/usr/local/src/mylex/nulex/mapper/exec/work/exec.v:4319$1829'.
  created $dff cell `$procdff$3482' with positive edge clock.
Creating register for signal `$paramod\VX_stream_buffer\DATAW=s32'00000000000000000000000000110010\OUT_REG=1'0.\g_buffer.valid_out_r' using process `$paramod\VX_stream_buffer\DATAW=s32'00000000000000000000000000110010\OUT_REG=1'0.$proc$/usr/local/src/mylex/nulex/mapper/exec/work/exec.v:4304$1826'.
  created $dff cell `$procdff$3483' with positive edge clock.
Creating register for signal `$paramod\VX_stream_buffer\DATAW=s32'00000000000000000000000000110010\OUT_REG=1'0.\g_buffer.valid_in_r' using process `$paramod\VX_stream_buffer\DATAW=s32'00000000000000000000000000110010\OUT_REG=1'0.$proc$/usr/local/src/mylex/nulex/mapper/exec/work/exec.v:4299$1824'.
  created $dff cell `$procdff$3484' with positive edge clock.
Creating register for signal `$paramod\VX_stream_buffer\DATAW=s32'00000000000000000000000100010001\OUT_REG=1'1.\g_buffer.data_out_r' using process `$paramod\VX_stream_buffer\DATAW=s32'00000000000000000000000100010001\OUT_REG=1'1.$proc$/usr/local/src/mylex/nulex/mapper/exec/work/exec.v:4313$1819'.
  created $dff cell `$procdff$3485' with positive edge clock.
Creating register for signal `$paramod\VX_stream_buffer\DATAW=s32'00000000000000000000000100010001\OUT_REG=1'1.\g_buffer.buffer_r' using process `$paramod\VX_stream_buffer\DATAW=s32'00000000000000000000000100010001\OUT_REG=1'1.$proc$/usr/local/src/mylex/nulex/mapper/exec/work/exec.v:4310$1818'.
  created $dff cell `$procdff$3486' with positive edge clock.
Creating register for signal `$paramod\VX_stream_buffer\DATAW=s32'00000000000000000000000100010001\OUT_REG=1'1.\g_buffer.valid_out_r' using process `$paramod\VX_stream_buffer\DATAW=s32'00000000000000000000000100010001\OUT_REG=1'1.$proc$/usr/local/src/mylex/nulex/mapper/exec/work/exec.v:4304$1815'.
  created $dff cell `$procdff$3487' with positive edge clock.
Creating register for signal `$paramod\VX_stream_buffer\DATAW=s32'00000000000000000000000100010001\OUT_REG=1'1.\g_buffer.valid_in_r' using process `$paramod\VX_stream_buffer\DATAW=s32'00000000000000000000000100010001\OUT_REG=1'1.$proc$/usr/local/src/mylex/nulex/mapper/exec/work/exec.v:4299$1813'.
  created $dff cell `$procdff$3488' with positive edge clock.
Creating register for signal `$paramod\VX_stream_buffer\DATAW=s32'00000000000000000000000000110101\OUT_REG=1'0.\g_buffer.buffer_r' using process `$paramod\VX_stream_buffer\DATAW=s32'00000000000000000000000000110101\OUT_REG=1'0.$proc$/usr/local/src/mylex/nulex/mapper/exec/work/exec.v:4322$1808'.
  created $dff cell `$procdff$3489' with positive edge clock.
Creating register for signal `$paramod\VX_stream_buffer\DATAW=s32'00000000000000000000000000110101\OUT_REG=1'0.\g_buffer.data_out_r' using process `$paramod\VX_stream_buffer\DATAW=s32'00000000000000000000000000110101\OUT_REG=1'0.$proc$/usr/local/src/mylex/nulex/mapper/exec/work/exec.v:4319$1807'.
  created $dff cell `$procdff$3490' with positive edge clock.
Creating register for signal `$paramod\VX_stream_buffer\DATAW=s32'00000000000000000000000000110101\OUT_REG=1'0.\g_buffer.valid_out_r' using process `$paramod\VX_stream_buffer\DATAW=s32'00000000000000000000000000110101\OUT_REG=1'0.$proc$/usr/local/src/mylex/nulex/mapper/exec/work/exec.v:4304$1804'.
  created $dff cell `$procdff$3491' with positive edge clock.
Creating register for signal `$paramod\VX_stream_buffer\DATAW=s32'00000000000000000000000000110101\OUT_REG=1'0.\g_buffer.valid_in_r' using process `$paramod\VX_stream_buffer\DATAW=s32'00000000000000000000000000110101\OUT_REG=1'0.$proc$/usr/local/src/mylex/nulex/mapper/exec/work/exec.v:4299$1802'.
  created $dff cell `$procdff$3492' with positive edge clock.
Creating register for signal `$paramod\VX_stream_buffer\DATAW=s32'00000000000000000000000001110010\OUT_REG=1'0.\g_buffer.buffer_r' using process `$paramod\VX_stream_buffer\DATAW=s32'00000000000000000000000001110010\OUT_REG=1'0.$proc$/usr/local/src/mylex/nulex/mapper/exec/work/exec.v:4322$1797'.
  created $dff cell `$procdff$3493' with positive edge clock.
Creating register for signal `$paramod\VX_stream_buffer\DATAW=s32'00000000000000000000000001110010\OUT_REG=1'0.\g_buffer.data_out_r' using process `$paramod\VX_stream_buffer\DATAW=s32'00000000000000000000000001110010\OUT_REG=1'0.$proc$/usr/local/src/mylex/nulex/mapper/exec/work/exec.v:4319$1796'.
  created $dff cell `$procdff$3494' with positive edge clock.
Creating register for signal `$paramod\VX_stream_buffer\DATAW=s32'00000000000000000000000001110010\OUT_REG=1'0.\g_buffer.valid_out_r' using process `$paramod\VX_stream_buffer\DATAW=s32'00000000000000000000000001110010\OUT_REG=1'0.$proc$/usr/local/src/mylex/nulex/mapper/exec/work/exec.v:4304$1793'.
  created $dff cell `$procdff$3495' with positive edge clock.
Creating register for signal `$paramod\VX_stream_buffer\DATAW=s32'00000000000000000000000001110010\OUT_REG=1'0.\g_buffer.valid_in_r' using process `$paramod\VX_stream_buffer\DATAW=s32'00000000000000000000000001110010\OUT_REG=1'0.$proc$/usr/local/src/mylex/nulex/mapper/exec/work/exec.v:4299$1791'.
  created $dff cell `$procdff$3496' with positive edge clock.
Creating register for signal `$paramod\VX_stream_buffer\DATAW=s32'00000000000000000000000001110010\OUT_REG=1'1.\g_buffer.data_out_r' using process `$paramod\VX_stream_buffer\DATAW=s32'00000000000000000000000001110010\OUT_REG=1'1.$proc$/usr/local/src/mylex/nulex/mapper/exec/work/exec.v:4313$1786'.
  created $dff cell `$procdff$3497' with positive edge clock.
Creating register for signal `$paramod\VX_stream_buffer\DATAW=s32'00000000000000000000000001110010\OUT_REG=1'1.\g_buffer.buffer_r' using process `$paramod\VX_stream_buffer\DATAW=s32'00000000000000000000000001110010\OUT_REG=1'1.$proc$/usr/local/src/mylex/nulex/mapper/exec/work/exec.v:4310$1785'.
  created $dff cell `$procdff$3498' with positive edge clock.
Creating register for signal `$paramod\VX_stream_buffer\DATAW=s32'00000000000000000000000001110010\OUT_REG=1'1.\g_buffer.valid_out_r' using process `$paramod\VX_stream_buffer\DATAW=s32'00000000000000000000000001110010\OUT_REG=1'1.$proc$/usr/local/src/mylex/nulex/mapper/exec/work/exec.v:4304$1782'.
  created $dff cell `$procdff$3499' with positive edge clock.
Creating register for signal `$paramod\VX_stream_buffer\DATAW=s32'00000000000000000000000001110010\OUT_REG=1'1.\g_buffer.valid_in_r' using process `$paramod\VX_stream_buffer\DATAW=s32'00000000000000000000000001110010\OUT_REG=1'1.$proc$/usr/local/src/mylex/nulex/mapper/exec/work/exec.v:4299$1780'.
  created $dff cell `$procdff$3500' with positive edge clock.
Creating register for signal `$paramod$ff75061401984b42a0e1b0eb7a918d5cac4c9b71\VX_pipe_register.\g_pipe.pipe [149:0]' using process `$paramod$ff75061401984b42a0e1b0eb7a918d5cac4c9b71\VX_pipe_register.$proc$/usr/local/src/mylex/nulex/mapper/exec/work/exec.v:2549$1886'.
  created $dff cell `$procdff$3501' with positive edge clock.
Creating register for signal `$paramod$ff75061401984b42a0e1b0eb7a918d5cac4c9b71\VX_pipe_register.\g_pipe.genblk1.g_partial_reset.sv2v_autoblock_4.i' using process `$paramod$ff75061401984b42a0e1b0eb7a918d5cac4c9b71\VX_pipe_register.$proc$/usr/local/src/mylex/nulex/mapper/exec/work/exec.v:2549$1886'.
  created $dff cell `$procdff$3502' with positive edge clock.
Creating register for signal `$paramod$ff75061401984b42a0e1b0eb7a918d5cac4c9b71\VX_pipe_register.\g_pipe.pipe [150]' using process `$paramod$ff75061401984b42a0e1b0eb7a918d5cac4c9b71\VX_pipe_register.$proc$/usr/local/src/mylex/nulex/mapper/exec/work/exec.v:2535$1885'.
  created $dff cell `$procdff$3503' with positive edge clock.
Creating register for signal `$paramod$ff75061401984b42a0e1b0eb7a918d5cac4c9b71\VX_pipe_register.\g_pipe.genblk1.g_partial_reset.sv2v_autoblock_2.i' using process `$paramod$ff75061401984b42a0e1b0eb7a918d5cac4c9b71\VX_pipe_register.$proc$/usr/local/src/mylex/nulex/mapper/exec/work/exec.v:2535$1885'.
  created $dff cell `$procdff$3504' with positive edge clock.
Creating register for signal `$paramod$ff75061401984b42a0e1b0eb7a918d5cac4c9b71\VX_pipe_register.\g_pipe.genblk1.g_partial_reset.sv2v_autoblock_3.i' using process `$paramod$ff75061401984b42a0e1b0eb7a918d5cac4c9b71\VX_pipe_register.$proc$/usr/local/src/mylex/nulex/mapper/exec/work/exec.v:2535$1885'.
  created $dff cell `$procdff$3505' with positive edge clock.
Creating register for signal `$paramod$ec469cbf2aa2fbc414254715ce7cabddd737ef3a\VX_pipe_register.\g_pipe.pipe [37:0]' using process `$paramod$ec469cbf2aa2fbc414254715ce7cabddd737ef3a\VX_pipe_register.$proc$/usr/local/src/mylex/nulex/mapper/exec/work/exec.v:2549$1769'.
  created $dff cell `$procdff$3506' with positive edge clock.
Creating register for signal `$paramod$ec469cbf2aa2fbc414254715ce7cabddd737ef3a\VX_pipe_register.\g_pipe.genblk1.g_partial_reset.sv2v_autoblock_4.i' using process `$paramod$ec469cbf2aa2fbc414254715ce7cabddd737ef3a\VX_pipe_register.$proc$/usr/local/src/mylex/nulex/mapper/exec/work/exec.v:2549$1769'.
  created $dff cell `$procdff$3507' with positive edge clock.
Creating register for signal `$paramod$ec469cbf2aa2fbc414254715ce7cabddd737ef3a\VX_pipe_register.\g_pipe.pipe [38]' using process `$paramod$ec469cbf2aa2fbc414254715ce7cabddd737ef3a\VX_pipe_register.$proc$/usr/local/src/mylex/nulex/mapper/exec/work/exec.v:2535$1768'.
  created $dff cell `$procdff$3508' with positive edge clock.
Creating register for signal `$paramod$ec469cbf2aa2fbc414254715ce7cabddd737ef3a\VX_pipe_register.\g_pipe.genblk1.g_partial_reset.sv2v_autoblock_2.i' using process `$paramod$ec469cbf2aa2fbc414254715ce7cabddd737ef3a\VX_pipe_register.$proc$/usr/local/src/mylex/nulex/mapper/exec/work/exec.v:2535$1768'.
  created $dff cell `$procdff$3509' with positive edge clock.
Creating register for signal `$paramod$ec469cbf2aa2fbc414254715ce7cabddd737ef3a\VX_pipe_register.\g_pipe.genblk1.g_partial_reset.sv2v_autoblock_3.i' using process `$paramod$ec469cbf2aa2fbc414254715ce7cabddd737ef3a\VX_pipe_register.$proc$/usr/local/src/mylex/nulex/mapper/exec/work/exec.v:2535$1768'.
  created $dff cell `$procdff$3510' with positive edge clock.
Creating register for signal `$paramod$94427155f1112184920d33d0b9cd41c1c6068a20\VX_shift_register.\g_shift.pipe [51:0]' using process `$paramod$94427155f1112184920d33d0b9cd41c1c6068a20\VX_shift_register.$proc$/usr/local/src/mylex/nulex/mapper/exec/work/exec.v:3815$1760'.
  created $dff cell `$procdff$3511' with positive edge clock.
Creating register for signal `$paramod$94427155f1112184920d33d0b9cd41c1c6068a20\VX_shift_register.\g_shift.pipe [104:53]' using process `$paramod$94427155f1112184920d33d0b9cd41c1c6068a20\VX_shift_register.$proc$/usr/local/src/mylex/nulex/mapper/exec/work/exec.v:3815$1760'.
  created $dff cell `$procdff$3512' with positive edge clock.
Creating register for signal `$paramod$94427155f1112184920d33d0b9cd41c1c6068a20\VX_shift_register.\g_shift.pipe [157:106]' using process `$paramod$94427155f1112184920d33d0b9cd41c1c6068a20\VX_shift_register.$proc$/usr/local/src/mylex/nulex/mapper/exec/work/exec.v:3815$1760'.
  created $dff cell `$procdff$3513' with positive edge clock.
Creating register for signal `$paramod$94427155f1112184920d33d0b9cd41c1c6068a20\VX_shift_register.\g_shift.genblk1.g_partial_reset.sv2v_autoblock_4.i' using process `$paramod$94427155f1112184920d33d0b9cd41c1c6068a20\VX_shift_register.$proc$/usr/local/src/mylex/nulex/mapper/exec/work/exec.v:3815$1760'.
  created $dff cell `$procdff$3514' with positive edge clock.
Creating register for signal `$paramod$94427155f1112184920d33d0b9cd41c1c6068a20\VX_shift_register.\g_shift.pipe [52]' using process `$paramod$94427155f1112184920d33d0b9cd41c1c6068a20\VX_shift_register.$proc$/usr/local/src/mylex/nulex/mapper/exec/work/exec.v:3801$1759'.
  created $dff cell `$procdff$3515' with positive edge clock.
Creating register for signal `$paramod$94427155f1112184920d33d0b9cd41c1c6068a20\VX_shift_register.\g_shift.pipe [105]' using process `$paramod$94427155f1112184920d33d0b9cd41c1c6068a20\VX_shift_register.$proc$/usr/local/src/mylex/nulex/mapper/exec/work/exec.v:3801$1759'.
  created $dff cell `$procdff$3516' with positive edge clock.
Creating register for signal `$paramod$94427155f1112184920d33d0b9cd41c1c6068a20\VX_shift_register.\g_shift.pipe [158]' using process `$paramod$94427155f1112184920d33d0b9cd41c1c6068a20\VX_shift_register.$proc$/usr/local/src/mylex/nulex/mapper/exec/work/exec.v:3801$1759'.
  created $dff cell `$procdff$3517' with positive edge clock.
Creating register for signal `$paramod$94427155f1112184920d33d0b9cd41c1c6068a20\VX_shift_register.\g_shift.genblk1.g_partial_reset.sv2v_autoblock_2.i' using process `$paramod$94427155f1112184920d33d0b9cd41c1c6068a20\VX_shift_register.$proc$/usr/local/src/mylex/nulex/mapper/exec/work/exec.v:3801$1759'.
  created $dff cell `$procdff$3518' with positive edge clock.
Creating register for signal `$paramod$94427155f1112184920d33d0b9cd41c1c6068a20\VX_shift_register.\g_shift.genblk1.g_partial_reset.sv2v_autoblock_3.i' using process `$paramod$94427155f1112184920d33d0b9cd41c1c6068a20\VX_shift_register.$proc$/usr/local/src/mylex/nulex/mapper/exec/work/exec.v:3801$1759'.
  created $dff cell `$procdff$3519' with positive edge clock.
Creating register for signal `$paramod$78fb96dd52e7defe737df25883351cf2247a26db\VX_serial_div.\working [129:65]' using process `$paramod$78fb96dd52e7defe737df25883351cf2247a26db\VX_serial_div.$proc$/usr/local/src/mylex/nulex/mapper/exec/work/exec.v:3739$1744'.
  created $dff cell `$procdff$3520' with positive edge clock.
Creating register for signal `$paramod$78fb96dd52e7defe737df25883351cf2247a26db\VX_serial_div.\denom_r [63:32]' using process `$paramod$78fb96dd52e7defe737df25883351cf2247a26db\VX_serial_div.$proc$/usr/local/src/mylex/nulex/mapper/exec/work/exec.v:3739$1744'.
  created $dff cell `$procdff$3521' with positive edge clock.
Creating register for signal `$paramod$78fb96dd52e7defe737df25883351cf2247a26db\VX_serial_div.\inv_quot [1]' using process `$paramod$78fb96dd52e7defe737df25883351cf2247a26db\VX_serial_div.$proc$/usr/local/src/mylex/nulex/mapper/exec/work/exec.v:3739$1744'.
  created $dff cell `$procdff$3522' with positive edge clock.
Creating register for signal `$paramod$78fb96dd52e7defe737df25883351cf2247a26db\VX_serial_div.\inv_rem [1]' using process `$paramod$78fb96dd52e7defe737df25883351cf2247a26db\VX_serial_div.$proc$/usr/local/src/mylex/nulex/mapper/exec/work/exec.v:3739$1744'.
  created $dff cell `$procdff$3523' with positive edge clock.
Creating register for signal `$paramod$78fb96dd52e7defe737df25883351cf2247a26db\VX_serial_div.\working [64:0]' using process `$paramod$78fb96dd52e7defe737df25883351cf2247a26db\VX_serial_div.$proc$/usr/local/src/mylex/nulex/mapper/exec/work/exec.v:3739$1737'.
  created $dff cell `$procdff$3524' with positive edge clock.
Creating register for signal `$paramod$78fb96dd52e7defe737df25883351cf2247a26db\VX_serial_div.\denom_r [31:0]' using process `$paramod$78fb96dd52e7defe737df25883351cf2247a26db\VX_serial_div.$proc$/usr/local/src/mylex/nulex/mapper/exec/work/exec.v:3739$1737'.
  created $dff cell `$procdff$3525' with positive edge clock.
Creating register for signal `$paramod$78fb96dd52e7defe737df25883351cf2247a26db\VX_serial_div.\inv_quot [0]' using process `$paramod$78fb96dd52e7defe737df25883351cf2247a26db\VX_serial_div.$proc$/usr/local/src/mylex/nulex/mapper/exec/work/exec.v:3739$1737'.
  created $dff cell `$procdff$3526' with positive edge clock.
Creating register for signal `$paramod$78fb96dd52e7defe737df25883351cf2247a26db\VX_serial_div.\inv_rem [0]' using process `$paramod$78fb96dd52e7defe737df25883351cf2247a26db\VX_serial_div.$proc$/usr/local/src/mylex/nulex/mapper/exec/work/exec.v:3739$1737'.
  created $dff cell `$procdff$3527' with positive edge clock.
Creating register for signal `$paramod$78fb96dd52e7defe737df25883351cf2247a26db\VX_serial_div.\cntr' using process `$paramod$78fb96dd52e7defe737df25883351cf2247a26db\VX_serial_div.$proc$/usr/local/src/mylex/nulex/mapper/exec/work/exec.v:3722$1719'.
  created $dff cell `$procdff$3528' with positive edge clock.
Creating register for signal `$paramod$78fb96dd52e7defe737df25883351cf2247a26db\VX_serial_div.\busy_r' using process `$paramod$78fb96dd52e7defe737df25883351cf2247a26db\VX_serial_div.$proc$/usr/local/src/mylex/nulex/mapper/exec/work/exec.v:3722$1719'.
  created $dff cell `$procdff$3529' with positive edge clock.
Creating register for signal `\VX_elastic_adapter.\loaded' using process `\VX_elastic_adapter.$proc$/usr/local/src/mylex/nulex/mapper/exec/work/exec.v:767$91'.
  created $dff cell `$procdff$3530' with positive edge clock.
Creating register for signal `$paramod$e25dd882d7de3799ae77603144455ae069898a38\VX_pipe_register.\g_pipe.pipe [90:0]' using process `$paramod$e25dd882d7de3799ae77603144455ae069898a38\VX_pipe_register.$proc$/usr/local/src/mylex/nulex/mapper/exec/work/exec.v:2549$1681'.
  created $dff cell `$procdff$3531' with positive edge clock.
Creating register for signal `$paramod$e25dd882d7de3799ae77603144455ae069898a38\VX_pipe_register.\g_pipe.genblk1.g_partial_reset.sv2v_autoblock_4.i' using process `$paramod$e25dd882d7de3799ae77603144455ae069898a38\VX_pipe_register.$proc$/usr/local/src/mylex/nulex/mapper/exec/work/exec.v:2549$1681'.
  created $dff cell `$procdff$3532' with positive edge clock.
Creating register for signal `$paramod$e25dd882d7de3799ae77603144455ae069898a38\VX_pipe_register.\g_pipe.pipe [91]' using process `$paramod$e25dd882d7de3799ae77603144455ae069898a38\VX_pipe_register.$proc$/usr/local/src/mylex/nulex/mapper/exec/work/exec.v:2535$1680'.
  created $dff cell `$procdff$3533' with positive edge clock.
Creating register for signal `$paramod$e25dd882d7de3799ae77603144455ae069898a38\VX_pipe_register.\g_pipe.genblk1.g_partial_reset.sv2v_autoblock_2.i' using process `$paramod$e25dd882d7de3799ae77603144455ae069898a38\VX_pipe_register.$proc$/usr/local/src/mylex/nulex/mapper/exec/work/exec.v:2535$1680'.
  created $dff cell `$procdff$3534' with positive edge clock.
Creating register for signal `$paramod$e25dd882d7de3799ae77603144455ae069898a38\VX_pipe_register.\g_pipe.genblk1.g_partial_reset.sv2v_autoblock_3.i' using process `$paramod$e25dd882d7de3799ae77603144455ae069898a38\VX_pipe_register.$proc$/usr/local/src/mylex/nulex/mapper/exec/work/exec.v:2535$1680'.
  created $dff cell `$procdff$3535' with positive edge clock.

3.2.10. Executing PROC_MEMWR pass (convert process memory writes to cells).

3.2.11. Executing PROC_CLEAN pass (remove empty switches from decision trees).
Removing empty process `$paramod\VX_csa_32\N=s32'00000000000000000000000000100000.$proc$/usr/local/src/mylex/nulex/mapper/exec/work/exec.v:50$1676'.
Removing empty process `$paramod\VX_csa_32\N=s32'00000000000000000000000000100000.$proc$/usr/local/src/mylex/nulex/mapper/exec/work/exec.v:49$1672'.
Removing empty process `$paramod$867d1f764aa3da698dc413872bfbc464cd1004b8\VX_pipe_buffer.$proc$/usr/local/src/mylex/nulex/mapper/exec/work/exec.v:2495$1893'.
Removing empty process `$paramod$867d1f764aa3da698dc413872bfbc464cd1004b8\VX_pipe_buffer.$proc$/usr/local/src/mylex/nulex/mapper/exec/work/exec.v:2481$1890'.
Found and cleaned up 1 empty switch in `$paramod\VX_stream_buffer\DATAW=s32'00000000000000000000000001110011\OUT_REG=1'0.$proc$/usr/local/src/mylex/nulex/mapper/exec/work/exec.v:4322$1883'.
Removing empty process `$paramod\VX_stream_buffer\DATAW=s32'00000000000000000000000001110011\OUT_REG=1'0.$proc$/usr/local/src/mylex/nulex/mapper/exec/work/exec.v:4322$1883'.
Found and cleaned up 1 empty switch in `$paramod\VX_stream_buffer\DATAW=s32'00000000000000000000000001110011\OUT_REG=1'0.$proc$/usr/local/src/mylex/nulex/mapper/exec/work/exec.v:4319$1882'.
Removing empty process `$paramod\VX_stream_buffer\DATAW=s32'00000000000000000000000001110011\OUT_REG=1'0.$proc$/usr/local/src/mylex/nulex/mapper/exec/work/exec.v:4319$1882'.
Found and cleaned up 2 empty switches in `$paramod\VX_stream_buffer\DATAW=s32'00000000000000000000000001110011\OUT_REG=1'0.$proc$/usr/local/src/mylex/nulex/mapper/exec/work/exec.v:4304$1879'.
Removing empty process `$paramod\VX_stream_buffer\DATAW=s32'00000000000000000000000001110011\OUT_REG=1'0.$proc$/usr/local/src/mylex/nulex/mapper/exec/work/exec.v:4304$1879'.
Found and cleaned up 2 empty switches in `$paramod\VX_stream_buffer\DATAW=s32'00000000000000000000000001110011\OUT_REG=1'0.$proc$/usr/local/src/mylex/nulex/mapper/exec/work/exec.v:4299$1877'.
Removing empty process `$paramod\VX_stream_buffer\DATAW=s32'00000000000000000000000001110011\OUT_REG=1'0.$proc$/usr/local/src/mylex/nulex/mapper/exec/work/exec.v:4299$1877'.
Found and cleaned up 2 empty switches in `$paramod$1c0294520ddb5e7e24025009ccc13c5f66be71e9\VX_priority_arbiter.$proc$/usr/local/src/mylex/nulex/mapper/exec/work/exec.v:2954$1868'.
Removing empty process `$paramod$1c0294520ddb5e7e24025009ccc13c5f66be71e9\VX_priority_arbiter.$proc$/usr/local/src/mylex/nulex/mapper/exec/work/exec.v:2954$1868'.
Found and cleaned up 4 empty switches in `$paramod$1c0294520ddb5e7e24025009ccc13c5f66be71e9\VX_rr_arbiter.$proc$/usr/local/src/mylex/nulex/mapper/exec/work/exec.v:3543$1864'.
Removing empty process `$paramod$1c0294520ddb5e7e24025009ccc13c5f66be71e9\VX_rr_arbiter.$proc$/usr/local/src/mylex/nulex/mapper/exec/work/exec.v:3543$1864'.
Found and cleaned up 2 empty switches in `$paramod$1c0294520ddb5e7e24025009ccc13c5f66be71e9\VX_rr_arbiter.$proc$/usr/local/src/mylex/nulex/mapper/exec/work/exec.v:3534$1857'.
Removing empty process `$paramod$1c0294520ddb5e7e24025009ccc13c5f66be71e9\VX_rr_arbiter.$proc$/usr/local/src/mylex/nulex/mapper/exec/work/exec.v:3534$1857'.
Found and cleaned up 1 empty switch in `\exec_top.$proc$/usr/local/src/mylex/nulex/mapper/exec/work/exec.v:7480$1638'.
Removing empty process `exec_top.$proc$/usr/local/src/mylex/nulex/mapper/exec/work/exec.v:7480$1638'.
Found and cleaned up 1 empty switch in `\exec_top.$proc$/usr/local/src/mylex/nulex/mapper/exec/work/exec.v:7384$1634'.
Removing empty process `exec_top.$proc$/usr/local/src/mylex/nulex/mapper/exec/work/exec.v:7384$1634'.
Removing empty process `exec_top.$proc$/usr/local/src/mylex/nulex/mapper/exec/work/exec.v:7381$1627'.
Found and cleaned up 1 empty switch in `\exec_top.$proc$/usr/local/src/mylex/nulex/mapper/exec/work/exec.v:7367$1625'.
Removing empty process `exec_top.$proc$/usr/local/src/mylex/nulex/mapper/exec/work/exec.v:7367$1625'.
Removing empty process `exec_top.$proc$/usr/local/src/mylex/nulex/mapper/exec/work/exec.v:7365$1616'.
Removing empty process `exec_top.$proc$/usr/local/src/mylex/nulex/mapper/exec/work/exec.v:7364$1607'.
Removing empty process `exec_top.$proc$/usr/local/src/mylex/nulex/mapper/exec/work/exec.v:7363$1599'.
Removing empty process `exec_top.$proc$/usr/local/src/mylex/nulex/mapper/exec/work/exec.v:7365$1590'.
Removing empty process `exec_top.$proc$/usr/local/src/mylex/nulex/mapper/exec/work/exec.v:7364$1581'.
Removing empty process `exec_top.$proc$/usr/local/src/mylex/nulex/mapper/exec/work/exec.v:7363$1573'.
Removing empty process `exec_top.$proc$/usr/local/src/mylex/nulex/mapper/exec/work/exec.v:7353$1566'.
Removing empty process `exec_top.$proc$/usr/local/src/mylex/nulex/mapper/exec/work/exec.v:7353$1559'.
Found and cleaned up 3 empty switches in `\exec_top.$proc$/usr/local/src/mylex/nulex/mapper/exec/work/exec.v:7264$1493'.
Removing empty process `exec_top.$proc$/usr/local/src/mylex/nulex/mapper/exec/work/exec.v:7264$1493'.
Removing empty process `exec_top.$proc$/usr/local/src/mylex/nulex/mapper/exec/work/exec.v:7530$1651'.
Found and cleaned up 4 empty switches in `\exec_top.$proc$/usr/local/src/mylex/nulex/mapper/exec/work/exec.v:7185$1468'.
Removing empty process `exec_top.$proc$/usr/local/src/mylex/nulex/mapper/exec/work/exec.v:7185$1468'.
Removing empty process `exec_top.$proc$/usr/local/src/mylex/nulex/mapper/exec/work/exec.v:7153$1463'.
Removing empty process `exec_top.$proc$/usr/local/src/mylex/nulex/mapper/exec/work/exec.v:7153$1459'.
Removing empty process `exec_top.$proc$/usr/local/src/mylex/nulex/mapper/exec/work/exec.v:7153$1454'.
Removing empty process `exec_top.$proc$/usr/local/src/mylex/nulex/mapper/exec/work/exec.v:7153$1450'.
Removing empty process `exec_top.$proc$/usr/local/src/mylex/nulex/mapper/exec/work/exec.v:7101$1423'.
Found and cleaned up 1 empty switch in `\exec_top.$proc$/usr/local/src/mylex/nulex/mapper/exec/work/exec.v:6847$1360'.
Removing empty process `exec_top.$proc$/usr/local/src/mylex/nulex/mapper/exec/work/exec.v:6847$1360'.
Removing empty process `exec_top.$proc$/usr/local/src/mylex/nulex/mapper/exec/work/exec.v:6817$1350'.
Removing empty process `exec_top.$proc$/usr/local/src/mylex/nulex/mapper/exec/work/exec.v:6798$1332'.
Removing empty process `exec_top.$proc$/usr/local/src/mylex/nulex/mapper/exec/work/exec.v:6797$1327'.
Removing empty process `exec_top.$proc$/usr/local/src/mylex/nulex/mapper/exec/work/exec.v:6756$1285'.
Removing empty process `exec_top.$proc$/usr/local/src/mylex/nulex/mapper/exec/work/exec.v:6613$1280'.
Found and cleaned up 1 empty switch in `\exec_top.$proc$/usr/local/src/mylex/nulex/mapper/exec/work/exec.v:6563$1267'.
Removing empty process `exec_top.$proc$/usr/local/src/mylex/nulex/mapper/exec/work/exec.v:6563$1267'.
Removing empty process `exec_top.$proc$/usr/local/src/mylex/nulex/mapper/exec/work/exec.v:6452$1266'.
Found and cleaned up 1 empty switch in `\exec_top.$proc$/usr/local/src/mylex/nulex/mapper/exec/work/exec.v:6441$1243'.
Removing empty process `exec_top.$proc$/usr/local/src/mylex/nulex/mapper/exec/work/exec.v:6441$1243'.
Found and cleaned up 1 empty switch in `\exec_top.$proc$/usr/local/src/mylex/nulex/mapper/exec/work/exec.v:6441$1218'.
Removing empty process `exec_top.$proc$/usr/local/src/mylex/nulex/mapper/exec/work/exec.v:6441$1218'.
Found and cleaned up 1 empty switch in `\exec_top.$proc$/usr/local/src/mylex/nulex/mapper/exec/work/exec.v:6388$1215'.
Removing empty process `exec_top.$proc$/usr/local/src/mylex/nulex/mapper/exec/work/exec.v:6388$1215'.
Found and cleaned up 1 empty switch in `\exec_top.$proc$/usr/local/src/mylex/nulex/mapper/exec/work/exec.v:6388$1214'.
Removing empty process `exec_top.$proc$/usr/local/src/mylex/nulex/mapper/exec/work/exec.v:6388$1214'.
Found and cleaned up 1 empty switch in `\exec_top.$proc$/usr/local/src/mylex/nulex/mapper/exec/work/exec.v:6367$1182'.
Removing empty process `exec_top.$proc$/usr/local/src/mylex/nulex/mapper/exec/work/exec.v:6367$1182'.
Found and cleaned up 1 empty switch in `\exec_top.$proc$/usr/local/src/mylex/nulex/mapper/exec/work/exec.v:6367$1152'.
Removing empty process `exec_top.$proc$/usr/local/src/mylex/nulex/mapper/exec/work/exec.v:6367$1152'.
Found and cleaned up 3 empty switches in `\exec_top.$proc$/usr/local/src/mylex/nulex/mapper/exec/work/exec.v:6336$1120'.
Removing empty process `exec_top.$proc$/usr/local/src/mylex/nulex/mapper/exec/work/exec.v:6336$1120'.
Removing empty process `exec_top.$proc$/usr/local/src/mylex/nulex/mapper/exec/work/exec.v:6335$1115'.
Removing empty process `exec_top.$proc$/usr/local/src/mylex/nulex/mapper/exec/work/exec.v:6301$1106'.
Removing empty process `exec_top.$proc$/usr/local/src/mylex/nulex/mapper/exec/work/exec.v:6301$1102'.
Removing empty process `exec_top.$proc$/usr/local/src/mylex/nulex/mapper/exec/work/exec.v:6301$1092'.
Removing empty process `exec_top.$proc$/usr/local/src/mylex/nulex/mapper/exec/work/exec.v:6301$1088'.
Removing empty process `exec_top.$proc$/usr/local/src/mylex/nulex/mapper/exec/work/exec.v:6199$1075'.
Removing empty process `exec_top.$proc$/usr/local/src/mylex/nulex/mapper/exec/work/exec.v:6180$1057'.
Removing empty process `exec_top.$proc$/usr/local/src/mylex/nulex/mapper/exec/work/exec.v:6179$1052'.
Removing empty process `exec_top.$proc$/usr/local/src/mylex/nulex/mapper/exec/work/exec.v:6138$1010'.
Removing empty process `exec_top.$proc$/usr/local/src/mylex/nulex/mapper/exec/work/exec.v:6002$1005'.
Found and cleaned up 1 empty switch in `\exec_top.$proc$/usr/local/src/mylex/nulex/mapper/exec/work/exec.v:5952$992'.
Removing empty process `exec_top.$proc$/usr/local/src/mylex/nulex/mapper/exec/work/exec.v:5952$992'.
Found and cleaned up 1 empty switch in `\exec_top.$proc$/usr/local/src/mylex/nulex/mapper/exec/work/exec.v:5864$987'.
Removing empty process `exec_top.$proc$/usr/local/src/mylex/nulex/mapper/exec/work/exec.v:5864$987'.
Removing empty process `exec_top.$proc$/usr/local/src/mylex/nulex/mapper/exec/work/exec.v:5817$981'.
Removing empty process `exec_top.$proc$/usr/local/src/mylex/nulex/mapper/exec/work/exec.v:5770$968'.
Removing empty process `exec_top.$proc$/usr/local/src/mylex/nulex/mapper/exec/work/exec.v:5765$963'.
Removing empty process `exec_top.$proc$/usr/local/src/mylex/nulex/mapper/exec/work/exec.v:5753$957'.
Removing empty process `exec_top.$proc$/usr/local/src/mylex/nulex/mapper/exec/work/exec.v:5748$952'.
Removing empty process `exec_top.$proc$/usr/local/src/mylex/nulex/mapper/exec/work/exec.v:5743$948'.
Removing empty process `exec_top.$proc$/usr/local/src/mylex/nulex/mapper/exec/work/exec.v:5709$939'.
Removing empty process `exec_top.$proc$/usr/local/src/mylex/nulex/mapper/exec/work/exec.v:5709$930'.
Removing empty process `exec_top.$proc$/usr/local/src/mylex/nulex/mapper/exec/work/exec.v:5690$921'.
Removing empty process `exec_top.$proc$/usr/local/src/mylex/nulex/mapper/exec/work/exec.v:5675$896'.
Removing empty process `exec_top.$proc$/usr/local/src/mylex/nulex/mapper/exec/work/exec.v:5670$892'.
Removing empty process `exec_top.$proc$/usr/local/src/mylex/nulex/mapper/exec/work/exec.v:5665$888'.
Found and cleaned up 1 empty switch in `\exec_top.$proc$/usr/local/src/mylex/nulex/mapper/exec/work/exec.v:5646$884'.
Removing empty process `exec_top.$proc$/usr/local/src/mylex/nulex/mapper/exec/work/exec.v:5646$884'.
Removing empty process `exec_top.$proc$/usr/local/src/mylex/nulex/mapper/exec/work/exec.v:5613$875'.
Found and cleaned up 3 empty switches in `\exec_top.$proc$/usr/local/src/mylex/nulex/mapper/exec/work/exec.v:5584$873'.
Removing empty process `exec_top.$proc$/usr/local/src/mylex/nulex/mapper/exec/work/exec.v:5584$873'.
Removing empty process `exec_top.$proc$/usr/local/src/mylex/nulex/mapper/exec/work/exec.v:5582$863'.
Found and cleaned up 3 empty switches in `\exec_top.$proc$/usr/local/src/mylex/nulex/mapper/exec/work/exec.v:5584$861'.
Removing empty process `exec_top.$proc$/usr/local/src/mylex/nulex/mapper/exec/work/exec.v:5584$861'.
Removing empty process `exec_top.$proc$/usr/local/src/mylex/nulex/mapper/exec/work/exec.v:5582$851'.
Found and cleaned up 5 empty switches in `\exec_top.$proc$/usr/local/src/mylex/nulex/mapper/exec/work/exec.v:5558$840'.
Removing empty process `exec_top.$proc$/usr/local/src/mylex/nulex/mapper/exec/work/exec.v:5558$840'.
Found and cleaned up 5 empty switches in `\exec_top.$proc$/usr/local/src/mylex/nulex/mapper/exec/work/exec.v:5558$819'.
Removing empty process `exec_top.$proc$/usr/local/src/mylex/nulex/mapper/exec/work/exec.v:5558$819'.
Removing empty process `exec_top.$proc$/usr/local/src/mylex/nulex/mapper/exec/work/exec.v:5534$785'.
Removing empty process `exec_top.$proc$/usr/local/src/mylex/nulex/mapper/exec/work/exec.v:5534$761'.
Found and cleaned up 1 empty switch in `\exec_top.$proc$/usr/local/src/mylex/nulex/mapper/exec/work/exec.v:5519$744'.
Removing empty process `exec_top.$proc$/usr/local/src/mylex/nulex/mapper/exec/work/exec.v:5519$744'.
Found and cleaned up 1 empty switch in `\exec_top.$proc$/usr/local/src/mylex/nulex/mapper/exec/work/exec.v:5519$727'.
Removing empty process `exec_top.$proc$/usr/local/src/mylex/nulex/mapper/exec/work/exec.v:5519$727'.
Removing empty process `exec_top.$proc$/usr/local/src/mylex/nulex/mapper/exec/work/exec.v:5495$715'.
Removing empty process `exec_top.$proc$/usr/local/src/mylex/nulex/mapper/exec/work/exec.v:5494$710'.
Found and cleaned up 1 empty switch in `\exec_top.$proc$/usr/local/src/mylex/nulex/mapper/exec/work/exec.v:5486$705'.
Removing empty process `exec_top.$proc$/usr/local/src/mylex/nulex/mapper/exec/work/exec.v:5486$705'.
Removing empty process `exec_top.$proc$/usr/local/src/mylex/nulex/mapper/exec/work/exec.v:5495$704'.
Removing empty process `exec_top.$proc$/usr/local/src/mylex/nulex/mapper/exec/work/exec.v:5494$699'.
Found and cleaned up 1 empty switch in `\exec_top.$proc$/usr/local/src/mylex/nulex/mapper/exec/work/exec.v:5486$694'.
Removing empty process `exec_top.$proc$/usr/local/src/mylex/nulex/mapper/exec/work/exec.v:5486$694'.
Removing empty process `exec_top.$proc$/usr/local/src/mylex/nulex/mapper/exec/work/exec.v:5481$690'.
Removing empty process `exec_top.$proc$/usr/local/src/mylex/nulex/mapper/exec/work/exec.v:5480$685'.
Found and cleaned up 1 empty switch in `\exec_top.$proc$/usr/local/src/mylex/nulex/mapper/exec/work/exec.v:5474$675'.
Removing empty process `exec_top.$proc$/usr/local/src/mylex/nulex/mapper/exec/work/exec.v:5474$675'.
Removing empty process `exec_top.$proc$/usr/local/src/mylex/nulex/mapper/exec/work/exec.v:5481$670'.
Removing empty process `exec_top.$proc$/usr/local/src/mylex/nulex/mapper/exec/work/exec.v:5480$665'.
Found and cleaned up 1 empty switch in `\exec_top.$proc$/usr/local/src/mylex/nulex/mapper/exec/work/exec.v:5474$655'.
Removing empty process `exec_top.$proc$/usr/local/src/mylex/nulex/mapper/exec/work/exec.v:5474$655'.
Removing empty process `exec_top.$proc$/usr/local/src/mylex/nulex/mapper/exec/work/exec.v:5468$649'.
Removing empty process `exec_top.$proc$/usr/local/src/mylex/nulex/mapper/exec/work/exec.v:5468$641'.
Removing empty process `exec_top.$proc$/usr/local/src/mylex/nulex/mapper/exec/work/exec.v:5460$633'.
Removing empty process `exec_top.$proc$/usr/local/src/mylex/nulex/mapper/exec/work/exec.v:5460$627'.
Removing empty process `exec_top.$proc$/usr/local/src/mylex/nulex/mapper/exec/work/exec.v:5452$614'.
Removing empty process `exec_top.$proc$/usr/local/src/mylex/nulex/mapper/exec/work/exec.v:5432$601'.
Removing empty process `exec_top.$proc$/usr/local/src/mylex/nulex/mapper/exec/work/exec.v:5432$596'.
Removing empty process `exec_top.$proc$/usr/local/src/mylex/nulex/mapper/exec/work/exec.v:5423$592'.
Removing empty process `exec_top.$proc$/usr/local/src/mylex/nulex/mapper/exec/work/exec.v:5418$588'.
Removing empty process `exec_top.$proc$/usr/local/src/mylex/nulex/mapper/exec/work/exec.v:5409$582'.
Removing empty process `exec_top.$proc$/usr/local/src/mylex/nulex/mapper/exec/work/exec.v:5407$578'.
Found and cleaned up 1 empty switch in `\exec_top.$proc$/usr/local/src/mylex/nulex/mapper/exec/work/exec.v:5269$576'.
Removing empty process `exec_top.$proc$/usr/local/src/mylex/nulex/mapper/exec/work/exec.v:5269$576'.
Removing empty process `exec_top.$proc$/usr/local/src/mylex/nulex/mapper/exec/work/exec.v:5240$566'.
Removing empty process `exec_top.$proc$/usr/local/src/mylex/nulex/mapper/exec/work/exec.v:5221$548'.
Removing empty process `exec_top.$proc$/usr/local/src/mylex/nulex/mapper/exec/work/exec.v:5220$543'.
Removing empty process `exec_top.$proc$/usr/local/src/mylex/nulex/mapper/exec/work/exec.v:5179$501'.
Removing empty process `exec_top.$proc$/usr/local/src/mylex/nulex/mapper/exec/work/exec.v:4927$496'.
Removing empty process `exec_top.$proc$/usr/local/src/mylex/nulex/mapper/exec/work/exec.v:4924$492'.
Removing empty process `exec_top.$proc$/usr/local/src/mylex/nulex/mapper/exec/work/exec.v:4921$488'.
Found and cleaned up 1 empty switch in `$paramod\VX_stream_buffer\DATAW=s32'00000000000000000000000001110011\OUT_REG=1'1.$proc$/usr/local/src/mylex/nulex/mapper/exec/work/exec.v:4313$1846'.
Removing empty process `$paramod\VX_stream_buffer\DATAW=s32'00000000000000000000000001110011\OUT_REG=1'1.$proc$/usr/local/src/mylex/nulex/mapper/exec/work/exec.v:4313$1846'.
Found and cleaned up 1 empty switch in `$paramod\VX_stream_buffer\DATAW=s32'00000000000000000000000001110011\OUT_REG=1'1.$proc$/usr/local/src/mylex/nulex/mapper/exec/work/exec.v:4310$1845'.
Removing empty process `$paramod\VX_stream_buffer\DATAW=s32'00000000000000000000000001110011\OUT_REG=1'1.$proc$/usr/local/src/mylex/nulex/mapper/exec/work/exec.v:4310$1845'.
Found and cleaned up 2 empty switches in `$paramod\VX_stream_buffer\DATAW=s32'00000000000000000000000001110011\OUT_REG=1'1.$proc$/usr/local/src/mylex/nulex/mapper/exec/work/exec.v:4304$1842'.
Removing empty process `$paramod\VX_stream_buffer\DATAW=s32'00000000000000000000000001110011\OUT_REG=1'1.$proc$/usr/local/src/mylex/nulex/mapper/exec/work/exec.v:4304$1842'.
Found and cleaned up 2 empty switches in `$paramod\VX_stream_buffer\DATAW=s32'00000000000000000000000001110011\OUT_REG=1'1.$proc$/usr/local/src/mylex/nulex/mapper/exec/work/exec.v:4299$1840'.
Removing empty process `$paramod\VX_stream_buffer\DATAW=s32'00000000000000000000000001110011\OUT_REG=1'1.$proc$/usr/local/src/mylex/nulex/mapper/exec/work/exec.v:4299$1840'.
Found and cleaned up 1 empty switch in `$paramod$b47bbb2604c59e6718082939cf268ef1139f1941\VX_pipe_register.$proc$/usr/local/src/mylex/nulex/mapper/exec/work/exec.v:2560$1832'.
Removing empty process `$paramod$b47bbb2604c59e6718082939cf268ef1139f1941\VX_pipe_register.$proc$/usr/local/src/mylex/nulex/mapper/exec/work/exec.v:2560$1832'.
Found and cleaned up 1 empty switch in `$paramod\VX_stream_buffer\DATAW=s32'00000000000000000000000000110010\OUT_REG=1'0.$proc$/usr/local/src/mylex/nulex/mapper/exec/work/exec.v:4322$1830'.
Removing empty process `$paramod\VX_stream_buffer\DATAW=s32'00000000000000000000000000110010\OUT_REG=1'0.$proc$/usr/local/src/mylex/nulex/mapper/exec/work/exec.v:4322$1830'.
Found and cleaned up 1 empty switch in `$paramod\VX_stream_buffer\DATAW=s32'00000000000000000000000000110010\OUT_REG=1'0.$proc$/usr/local/src/mylex/nulex/mapper/exec/work/exec.v:4319$1829'.
Removing empty process `$paramod\VX_stream_buffer\DATAW=s32'00000000000000000000000000110010\OUT_REG=1'0.$proc$/usr/local/src/mylex/nulex/mapper/exec/work/exec.v:4319$1829'.
Found and cleaned up 2 empty switches in `$paramod\VX_stream_buffer\DATAW=s32'00000000000000000000000000110010\OUT_REG=1'0.$proc$/usr/local/src/mylex/nulex/mapper/exec/work/exec.v:4304$1826'.
Removing empty process `$paramod\VX_stream_buffer\DATAW=s32'00000000000000000000000000110010\OUT_REG=1'0.$proc$/usr/local/src/mylex/nulex/mapper/exec/work/exec.v:4304$1826'.
Found and cleaned up 2 empty switches in `$paramod\VX_stream_buffer\DATAW=s32'00000000000000000000000000110010\OUT_REG=1'0.$proc$/usr/local/src/mylex/nulex/mapper/exec/work/exec.v:4299$1824'.
Removing empty process `$paramod\VX_stream_buffer\DATAW=s32'00000000000000000000000000110010\OUT_REG=1'0.$proc$/usr/local/src/mylex/nulex/mapper/exec/work/exec.v:4299$1824'.
Found and cleaned up 1 empty switch in `$paramod\VX_stream_buffer\DATAW=s32'00000000000000000000000100010001\OUT_REG=1'1.$proc$/usr/local/src/mylex/nulex/mapper/exec/work/exec.v:4313$1819'.
Removing empty process `$paramod\VX_stream_buffer\DATAW=s32'00000000000000000000000100010001\OUT_REG=1'1.$proc$/usr/local/src/mylex/nulex/mapper/exec/work/exec.v:4313$1819'.
Found and cleaned up 1 empty switch in `$paramod\VX_stream_buffer\DATAW=s32'00000000000000000000000100010001\OUT_REG=1'1.$proc$/usr/local/src/mylex/nulex/mapper/exec/work/exec.v:4310$1818'.
Removing empty process `$paramod\VX_stream_buffer\DATAW=s32'00000000000000000000000100010001\OUT_REG=1'1.$proc$/usr/local/src/mylex/nulex/mapper/exec/work/exec.v:4310$1818'.
Found and cleaned up 2 empty switches in `$paramod\VX_stream_buffer\DATAW=s32'00000000000000000000000100010001\OUT_REG=1'1.$proc$/usr/local/src/mylex/nulex/mapper/exec/work/exec.v:4304$1815'.
Removing empty process `$paramod\VX_stream_buffer\DATAW=s32'00000000000000000000000100010001\OUT_REG=1'1.$proc$/usr/local/src/mylex/nulex/mapper/exec/work/exec.v:4304$1815'.
Found and cleaned up 2 empty switches in `$paramod\VX_stream_buffer\DATAW=s32'00000000000000000000000100010001\OUT_REG=1'1.$proc$/usr/local/src/mylex/nulex/mapper/exec/work/exec.v:4299$1813'.
Removing empty process `$paramod\VX_stream_buffer\DATAW=s32'00000000000000000000000100010001\OUT_REG=1'1.$proc$/usr/local/src/mylex/nulex/mapper/exec/work/exec.v:4299$1813'.
Found and cleaned up 1 empty switch in `$paramod\VX_stream_buffer\DATAW=s32'00000000000000000000000000110101\OUT_REG=1'0.$proc$/usr/local/src/mylex/nulex/mapper/exec/work/exec.v:4322$1808'.
Removing empty process `$paramod\VX_stream_buffer\DATAW=s32'00000000000000000000000000110101\OUT_REG=1'0.$proc$/usr/local/src/mylex/nulex/mapper/exec/work/exec.v:4322$1808'.
Found and cleaned up 1 empty switch in `$paramod\VX_stream_buffer\DATAW=s32'00000000000000000000000000110101\OUT_REG=1'0.$proc$/usr/local/src/mylex/nulex/mapper/exec/work/exec.v:4319$1807'.
Removing empty process `$paramod\VX_stream_buffer\DATAW=s32'00000000000000000000000000110101\OUT_REG=1'0.$proc$/usr/local/src/mylex/nulex/mapper/exec/work/exec.v:4319$1807'.
Found and cleaned up 2 empty switches in `$paramod\VX_stream_buffer\DATAW=s32'00000000000000000000000000110101\OUT_REG=1'0.$proc$/usr/local/src/mylex/nulex/mapper/exec/work/exec.v:4304$1804'.
Removing empty process `$paramod\VX_stream_buffer\DATAW=s32'00000000000000000000000000110101\OUT_REG=1'0.$proc$/usr/local/src/mylex/nulex/mapper/exec/work/exec.v:4304$1804'.
Found and cleaned up 2 empty switches in `$paramod\VX_stream_buffer\DATAW=s32'00000000000000000000000000110101\OUT_REG=1'0.$proc$/usr/local/src/mylex/nulex/mapper/exec/work/exec.v:4299$1802'.
Removing empty process `$paramod\VX_stream_buffer\DATAW=s32'00000000000000000000000000110101\OUT_REG=1'0.$proc$/usr/local/src/mylex/nulex/mapper/exec/work/exec.v:4299$1802'.
Found and cleaned up 1 empty switch in `$paramod\VX_stream_buffer\DATAW=s32'00000000000000000000000001110010\OUT_REG=1'0.$proc$/usr/local/src/mylex/nulex/mapper/exec/work/exec.v:4322$1797'.
Removing empty process `$paramod\VX_stream_buffer\DATAW=s32'00000000000000000000000001110010\OUT_REG=1'0.$proc$/usr/local/src/mylex/nulex/mapper/exec/work/exec.v:4322$1797'.
Found and cleaned up 1 empty switch in `$paramod\VX_stream_buffer\DATAW=s32'00000000000000000000000001110010\OUT_REG=1'0.$proc$/usr/local/src/mylex/nulex/mapper/exec/work/exec.v:4319$1796'.
Removing empty process `$paramod\VX_stream_buffer\DATAW=s32'00000000000000000000000001110010\OUT_REG=1'0.$proc$/usr/local/src/mylex/nulex/mapper/exec/work/exec.v:4319$1796'.
Found and cleaned up 2 empty switches in `$paramod\VX_stream_buffer\DATAW=s32'00000000000000000000000001110010\OUT_REG=1'0.$proc$/usr/local/src/mylex/nulex/mapper/exec/work/exec.v:4304$1793'.
Removing empty process `$paramod\VX_stream_buffer\DATAW=s32'00000000000000000000000001110010\OUT_REG=1'0.$proc$/usr/local/src/mylex/nulex/mapper/exec/work/exec.v:4304$1793'.
Found and cleaned up 2 empty switches in `$paramod\VX_stream_buffer\DATAW=s32'00000000000000000000000001110010\OUT_REG=1'0.$proc$/usr/local/src/mylex/nulex/mapper/exec/work/exec.v:4299$1791'.
Removing empty process `$paramod\VX_stream_buffer\DATAW=s32'00000000000000000000000001110010\OUT_REG=1'0.$proc$/usr/local/src/mylex/nulex/mapper/exec/work/exec.v:4299$1791'.
Found and cleaned up 1 empty switch in `\VX_popcount32.$proc$/usr/local/src/mylex/nulex/mapper/exec/work/exec.v:2657$191'.
Removing empty process `VX_popcount32.$proc$/usr/local/src/mylex/nulex/mapper/exec/work/exec.v:2657$191'.
Found and cleaned up 1 empty switch in `$paramod\VX_stream_buffer\DATAW=s32'00000000000000000000000001110010\OUT_REG=1'1.$proc$/usr/local/src/mylex/nulex/mapper/exec/work/exec.v:4313$1786'.
Removing empty process `$paramod\VX_stream_buffer\DATAW=s32'00000000000000000000000001110010\OUT_REG=1'1.$proc$/usr/local/src/mylex/nulex/mapper/exec/work/exec.v:4313$1786'.
Found and cleaned up 1 empty switch in `$paramod\VX_stream_buffer\DATAW=s32'00000000000000000000000001110010\OUT_REG=1'1.$proc$/usr/local/src/mylex/nulex/mapper/exec/work/exec.v:4310$1785'.
Removing empty process `$paramod\VX_stream_buffer\DATAW=s32'00000000000000000000000001110010\OUT_REG=1'1.$proc$/usr/local/src/mylex/nulex/mapper/exec/work/exec.v:4310$1785'.
Found and cleaned up 2 empty switches in `$paramod\VX_stream_buffer\DATAW=s32'00000000000000000000000001110010\OUT_REG=1'1.$proc$/usr/local/src/mylex/nulex/mapper/exec/work/exec.v:4304$1782'.
Removing empty process `$paramod\VX_stream_buffer\DATAW=s32'00000000000000000000000001110010\OUT_REG=1'1.$proc$/usr/local/src/mylex/nulex/mapper/exec/work/exec.v:4304$1782'.
Found and cleaned up 2 empty switches in `$paramod\VX_stream_buffer\DATAW=s32'00000000000000000000000001110010\OUT_REG=1'1.$proc$/usr/local/src/mylex/nulex/mapper/exec/work/exec.v:4299$1780'.
Removing empty process `$paramod\VX_stream_buffer\DATAW=s32'00000000000000000000000001110010\OUT_REG=1'1.$proc$/usr/local/src/mylex/nulex/mapper/exec/work/exec.v:4299$1780'.
Found and cleaned up 1 empty switch in `$paramod$ff75061401984b42a0e1b0eb7a918d5cac4c9b71\VX_pipe_register.$proc$/usr/local/src/mylex/nulex/mapper/exec/work/exec.v:2549$1886'.
Removing empty process `$paramod$ff75061401984b42a0e1b0eb7a918d5cac4c9b71\VX_pipe_register.$proc$/usr/local/src/mylex/nulex/mapper/exec/work/exec.v:2549$1886'.
Found and cleaned up 2 empty switches in `$paramod$ff75061401984b42a0e1b0eb7a918d5cac4c9b71\VX_pipe_register.$proc$/usr/local/src/mylex/nulex/mapper/exec/work/exec.v:2535$1885'.
Removing empty process `$paramod$ff75061401984b42a0e1b0eb7a918d5cac4c9b71\VX_pipe_register.$proc$/usr/local/src/mylex/nulex/mapper/exec/work/exec.v:2535$1885'.
Found and cleaned up 1 empty switch in `$paramod$ec469cbf2aa2fbc414254715ce7cabddd737ef3a\VX_pipe_register.$proc$/usr/local/src/mylex/nulex/mapper/exec/work/exec.v:2549$1769'.
Removing empty process `$paramod$ec469cbf2aa2fbc414254715ce7cabddd737ef3a\VX_pipe_register.$proc$/usr/local/src/mylex/nulex/mapper/exec/work/exec.v:2549$1769'.
Found and cleaned up 2 empty switches in `$paramod$ec469cbf2aa2fbc414254715ce7cabddd737ef3a\VX_pipe_register.$proc$/usr/local/src/mylex/nulex/mapper/exec/work/exec.v:2535$1768'.
Removing empty process `$paramod$ec469cbf2aa2fbc414254715ce7cabddd737ef3a\VX_pipe_register.$proc$/usr/local/src/mylex/nulex/mapper/exec/work/exec.v:2535$1768'.
Removing empty process `$paramod$56aaa88be2c08e9bc896119e52ecd323dcad8f9b\VX_multiplier.$proc$/usr/local/src/mylex/nulex/mapper/exec/work/exec.v:2153$1763'.
Found and cleaned up 1 empty switch in `$paramod$94427155f1112184920d33d0b9cd41c1c6068a20\VX_shift_register.$proc$/usr/local/src/mylex/nulex/mapper/exec/work/exec.v:3815$1760'.
Removing empty process `$paramod$94427155f1112184920d33d0b9cd41c1c6068a20\VX_shift_register.$proc$/usr/local/src/mylex/nulex/mapper/exec/work/exec.v:3815$1760'.
Found and cleaned up 2 empty switches in `$paramod$94427155f1112184920d33d0b9cd41c1c6068a20\VX_shift_register.$proc$/usr/local/src/mylex/nulex/mapper/exec/work/exec.v:3801$1759'.
Removing empty process `$paramod$94427155f1112184920d33d0b9cd41c1c6068a20\VX_shift_register.$proc$/usr/local/src/mylex/nulex/mapper/exec/work/exec.v:3801$1759'.
Found and cleaned up 2 empty switches in `$paramod$78fb96dd52e7defe737df25883351cf2247a26db\VX_serial_div.$proc$/usr/local/src/mylex/nulex/mapper/exec/work/exec.v:3739$1744'.
Removing empty process `$paramod$78fb96dd52e7defe737df25883351cf2247a26db\VX_serial_div.$proc$/usr/local/src/mylex/nulex/mapper/exec/work/exec.v:3739$1744'.
Found and cleaned up 2 empty switches in `$paramod$78fb96dd52e7defe737df25883351cf2247a26db\VX_serial_div.$proc$/usr/local/src/mylex/nulex/mapper/exec/work/exec.v:3739$1737'.
Removing empty process `$paramod$78fb96dd52e7defe737df25883351cf2247a26db\VX_serial_div.$proc$/usr/local/src/mylex/nulex/mapper/exec/work/exec.v:3739$1737'.
Found and cleaned up 4 empty switches in `$paramod$78fb96dd52e7defe737df25883351cf2247a26db\VX_serial_div.$proc$/usr/local/src/mylex/nulex/mapper/exec/work/exec.v:3722$1719'.
Removing empty process `$paramod$78fb96dd52e7defe737df25883351cf2247a26db\VX_serial_div.$proc$/usr/local/src/mylex/nulex/mapper/exec/work/exec.v:3722$1719'.
Found and cleaned up 3 empty switches in `\VX_elastic_adapter.$proc$/usr/local/src/mylex/nulex/mapper/exec/work/exec.v:767$91'.
Removing empty process `VX_elastic_adapter.$proc$/usr/local/src/mylex/nulex/mapper/exec/work/exec.v:767$91'.
Removing empty process `$paramod$ab8530e35468cd7866955cf0519cd7712815029e\VX_popcount.$proc$/usr/local/src/mylex/nulex/mapper/exec/work/exec.v:2772$1682'.
Found and cleaned up 1 empty switch in `$paramod$e25dd882d7de3799ae77603144455ae069898a38\VX_pipe_register.$proc$/usr/local/src/mylex/nulex/mapper/exec/work/exec.v:2549$1681'.
Removing empty process `$paramod$e25dd882d7de3799ae77603144455ae069898a38\VX_pipe_register.$proc$/usr/local/src/mylex/nulex/mapper/exec/work/exec.v:2549$1681'.
Found and cleaned up 2 empty switches in `$paramod$e25dd882d7de3799ae77603144455ae069898a38\VX_pipe_register.$proc$/usr/local/src/mylex/nulex/mapper/exec/work/exec.v:2535$1680'.
Removing empty process `$paramod$e25dd882d7de3799ae77603144455ae069898a38\VX_pipe_register.$proc$/usr/local/src/mylex/nulex/mapper/exec/work/exec.v:2535$1680'.
Cleaned up 122 empty switches.

3.2.12. Executing OPT_EXPR pass (perform const folding).
Optimizing module $paramod$c35619fef1e45f5d06e334b8b47a2ee42a333cfc\VX_elastic_buffer.
Optimizing module $paramod$7c2d5135374308001b920624dfb3bbfaf899d905\VX_elastic_buffer.
Optimizing module $paramod$32673639bcacf5aa768d63ec93c8743feefef2c5\VX_elastic_buffer.
Optimizing module $paramod\VX_csa_32\N=s32'00000000000000000000000000100000.
Optimizing module $paramod\VX_onehot_encoder\N=s32'00000000000000000000000000000010.
Optimizing module $paramod$867d1f764aa3da698dc413872bfbc464cd1004b8\VX_pipe_buffer.
Optimizing module $paramod\VX_stream_buffer\DATAW=s32'00000000000000000000000001110011\OUT_REG=1'0.
Optimizing module $paramod$1c0294520ddb5e7e24025009ccc13c5f66be71e9\VX_priority_arbiter.
<suppressed ~2 debug messages>
Optimizing module $paramod$15495f65038885313b2f7b0b9309a91886f94149\VX_elastic_buffer.
Optimizing module $paramod$1c0294520ddb5e7e24025009ccc13c5f66be71e9\VX_rr_arbiter.
<suppressed ~6 debug messages>
Optimizing module exec_top.
<suppressed ~317 debug messages>
Optimizing module VX_lsu_agu.
<suppressed ~2 debug messages>
Optimizing module $paramod\VX_stream_buffer\DATAW=s32'00000000000000000000000001110011\OUT_REG=1'1.
Optimizing module $paramod$cdb6ae5ed6570a8d17325668ea9fb61e5613e577\VX_pipe_buffer.
Optimizing module $paramod$b47bbb2604c59e6718082939cf268ef1139f1941\VX_pipe_register.
Optimizing module $paramod$f3aa6ae0270fef6812f3c5eff39e0374ab062889\VX_elastic_buffer.
Optimizing module $paramod\VX_stream_buffer\DATAW=s32'00000000000000000000000000110010\OUT_REG=1'0.
Optimizing module $paramod$ea6646827597355bc5995bae29fb274a7f754466\VX_pipe_buffer.
Optimizing module $paramod$343b171551ed5cba92900d3370dc082c22f73f47\VX_generic_arbiter.
Optimizing module $paramod\VX_stream_buffer\DATAW=s32'00000000000000000000000100010001\OUT_REG=1'1.
Optimizing module $paramod$7a8b462cf3b84352962315dccb24590a91730eba\VX_pipe_buffer.
Optimizing module $paramod$d3ce5d54105a40243a734c345183889b2b37efe0\VX_generic_arbiter.
Optimizing module $paramod$5259cdbf3256fdd1c71c79a820281dbb37ed2e2e\VX_elastic_buffer.
Optimizing module $paramod\VX_stream_buffer\DATAW=s32'00000000000000000000000000110101\OUT_REG=1'0.
Optimizing module $paramod$bf899257b1999733886fb15a8bea9332461a6807\VX_pipe_buffer.
Optimizing module $paramod\VX_stream_buffer\DATAW=s32'00000000000000000000000001110010\OUT_REG=1'0.
Optimizing module VX_popcount32.
Optimizing module $paramod\VX_stream_buffer\DATAW=s32'00000000000000000000000001110010\OUT_REG=1'1.
Optimizing module $paramod$876e9577846c138b1a8348fcdeb339ae1c8fcea9\VX_pipe_buffer.
Optimizing module $paramod\VX_priority_encoder\N=s32'00000000000000000000000000000010.
Optimizing module $paramod$ff75061401984b42a0e1b0eb7a918d5cac4c9b71\VX_pipe_register.
Optimizing module $paramod\VX_elastic_buffer\DATAW=s32'00000000000000000000000010010110.
Optimizing module $paramod$ec469cbf2aa2fbc414254715ce7cabddd737ef3a\VX_pipe_register.
Optimizing module $paramod$56aaa88be2c08e9bc896119e52ecd323dcad8f9b\VX_multiplier.
Optimizing module $paramod$94427155f1112184920d33d0b9cd41c1c6068a20\VX_shift_register.
Optimizing module $paramod$78fb96dd52e7defe737df25883351cf2247a26db\VX_serial_div.
<suppressed ~3 debug messages>
Optimizing module $paramod$8ee0bf26e92008bf7e999bf10c297d15b9ddd2f2\VX_stream_arb.
<suppressed ~3 debug messages>
Optimizing module $paramod$5b857726fbeb5979e4ba053bbd3c66b0bf30bf3c\VX_elastic_buffer.
Optimizing module $paramod$f9d6a528e68300d0fd03e68084f80c1c3f5b8135\VX_elastic_buffer.
Optimizing module $paramod$95804277075a74ad9b5f7ccad3f0593e8ae2d044\VX_stream_arb.
<suppressed ~3 debug messages>
Optimizing module $paramod$8a38720207d0445193c1d71af4d441efbc251691\VX_elastic_buffer.
Optimizing module $paramod$0d6451efac0cc416bb8c9803dd3c6de0bccbcae8\VX_stream_switch.
<suppressed ~2 debug messages>
Optimizing module VX_elastic_adapter.
Optimizing module $paramod$095b22001ff659e817fe11e0b46d0dd0c8f5e776\VX_stream_arb.
<suppressed ~3 debug messages>
Optimizing module $paramod$2308c01cf3ce848081258a0be906d01910d70c0d\VX_priority_encoder.
Optimizing module $paramod$ab8530e35468cd7866955cf0519cd7712815029e\VX_popcount.
Optimizing module $paramod$e25dd882d7de3799ae77603144455ae069898a38\VX_pipe_register.
Optimizing module FullAdder.

3.3. Executing FLATTEN pass (flatten design).
Deleting now unused module $paramod$c35619fef1e45f5d06e334b8b47a2ee42a333cfc\VX_elastic_buffer.
Deleting now unused module $paramod$7c2d5135374308001b920624dfb3bbfaf899d905\VX_elastic_buffer.
Deleting now unused module $paramod$32673639bcacf5aa768d63ec93c8743feefef2c5\VX_elastic_buffer.
Deleting now unused module $paramod\VX_csa_32\N=s32'00000000000000000000000000100000.
Deleting now unused module $paramod\VX_onehot_encoder\N=s32'00000000000000000000000000000010.
Deleting now unused module $paramod$867d1f764aa3da698dc413872bfbc464cd1004b8\VX_pipe_buffer.
Deleting now unused module $paramod\VX_stream_buffer\DATAW=s32'00000000000000000000000001110011\OUT_REG=1'0.
Deleting now unused module $paramod$1c0294520ddb5e7e24025009ccc13c5f66be71e9\VX_priority_arbiter.
Deleting now unused module $paramod$15495f65038885313b2f7b0b9309a91886f94149\VX_elastic_buffer.
Deleting now unused module $paramod$1c0294520ddb5e7e24025009ccc13c5f66be71e9\VX_rr_arbiter.
Deleting now unused module VX_lsu_agu.
Deleting now unused module $paramod\VX_stream_buffer\DATAW=s32'00000000000000000000000001110011\OUT_REG=1'1.
Deleting now unused module $paramod$cdb6ae5ed6570a8d17325668ea9fb61e5613e577\VX_pipe_buffer.
Deleting now unused module $paramod$b47bbb2604c59e6718082939cf268ef1139f1941\VX_pipe_register.
Deleting now unused module $paramod$f3aa6ae0270fef6812f3c5eff39e0374ab062889\VX_elastic_buffer.
Deleting now unused module $paramod\VX_stream_buffer\DATAW=s32'00000000000000000000000000110010\OUT_REG=1'0.
Deleting now unused module $paramod$ea6646827597355bc5995bae29fb274a7f754466\VX_pipe_buffer.
Deleting now unused module $paramod$343b171551ed5cba92900d3370dc082c22f73f47\VX_generic_arbiter.
Deleting now unused module $paramod\VX_stream_buffer\DATAW=s32'00000000000000000000000100010001\OUT_REG=1'1.
Deleting now unused module $paramod$7a8b462cf3b84352962315dccb24590a91730eba\VX_pipe_buffer.
Deleting now unused module $paramod$d3ce5d54105a40243a734c345183889b2b37efe0\VX_generic_arbiter.
Deleting now unused module $paramod$5259cdbf3256fdd1c71c79a820281dbb37ed2e2e\VX_elastic_buffer.
Deleting now unused module $paramod\VX_stream_buffer\DATAW=s32'00000000000000000000000000110101\OUT_REG=1'0.
Deleting now unused module $paramod$bf899257b1999733886fb15a8bea9332461a6807\VX_pipe_buffer.
Deleting now unused module $paramod\VX_stream_buffer\DATAW=s32'00000000000000000000000001110010\OUT_REG=1'0.
Deleting now unused module VX_popcount32.
Deleting now unused module $paramod\VX_stream_buffer\DATAW=s32'00000000000000000000000001110010\OUT_REG=1'1.
Deleting now unused module $paramod$876e9577846c138b1a8348fcdeb339ae1c8fcea9\VX_pipe_buffer.
Deleting now unused module $paramod\VX_priority_encoder\N=s32'00000000000000000000000000000010.
Deleting now unused module $paramod$ff75061401984b42a0e1b0eb7a918d5cac4c9b71\VX_pipe_register.
Deleting now unused module $paramod\VX_elastic_buffer\DATAW=s32'00000000000000000000000010010110.
Deleting now unused module $paramod$ec469cbf2aa2fbc414254715ce7cabddd737ef3a\VX_pipe_register.
Deleting now unused module $paramod$56aaa88be2c08e9bc896119e52ecd323dcad8f9b\VX_multiplier.
Deleting now unused module $paramod$94427155f1112184920d33d0b9cd41c1c6068a20\VX_shift_register.
Deleting now unused module $paramod$78fb96dd52e7defe737df25883351cf2247a26db\VX_serial_div.
Deleting now unused module $paramod$8ee0bf26e92008bf7e999bf10c297d15b9ddd2f2\VX_stream_arb.
Deleting now unused module $paramod$5b857726fbeb5979e4ba053bbd3c66b0bf30bf3c\VX_elastic_buffer.
Deleting now unused module $paramod$f9d6a528e68300d0fd03e68084f80c1c3f5b8135\VX_elastic_buffer.
Deleting now unused module $paramod$95804277075a74ad9b5f7ccad3f0593e8ae2d044\VX_stream_arb.
Deleting now unused module $paramod$8a38720207d0445193c1d71af4d441efbc251691\VX_elastic_buffer.
Deleting now unused module $paramod$0d6451efac0cc416bb8c9803dd3c6de0bccbcae8\VX_stream_switch.
Deleting now unused module VX_elastic_adapter.
Deleting now unused module $paramod$095b22001ff659e817fe11e0b46d0dd0c8f5e776\VX_stream_arb.
Deleting now unused module $paramod$2308c01cf3ce848081258a0be906d01910d70c0d\VX_priority_encoder.
Deleting now unused module $paramod$ab8530e35468cd7866955cf0519cd7712815029e\VX_popcount.
Deleting now unused module $paramod$e25dd882d7de3799ae77603144455ae069898a38\VX_pipe_register.
Deleting now unused module FullAdder.
<suppressed ~93 debug messages>

3.4. Executing OPT_EXPR pass (perform const folding).
Optimizing module exec_top.
<suppressed ~65 debug messages>

3.5. Executing OPT_CLEAN pass (remove unused cells and wires).
Finding unused cells or wires in module \exec_top..
Removed 301 unused cells and 2061 unused wires.
<suppressed ~353 debug messages>

3.6. Executing CHECK pass (checking for obvious problems).
Checking module exec_top...
Warning: Wire exec_top.\sv2v_cast_32$func$/usr/local/src/mylex/nulex/mapper/exec/work/exec.v:7363$406.$result [1] is used but has no driver.
Warning: Wire exec_top.\sv2v_cast_32$func$/usr/local/src/mylex/nulex/mapper/exec/work/exec.v:7363$406.$result [0] is used but has no driver.
Warning: Wire exec_top.\sv2v_cast_32$func$/usr/local/src/mylex/nulex/mapper/exec/work/exec.v:7363$402.$result [1] is used but has no driver.
Warning: Wire exec_top.\sv2v_cast_32$func$/usr/local/src/mylex/nulex/mapper/exec/work/exec.v:7363$402.$result [0] is used but has no driver.
Warning: Wire exec_top.\sv2v_cast_32$func$/usr/local/src/mylex/nulex/mapper/exec/work/exec.v:7364$407.$result [1] is used but has no driver.
Warning: Wire exec_top.\sv2v_cast_32$func$/usr/local/src/mylex/nulex/mapper/exec/work/exec.v:7364$407.$result [0] is used but has no driver.
Warning: Wire exec_top.\sv2v_cast_32$func$/usr/local/src/mylex/nulex/mapper/exec/work/exec.v:7364$403.$result [1] is used but has no driver.
Warning: Wire exec_top.\sv2v_cast_32$func$/usr/local/src/mylex/nulex/mapper/exec/work/exec.v:7364$403.$result [0] is used but has no driver.
Warning: Wire exec_top.\sv2v_cast_32$func$/usr/local/src/mylex/nulex/mapper/exec/work/exec.v:7365$408.$result [1] is used but has no driver.
Warning: Wire exec_top.\sv2v_cast_32$func$/usr/local/src/mylex/nulex/mapper/exec/work/exec.v:7365$408.$result [0] is used but has no driver.
Warning: Wire exec_top.\sv2v_cast_32$func$/usr/local/src/mylex/nulex/mapper/exec/work/exec.v:7365$404.$result [1] is used but has no driver.
Warning: Wire exec_top.\sv2v_cast_32$func$/usr/local/src/mylex/nulex/mapper/exec/work/exec.v:7365$404.$result [0] is used but has no driver.
Found and reported 12 problems.

3.7. Executing OPT pass (performing simple optimizations).

3.7.1. Executing OPT_EXPR pass (perform const folding).
Optimizing module exec_top.
<suppressed ~8 debug messages>

3.7.2. Executing OPT_MERGE pass (detect identical cells).
Finding identical cells in module `\exec_top'.
<suppressed ~729 debug messages>
Removed a total of 243 cells.

3.7.3. Executing OPT_MUXTREE pass (detect dead branches in mux trees).
Running muxtree optimizer on module \exec_top..
  Creating internal representation of mux trees.
  Evaluating internal representation of mux trees.
  Analyzing evaluation results.
    dead port 1/42 on $pmux $procmux$1968.
    dead port 2/42 on $pmux $procmux$1968.
    dead port 3/42 on $pmux $procmux$1968.
    dead port 4/42 on $pmux $procmux$1968.
    dead port 5/42 on $pmux $procmux$1968.
    dead port 6/42 on $pmux $procmux$1968.
    dead port 7/42 on $pmux $procmux$1968.
    dead port 8/42 on $pmux $procmux$1968.
    dead port 9/42 on $pmux $procmux$1968.
    dead port 10/42 on $pmux $procmux$1968.
    dead port 11/42 on $pmux $procmux$1968.
    dead port 12/42 on $pmux $procmux$1968.
    dead port 13/42 on $pmux $procmux$1968.
    dead port 14/42 on $pmux $procmux$1968.
    dead port 15/42 on $pmux $procmux$1968.
    dead port 16/42 on $pmux $procmux$1968.
    dead port 17/42 on $pmux $procmux$1968.
    dead port 18/42 on $pmux $procmux$1968.
    dead port 19/42 on $pmux $procmux$1968.
    dead port 20/42 on $pmux $procmux$1968.
    dead port 21/42 on $pmux $procmux$1968.
    dead port 22/42 on $pmux $procmux$1968.
    dead port 23/42 on $pmux $procmux$1968.
    dead port 24/42 on $pmux $procmux$1968.
    dead port 25/42 on $pmux $procmux$1968.
    dead port 26/42 on $pmux $procmux$1968.
    dead port 27/42 on $pmux $procmux$1968.
    dead port 28/42 on $pmux $procmux$1968.
    dead port 29/42 on $pmux $procmux$1968.
    dead port 30/42 on $pmux $procmux$1968.
    dead port 31/42 on $pmux $procmux$1968.
    dead port 32/42 on $pmux $procmux$1968.
    dead port 33/42 on $pmux $procmux$1968.
    dead port 34/42 on $pmux $procmux$1968.
    dead port 35/42 on $pmux $procmux$1968.
    dead port 36/42 on $pmux $procmux$1968.
    dead port 37/42 on $pmux $procmux$1968.
    dead port 38/42 on $pmux $procmux$1968.
    dead port 39/42 on $pmux $procmux$1968.
    dead port 40/42 on $pmux $procmux$1968.
    dead port 41/42 on $pmux $procmux$1968.
    dead port 1/9 on $pmux $procmux$2983.
    dead port 2/9 on $pmux $procmux$2983.
    dead port 3/9 on $pmux $procmux$2983.
    dead port 4/9 on $pmux $procmux$2983.
    dead port 1/2 on $mux $procmux$2993.
    dead port 2/2 on $mux $procmux$3000.
    dead port 1/9 on $pmux $procmux$3005.
    dead port 2/9 on $pmux $procmux$3005.
    dead port 3/9 on $pmux $procmux$3005.
    dead port 4/9 on $pmux $procmux$3005.
    dead port 1/2 on $mux $procmux$3015.
    dead port 2/2 on $mux $procmux$3022.
    dead port 2/2 on $mux $procmux$3030.
    dead port 2/2 on $mux $procmux$3036.
    dead port 2/2 on $mux $procmux$3043.
    dead port 2/2 on $mux $procmux$3051.
    dead port 2/2 on $mux $procmux$3061.
    dead port 2/2 on $mux $procmux$3067.
    dead port 2/2 on $mux $procmux$3074.
    dead port 2/2 on $mux $procmux$3082.
Removed 61 multiplexer ports.
<suppressed ~399 debug messages>

3.7.4. Executing OPT_REDUCE pass (consolidate $*mux and $reduce_* inputs).
  Optimizing cells in module \exec_top.
    New ctrl vector for $pmux cell $procmux$2017: { $procmux$2006_CMP $procmux$1989_CMP $procmux$1987_CMP $procmux$1986_CMP $auto$opt_reduce.cc:137:opt_pmux$3634 $procmux$1983_CMP $procmux$1982_CMP $procmux$1981_CMP $procmux$1980_CMP $procmux$1979_CMP $procmux$1978_CMP $procmux$1977_CMP $auto$opt_reduce.cc:137:opt_pmux$3632 }
    New ctrl vector for $pmux cell $procmux$2714: $auto$opt_reduce.cc:137:opt_pmux$3636
    New input vector for $reduce_or cell $auto$opt_reduce.cc:131:opt_pmux$3635: { $procmux$1970_CMP $procmux$1974_CMP $procmux$1975_CMP $procmux$1976_CMP $procmux$1977_CMP $procmux$1978_CMP $procmux$1979_CMP $procmux$1980_CMP $procmux$1981_CMP $procmux$1982_CMP $procmux$1983_CMP $procmux$1984_CMP $procmux$1985_CMP $procmux$1986_CMP $procmux$1987_CMP $procmux$1988_CMP $procmux$1989_CMP $procmux$1990_CMP $procmux$1991_CMP $procmux$1992_CMP $procmux$1993_CMP $procmux$1994_CMP $procmux$1995_CMP $procmux$1996_CMP $procmux$1997_CMP $procmux$1998_CMP $procmux$1999_CMP $procmux$2000_CMP $procmux$2001_CMP $procmux$2002_CMP $procmux$2003_CMP $procmux$2004_CMP $procmux$2005_CMP $procmux$2006_CMP $procmux$2007_CMP $procmux$2008_CMP $procmux$2009_CMP $procmux$1973_CMP $procmux$1972_CMP $procmux$1971_CMP $procmux$1969_CMP }
  Optimizing cells in module \exec_top.
Performed a total of 3 changes.

3.7.5. Executing OPT_MERGE pass (detect identical cells).
Finding identical cells in module `\exec_top'.
<suppressed ~18 debug messages>
Removed a total of 6 cells.

3.7.6. Executing OPT_DFF pass (perform DFF optimizations).

3.7.7. Executing OPT_CLEAN pass (remove unused cells and wires).
Finding unused cells or wires in module \exec_top..
Removed 5 unused cells and 261 unused wires.
<suppressed ~8 debug messages>

3.7.8. Executing OPT_EXPR pass (perform const folding).
Optimizing module exec_top.

3.7.9. Rerunning OPT passes. (Maybe there is more to do..)

3.7.10. Executing OPT_MUXTREE pass (detect dead branches in mux trees).
Running muxtree optimizer on module \exec_top..
  Creating internal representation of mux trees.
  Evaluating internal representation of mux trees.
  Analyzing evaluation results.
Removed 0 multiplexer ports.
<suppressed ~384 debug messages>

3.7.11. Executing OPT_REDUCE pass (consolidate $*mux and $reduce_* inputs).
  Optimizing cells in module \exec_top.
Performed a total of 0 changes.

3.7.12. Executing OPT_MERGE pass (detect identical cells).
Finding identical cells in module `\exec_top'.
Removed a total of 0 cells.

3.7.13. Executing OPT_DFF pass (perform DFF optimizations).

3.7.14. Executing OPT_CLEAN pass (remove unused cells and wires).
Finding unused cells or wires in module \exec_top..

3.7.15. Executing OPT_EXPR pass (perform const folding).
Optimizing module exec_top.

3.7.16. Finished fast OPT passes. (There is nothing left to do.)

3.8. Executing FSM pass (extract and optimize FSM).

3.8.1. Executing FSM_DETECT pass (finding FSMs in design).

3.8.2. Executing FSM_EXTRACT pass (extracting FSM from design).

3.8.3. Executing FSM_OPT pass (simple optimizations of FSMs).

3.8.4. Executing OPT_CLEAN pass (remove unused cells and wires).
Finding unused cells or wires in module \exec_top..

3.8.5. Executing FSM_OPT pass (simple optimizations of FSMs).

3.8.6. Executing FSM_RECODE pass (re-assigning FSM state encoding).

3.8.7. Executing FSM_INFO pass (dumping all available information on FSM cells).

3.8.8. Executing FSM_MAP pass (mapping FSMs to basic logic).

3.9. Executing OPT pass (performing simple optimizations).

3.9.1. Executing OPT_EXPR pass (perform const folding).
Optimizing module exec_top.

3.9.2. Executing OPT_MERGE pass (detect identical cells).
Finding identical cells in module `\exec_top'.
Removed a total of 0 cells.

3.9.3. Executing OPT_MUXTREE pass (detect dead branches in mux trees).
Running muxtree optimizer on module \exec_top..
  Creating internal representation of mux trees.
  Evaluating internal representation of mux trees.
  Analyzing evaluation results.
Removed 0 multiplexer ports.
<suppressed ~384 debug messages>

3.9.4. Executing OPT_REDUCE pass (consolidate $*mux and $reduce_* inputs).
  Optimizing cells in module \exec_top.
Performed a total of 0 changes.

3.9.5. Executing OPT_MERGE pass (detect identical cells).
Finding identical cells in module `\exec_top'.
Removed a total of 0 cells.

3.9.6. Executing OPT_DFF pass (perform DFF optimizations).
Adding EN signal on $procdff$3474 ($dff) from module exec_top (D = { \dispatch_if_0_data [272:270] \dispatch_if_0_data [268:267] \dispatch_if_0_data [269] \dispatch_if_0_data [1:0] \dispatch_if_0_data [266:225] \dispatch_if_0_data [222] 1'0 }, Q = \execute.alu_unit.g_blocks[0].muldiv_unit.div_tag_r).
Adding SRST signal on $procdff$3473 ($dff) from module exec_top (D = $procmux$2968_Y, Q = \execute.lsu_unit.g_blocks[0].lsu_slice.fence_lock, rval = 1'0).
Adding EN signal on $auto$ff.cc:266:slice$3638 ($sdff) from module exec_top (D = 1'1, Q = \execute.lsu_unit.g_blocks[0].lsu_slice.fence_lock).
Adding SRST signal on $procdff$3472 ($dff) from module exec_top (D = $procmux$2780_Y, Q = \execute.sfu_unit.csr_unit.cta_read_wait_r, rval = 2'00).
Adding EN signal on $auto$ff.cc:266:slice$3642 ($sdff) from module exec_top (D = $add$/usr/local/src/mylex/nulex/mapper/exec/work/exec.v:7192$1471_Y, Q = \execute.sfu_unit.csr_unit.cta_read_wait_r).
Adding SRST signal on $flatten\execute.sfu_unit.wctl_unit.wctl_reg.$procdff$3533 ($dff) from module exec_top (D = \execute.sfu_unit.wctl_unit.tmc_valid, Q = \execute.sfu_unit.wctl_unit.wctl_reg.g_pipe.pipe [91], rval = 1'0).
Adding SRST signal on $flatten\execute.sfu_unit.wctl_unit.wctl_reg.$procdff$3531 ($dff) from module exec_top (D = $ternary$/usr/local/src/mylex/nulex/mapper/exec/work/exec.v:7090$1412_Y, Q = \execute.sfu_unit.wctl_unit.wctl_reg.g_pipe.pipe [5], rval = 1'1).
Adding SRST signal on $flatten\execute.sfu_unit.wctl_unit.rsp_buf.\genblk1.genblk1.g_eb2.stream_buffer.$procdff$3492 ($dff) from module exec_top (D = $flatten\execute.sfu_unit.wctl_unit.rsp_buf.\genblk1.genblk1.g_eb2.stream_buffer.$procmux$3273_Y, Q = \execute.sfu_unit.wctl_unit.rsp_buf.genblk1.genblk1.g_eb2.stream_buffer.g_buffer.valid_in_r, rval = 1'1).
Adding EN signal on $auto$ff.cc:266:slice$3651 ($sdff) from module exec_top (D = \execute.sfu_unit.wctl_unit.rsp_buf.genblk1.genblk1.g_eb2.stream_buffer.g_buffer.flow_out, Q = \execute.sfu_unit.wctl_unit.rsp_buf.genblk1.genblk1.g_eb2.stream_buffer.g_buffer.valid_in_r).
Adding SRST signal on $flatten\execute.sfu_unit.wctl_unit.rsp_buf.\genblk1.genblk1.g_eb2.stream_buffer.$procdff$3491 ($dff) from module exec_top (D = $flatten\execute.sfu_unit.wctl_unit.rsp_buf.\genblk1.genblk1.g_eb2.stream_buffer.$procmux$3268_Y, Q = \execute.sfu_unit.wctl_unit.rsp_buf.genblk1.genblk1.g_eb2.stream_buffer.g_buffer.valid_out_r, rval = 1'0).
Adding EN signal on $auto$ff.cc:266:slice$3653 ($sdff) from module exec_top (D = $flatten\execute.sfu_unit.wctl_unit.rsp_buf.\genblk1.genblk1.g_eb2.stream_buffer.$logic_or$/usr/local/src/mylex/nulex/mapper/exec/work/exec.v:4308$1806_Y, Q = \execute.sfu_unit.wctl_unit.rsp_buf.genblk1.genblk1.g_eb2.stream_buffer.g_buffer.valid_out_r).
Adding EN signal on $flatten\execute.sfu_unit.wctl_unit.rsp_buf.\genblk1.genblk1.g_eb2.stream_buffer.$procdff$3490 ($dff) from module exec_top (D = { \execute.sfu_unit.lane_dispatch.g_blocks[0].buf_out.genblk1.genblk1.g_eb2.stream_buffer.g_buffer.data_out_r [272:223] \warp_ctl_if_dvstack_ptr \warp_ctl_if_bar_phase \execute.sfu_unit.wctl_unit.bar_rsp_valid }, Q = \execute.sfu_unit.wctl_unit.rsp_buf.genblk1.genblk1.g_eb2.stream_buffer.g_buffer.data_out_r).
Adding EN signal on $flatten\execute.sfu_unit.wctl_unit.rsp_buf.\genblk1.genblk1.g_eb2.stream_buffer.$procdff$3489 ($dff) from module exec_top (D = \execute.sfu_unit.wctl_unit.rsp_buf.genblk1.genblk1.g_eb2.stream_buffer.g_buffer.data_out_r, Q = \execute.sfu_unit.wctl_unit.rsp_buf.genblk1.genblk1.g_eb2.stream_buffer.g_buffer.buffer_r).
Adding SRST signal on $flatten\execute.sfu_unit.pe_switch.rsp_arb.\g_input_select.g_arbiter.g_out_buf[0].out_buf.\genblk1.genblk1.g_eb2.stream_buffer.$procdff$3478 ($dff) from module exec_top (D = $flatten\execute.sfu_unit.pe_switch.rsp_arb.\g_input_select.g_arbiter.g_out_buf[0].out_buf.\genblk1.genblk1.g_eb2.stream_buffer.$procmux$3219_Y, Q = \execute.sfu_unit.pe_switch.rsp_arb.g_input_select.g_arbiter.g_out_buf[0].out_buf.genblk1.genblk1.g_eb2.stream_buffer.g_buffer.valid_in_r, rval = 1'1).
Adding EN signal on $auto$ff.cc:266:slice$3657 ($sdff) from module exec_top (D = \execute.sfu_unit.pe_switch.rsp_arb.g_input_select.g_arbiter.g_out_buf[0].out_buf.genblk1.genblk1.g_eb2.stream_buffer.g_buffer.flow_out, Q = \execute.sfu_unit.pe_switch.rsp_arb.g_input_select.g_arbiter.g_out_buf[0].out_buf.genblk1.genblk1.g_eb2.stream_buffer.g_buffer.valid_in_r).
Adding SRST signal on $flatten\execute.sfu_unit.pe_switch.rsp_arb.\g_input_select.g_arbiter.g_out_buf[0].out_buf.\genblk1.genblk1.g_eb2.stream_buffer.$procdff$3477 ($dff) from module exec_top (D = $flatten\execute.sfu_unit.pe_switch.rsp_arb.\g_input_select.g_arbiter.g_out_buf[0].out_buf.\genblk1.genblk1.g_eb2.stream_buffer.$procmux$3214_Y, Q = \execute.sfu_unit.pe_switch.rsp_arb.g_input_select.g_arbiter.g_out_buf[0].out_buf.genblk1.genblk1.g_eb2.stream_buffer.g_buffer.valid_out_r, rval = 1'0).
Adding EN signal on $auto$ff.cc:266:slice$3659 ($sdff) from module exec_top (D = $flatten\execute.sfu_unit.pe_switch.rsp_arb.\g_input_select.g_arbiter.g_out_buf[0].out_buf.\genblk1.genblk1.g_eb2.stream_buffer.$logic_or$/usr/local/src/mylex/nulex/mapper/exec/work/exec.v:4308$1844_Y, Q = \execute.sfu_unit.pe_switch.rsp_arb.g_input_select.g_arbiter.g_out_buf[0].out_buf.genblk1.genblk1.g_eb2.stream_buffer.g_buffer.valid_out_r).
Adding EN signal on $flatten\execute.sfu_unit.pe_switch.rsp_arb.\g_input_select.g_arbiter.g_out_buf[0].out_buf.\genblk1.genblk1.g_eb2.stream_buffer.$procdff$3476 ($dff) from module exec_top (D = { \execute.sfu_unit.pe_switch.rsp_arb.g_input_select.g_arbiter.arb_onehot [1] \execute.sfu_unit.pe_switch.rsp_arb.g_input_select.g_arbiter.data_out_w }, Q = \execute.sfu_unit.pe_switch.rsp_arb.g_input_select.g_arbiter.g_out_buf[0].out_buf.genblk1.genblk1.g_eb2.stream_buffer.g_buffer.buffer_r).
Adding EN signal on $flatten\execute.sfu_unit.pe_switch.rsp_arb.\g_input_select.g_arbiter.g_out_buf[0].out_buf.\genblk1.genblk1.g_eb2.stream_buffer.$procdff$3475 ($dff) from module exec_top (D = $flatten\execute.sfu_unit.pe_switch.rsp_arb.\g_input_select.g_arbiter.g_out_buf[0].out_buf.\genblk1.genblk1.g_eb2.stream_buffer.$ternary$/usr/local/src/mylex/nulex/mapper/exec/work/exec.v:4315$1847_Y, Q = \execute.sfu_unit.pe_switch.rsp_arb.g_input_select.g_arbiter.g_out_buf[0].out_buf.genblk1.genblk1.g_eb2.stream_buffer.g_buffer.data_out_r).
Adding SRST signal on $flatten\execute.sfu_unit.pe_switch.rsp_arb.\g_input_select.g_arbiter.arbiter.\genblk1.g_round_robin.rr_arbiter.$procdff$3470 ($dff) from module exec_top (D = $flatten\execute.sfu_unit.pe_switch.rsp_arb.\g_input_select.g_arbiter.arbiter.\genblk1.g_round_robin.rr_arbiter.$procmux$1927_Y, Q = \execute.sfu_unit.pe_switch.rsp_arb.g_input_select.g_arbiter.arbiter.genblk1.g_round_robin.rr_arbiter.genblk1.genblk1.genblk1.genblk1.genblk1.genblk1.genblk1.genblk1.g_model1.reqs_mask, rval = 2'11).
Adding EN signal on $auto$ff.cc:266:slice$3663 ($sdff) from module exec_top (D = $flatten\execute.sfu_unit.pe_switch.rsp_arb.\g_input_select.g_arbiter.arbiter.\genblk1.g_round_robin.rr_arbiter.$procmux$1925_Y, Q = \execute.sfu_unit.pe_switch.rsp_arb.g_input_select.g_arbiter.arbiter.genblk1.g_round_robin.rr_arbiter.genblk1.genblk1.genblk1.genblk1.genblk1.genblk1.genblk1.genblk1.g_model1.reqs_mask).
Adding SRST signal on $flatten\execute.sfu_unit.lane_gather.g_out_bufs[0].out_buf.\genblk1.genblk1.g_eb2.stream_buffer.$procdff$3500 ($dff) from module exec_top (D = $flatten\execute.sfu_unit.lane_gather.g_out_bufs[0].out_buf.\genblk1.genblk1.g_eb2.stream_buffer.$procmux$3302_Y, Q = \execute.sfu_unit.lane_gather.g_out_bufs[0].out_buf.genblk1.genblk1.g_eb2.stream_buffer.g_buffer.valid_in_r, rval = 1'1).
Adding EN signal on $auto$ff.cc:266:slice$3669 ($sdff) from module exec_top (D = \execute.sfu_unit.lane_gather.g_out_bufs[0].out_buf.genblk1.genblk1.g_eb2.stream_buffer.g_buffer.flow_out, Q = \execute.sfu_unit.lane_gather.g_out_bufs[0].out_buf.genblk1.genblk1.g_eb2.stream_buffer.g_buffer.valid_in_r).
Adding SRST signal on $flatten\execute.sfu_unit.lane_gather.g_out_bufs[0].out_buf.\genblk1.genblk1.g_eb2.stream_buffer.$procdff$3499 ($dff) from module exec_top (D = $flatten\execute.sfu_unit.lane_gather.g_out_bufs[0].out_buf.\genblk1.genblk1.g_eb2.stream_buffer.$procmux$3297_Y, Q = \execute.sfu_unit.lane_gather.g_out_bufs[0].out_buf.genblk1.genblk1.g_eb2.stream_buffer.g_buffer.valid_out_r, rval = 1'0).
Adding EN signal on $auto$ff.cc:266:slice$3671 ($sdff) from module exec_top (D = $flatten\execute.sfu_unit.lane_gather.g_out_bufs[0].out_buf.\genblk1.genblk1.g_eb2.stream_buffer.$logic_or$/usr/local/src/mylex/nulex/mapper/exec/work/exec.v:4308$1784_Y, Q = \execute.sfu_unit.lane_gather.g_out_bufs[0].out_buf.genblk1.genblk1.g_eb2.stream_buffer.g_buffer.valid_out_r).
Adding EN signal on $flatten\execute.sfu_unit.lane_gather.g_out_bufs[0].out_buf.\genblk1.genblk1.g_eb2.stream_buffer.$procdff$3498 ($dff) from module exec_top (D = \execute.sfu_unit.pe_switch.rsp_arb.g_input_select.g_arbiter.g_out_buf[0].out_buf.genblk1.genblk1.g_eb2.stream_buffer.g_buffer.data_out_r [113:0], Q = \execute.sfu_unit.lane_gather.g_out_bufs[0].out_buf.genblk1.genblk1.g_eb2.stream_buffer.g_buffer.buffer_r).
Adding EN signal on $flatten\execute.sfu_unit.lane_gather.g_out_bufs[0].out_buf.\genblk1.genblk1.g_eb2.stream_buffer.$procdff$3497 ($dff) from module exec_top (D = $flatten\execute.sfu_unit.lane_gather.g_out_bufs[0].out_buf.\genblk1.genblk1.g_eb2.stream_buffer.$ternary$/usr/local/src/mylex/nulex/mapper/exec/work/exec.v:4315$1787_Y, Q = \execute.sfu_unit.lane_gather.g_out_bufs[0].out_buf.genblk1.genblk1.g_eb2.stream_buffer.g_buffer.data_out_r).
Adding SRST signal on $flatten\execute.sfu_unit.lane_dispatch.g_blocks[0].buf_out.\genblk1.genblk1.g_eb2.stream_buffer.$procdff$3488 ($dff) from module exec_top (D = $flatten\execute.sfu_unit.lane_dispatch.g_blocks[0].buf_out.\genblk1.genblk1.g_eb2.stream_buffer.$procmux$3259_Y, Q = \execute.sfu_unit.lane_dispatch.g_blocks[0].buf_out.genblk1.genblk1.g_eb2.stream_buffer.g_buffer.valid_in_r, rval = 1'1).
Adding EN signal on $auto$ff.cc:266:slice$3675 ($sdff) from module exec_top (D = \execute.sfu_unit.lane_dispatch.g_blocks[0].buf_out.genblk1.genblk1.g_eb2.stream_buffer.g_buffer.flow_out, Q = \execute.sfu_unit.lane_dispatch.g_blocks[0].buf_out.genblk1.genblk1.g_eb2.stream_buffer.g_buffer.valid_in_r).
Adding SRST signal on $flatten\execute.sfu_unit.lane_dispatch.g_blocks[0].buf_out.\genblk1.genblk1.g_eb2.stream_buffer.$procdff$3487 ($dff) from module exec_top (D = $flatten\execute.sfu_unit.lane_dispatch.g_blocks[0].buf_out.\genblk1.genblk1.g_eb2.stream_buffer.$procmux$3254_Y, Q = \execute.sfu_unit.lane_dispatch.g_blocks[0].buf_out.genblk1.genblk1.g_eb2.stream_buffer.g_buffer.valid_out_r, rval = 1'0).
Adding EN signal on $auto$ff.cc:266:slice$3677 ($sdff) from module exec_top (D = $flatten\execute.sfu_unit.lane_dispatch.g_blocks[0].buf_out.\genblk1.genblk1.g_eb2.stream_buffer.$logic_or$/usr/local/src/mylex/nulex/mapper/exec/work/exec.v:4308$1817_Y, Q = \execute.sfu_unit.lane_dispatch.g_blocks[0].buf_out.genblk1.genblk1.g_eb2.stream_buffer.g_buffer.valid_out_r).
Adding EN signal on $flatten\execute.sfu_unit.lane_dispatch.g_blocks[0].buf_out.\genblk1.genblk1.g_eb2.stream_buffer.$procdff$3486 ($dff) from module exec_top (D = { \dispatch_if_2_data [272:270] \dispatch_if_2_data [268:267] \dispatch_if_2_data [269] \dispatch_if_2_data [1:0] \dispatch_if_2_data [266:2] }, Q = \execute.sfu_unit.lane_dispatch.g_blocks[0].buf_out.genblk1.genblk1.g_eb2.stream_buffer.g_buffer.buffer_r).
Adding EN signal on $flatten\execute.sfu_unit.lane_dispatch.g_blocks[0].buf_out.\genblk1.genblk1.g_eb2.stream_buffer.$procdff$3485 ($dff) from module exec_top (D = $flatten\execute.sfu_unit.lane_dispatch.g_blocks[0].buf_out.\genblk1.genblk1.g_eb2.stream_buffer.$ternary$/usr/local/src/mylex/nulex/mapper/exec/work/exec.v:4315$1820_Y, Q = \execute.sfu_unit.lane_dispatch.g_blocks[0].buf_out.genblk1.genblk1.g_eb2.stream_buffer.g_buffer.data_out_r).
Adding SRST signal on $flatten\execute.sfu_unit.csr_unit.rsp_buf.\genblk1.genblk1.g_eb2.stream_buffer.$procdff$3496 ($dff) from module exec_top (D = $flatten\execute.sfu_unit.csr_unit.rsp_buf.\genblk1.genblk1.g_eb2.stream_buffer.$procmux$3287_Y, Q = \execute.sfu_unit.csr_unit.rsp_buf.genblk1.genblk1.g_eb2.stream_buffer.g_buffer.valid_in_r, rval = 1'1).
Adding EN signal on $auto$ff.cc:266:slice$3681 ($sdff) from module exec_top (D = \execute.sfu_unit.csr_unit.rsp_buf.genblk1.genblk1.g_eb2.stream_buffer.g_buffer.flow_out, Q = \execute.sfu_unit.csr_unit.rsp_buf.genblk1.genblk1.g_eb2.stream_buffer.g_buffer.valid_in_r).
Adding SRST signal on $flatten\execute.sfu_unit.csr_unit.rsp_buf.\genblk1.genblk1.g_eb2.stream_buffer.$procdff$3495 ($dff) from module exec_top (D = $flatten\execute.sfu_unit.csr_unit.rsp_buf.\genblk1.genblk1.g_eb2.stream_buffer.$procmux$3282_Y, Q = \execute.sfu_unit.csr_unit.rsp_buf.genblk1.genblk1.g_eb2.stream_buffer.g_buffer.valid_out_r, rval = 1'0).
Adding EN signal on $auto$ff.cc:266:slice$3683 ($sdff) from module exec_top (D = $flatten\execute.sfu_unit.csr_unit.rsp_buf.\genblk1.genblk1.g_eb2.stream_buffer.$logic_or$/usr/local/src/mylex/nulex/mapper/exec/work/exec.v:4308$1795_Y, Q = \execute.sfu_unit.csr_unit.rsp_buf.genblk1.genblk1.g_eb2.stream_buffer.g_buffer.valid_out_r).
Adding EN signal on $flatten\execute.sfu_unit.csr_unit.rsp_buf.\genblk1.genblk1.g_eb2.stream_buffer.$procdff$3494 ($dff) from module exec_top (D = { \execute.sfu_unit.lane_dispatch.g_blocks[0].buf_out.genblk1.genblk1.g_eb2.stream_buffer.g_buffer.data_out_r [272:223] \execute.sfu_unit.csr_unit.csr_read_data }, Q = \execute.sfu_unit.csr_unit.rsp_buf.genblk1.genblk1.g_eb2.stream_buffer.g_buffer.data_out_r).
Adding EN signal on $flatten\execute.sfu_unit.csr_unit.rsp_buf.\genblk1.genblk1.g_eb2.stream_buffer.$procdff$3493 ($dff) from module exec_top (D = \execute.sfu_unit.csr_unit.rsp_buf.genblk1.genblk1.g_eb2.stream_buffer.g_buffer.data_out_r, Q = \execute.sfu_unit.csr_unit.rsp_buf.genblk1.genblk1.g_eb2.stream_buffer.g_buffer.buffer_r).
Adding SRST signal on $flatten\execute.lsu_unit.lane_gather.g_out_bufs[0].out_buf.\genblk1.genblk1.g_eb2.stream_buffer.$procdff$3500 ($dff) from module exec_top (D = $flatten\execute.lsu_unit.lane_gather.g_out_bufs[0].out_buf.\genblk1.genblk1.g_eb2.stream_buffer.$procmux$3302_Y, Q = \execute.lsu_unit.lane_gather.g_out_bufs[0].out_buf.genblk1.genblk1.g_eb2.stream_buffer.g_buffer.valid_in_r, rval = 1'1).
Adding EN signal on $auto$ff.cc:266:slice$3687 ($sdff) from module exec_top (D = \execute.lsu_unit.lane_gather.g_out_bufs[0].out_buf.genblk1.genblk1.g_eb2.stream_buffer.g_buffer.flow_out, Q = \execute.lsu_unit.lane_gather.g_out_bufs[0].out_buf.genblk1.genblk1.g_eb2.stream_buffer.g_buffer.valid_in_r).
Adding SRST signal on $flatten\execute.lsu_unit.lane_gather.g_out_bufs[0].out_buf.\genblk1.genblk1.g_eb2.stream_buffer.$procdff$3499 ($dff) from module exec_top (D = $flatten\execute.lsu_unit.lane_gather.g_out_bufs[0].out_buf.\genblk1.genblk1.g_eb2.stream_buffer.$procmux$3297_Y, Q = \execute.lsu_unit.lane_gather.g_out_bufs[0].out_buf.genblk1.genblk1.g_eb2.stream_buffer.g_buffer.valid_out_r, rval = 1'0).
Adding EN signal on $auto$ff.cc:266:slice$3689 ($sdff) from module exec_top (D = $flatten\execute.lsu_unit.lane_gather.g_out_bufs[0].out_buf.\genblk1.genblk1.g_eb2.stream_buffer.$logic_or$/usr/local/src/mylex/nulex/mapper/exec/work/exec.v:4308$1784_Y, Q = \execute.lsu_unit.lane_gather.g_out_bufs[0].out_buf.genblk1.genblk1.g_eb2.stream_buffer.g_buffer.valid_out_r).
Adding EN signal on $flatten\execute.lsu_unit.lane_gather.g_out_bufs[0].out_buf.\genblk1.genblk1.g_eb2.stream_buffer.$procdff$3498 ($dff) from module exec_top (D = \execute.lsu_unit.g_blocks[0].lsu_slice.rsp_arb.g_input_select.g_arbiter.g_out_buf[0].out_buf.genblk1.genblk1.g_eb2.stream_buffer.g_buffer.data_out_r [113:0], Q = \execute.lsu_unit.lane_gather.g_out_bufs[0].out_buf.genblk1.genblk1.g_eb2.stream_buffer.g_buffer.buffer_r).
Adding EN signal on $flatten\execute.lsu_unit.lane_gather.g_out_bufs[0].out_buf.\genblk1.genblk1.g_eb2.stream_buffer.$procdff$3497 ($dff) from module exec_top (D = $flatten\execute.lsu_unit.lane_gather.g_out_bufs[0].out_buf.\genblk1.genblk1.g_eb2.stream_buffer.$ternary$/usr/local/src/mylex/nulex/mapper/exec/work/exec.v:4315$1787_Y, Q = \execute.lsu_unit.lane_gather.g_out_bufs[0].out_buf.genblk1.genblk1.g_eb2.stream_buffer.g_buffer.data_out_r).
Adding SRST signal on $flatten\execute.lsu_unit.lane_dispatch.g_blocks[0].buf_out.\genblk1.genblk1.g_eb2.stream_buffer.$procdff$3488 ($dff) from module exec_top (D = $flatten\execute.lsu_unit.lane_dispatch.g_blocks[0].buf_out.\genblk1.genblk1.g_eb2.stream_buffer.$procmux$3259_Y, Q = \execute.lsu_unit.lane_dispatch.g_blocks[0].buf_out.genblk1.genblk1.g_eb2.stream_buffer.g_buffer.valid_in_r, rval = 1'1).
Adding EN signal on $auto$ff.cc:266:slice$3693 ($sdff) from module exec_top (D = \execute.lsu_unit.lane_dispatch.g_blocks[0].buf_out.genblk1.genblk1.g_eb2.stream_buffer.g_buffer.flow_out, Q = \execute.lsu_unit.lane_dispatch.g_blocks[0].buf_out.genblk1.genblk1.g_eb2.stream_buffer.g_buffer.valid_in_r).
Adding SRST signal on $flatten\execute.lsu_unit.lane_dispatch.g_blocks[0].buf_out.\genblk1.genblk1.g_eb2.stream_buffer.$procdff$3487 ($dff) from module exec_top (D = $flatten\execute.lsu_unit.lane_dispatch.g_blocks[0].buf_out.\genblk1.genblk1.g_eb2.stream_buffer.$procmux$3254_Y, Q = \execute.lsu_unit.lane_dispatch.g_blocks[0].buf_out.genblk1.genblk1.g_eb2.stream_buffer.g_buffer.valid_out_r, rval = 1'0).
Adding EN signal on $auto$ff.cc:266:slice$3695 ($sdff) from module exec_top (D = $flatten\execute.lsu_unit.lane_dispatch.g_blocks[0].buf_out.\genblk1.genblk1.g_eb2.stream_buffer.$logic_or$/usr/local/src/mylex/nulex/mapper/exec/work/exec.v:4308$1817_Y, Q = \execute.lsu_unit.lane_dispatch.g_blocks[0].buf_out.genblk1.genblk1.g_eb2.stream_buffer.g_buffer.valid_out_r).
Adding EN signal on $flatten\execute.lsu_unit.lane_dispatch.g_blocks[0].buf_out.\genblk1.genblk1.g_eb2.stream_buffer.$procdff$3486 ($dff) from module exec_top (D = { \dispatch_if_1_data [272:270] \dispatch_if_1_data [268:267] \dispatch_if_1_data [269] \dispatch_if_1_data [1:0] \dispatch_if_1_data [266:2] }, Q = \execute.lsu_unit.lane_dispatch.g_blocks[0].buf_out.genblk1.genblk1.g_eb2.stream_buffer.g_buffer.buffer_r).
Adding EN signal on $flatten\execute.lsu_unit.lane_dispatch.g_blocks[0].buf_out.\genblk1.genblk1.g_eb2.stream_buffer.$procdff$3485 ($dff) from module exec_top (D = $flatten\execute.lsu_unit.lane_dispatch.g_blocks[0].buf_out.\genblk1.genblk1.g_eb2.stream_buffer.$ternary$/usr/local/src/mylex/nulex/mapper/exec/work/exec.v:4315$1820_Y, Q = \execute.lsu_unit.lane_dispatch.g_blocks[0].buf_out.genblk1.genblk1.g_eb2.stream_buffer.g_buffer.data_out_r).
Adding SRST signal on $flatten\execute.lsu_unit.g_blocks[0].lsu_slice.rsp_buf.\genblk1.genblk1.g_eb2.stream_buffer.$procdff$3496 ($dff) from module exec_top (D = $flatten\execute.lsu_unit.g_blocks[0].lsu_slice.rsp_buf.\genblk1.genblk1.g_eb2.stream_buffer.$procmux$3287_Y, Q = \execute.lsu_unit.g_blocks[0].lsu_slice.rsp_buf.genblk1.genblk1.g_eb2.stream_buffer.g_buffer.valid_in_r, rval = 1'1).
Adding EN signal on $auto$ff.cc:266:slice$3699 ($sdff) from module exec_top (D = \execute.lsu_unit.g_blocks[0].lsu_slice.rsp_buf.genblk1.genblk1.g_eb2.stream_buffer.g_buffer.flow_out, Q = \execute.lsu_unit.g_blocks[0].lsu_slice.rsp_buf.genblk1.genblk1.g_eb2.stream_buffer.g_buffer.valid_in_r).
Adding SRST signal on $flatten\execute.lsu_unit.g_blocks[0].lsu_slice.rsp_buf.\genblk1.genblk1.g_eb2.stream_buffer.$procdff$3495 ($dff) from module exec_top (D = $flatten\execute.lsu_unit.g_blocks[0].lsu_slice.rsp_buf.\genblk1.genblk1.g_eb2.stream_buffer.$procmux$3282_Y, Q = \execute.lsu_unit.g_blocks[0].lsu_slice.rsp_buf.genblk1.genblk1.g_eb2.stream_buffer.g_buffer.valid_out_r, rval = 1'0).
Adding EN signal on $auto$ff.cc:266:slice$3701 ($sdff) from module exec_top (D = $flatten\execute.lsu_unit.g_blocks[0].lsu_slice.rsp_buf.\genblk1.genblk1.g_eb2.stream_buffer.$logic_or$/usr/local/src/mylex/nulex/mapper/exec/work/exec.v:4308$1795_Y, Q = \execute.lsu_unit.g_blocks[0].lsu_slice.rsp_buf.genblk1.genblk1.g_eb2.stream_buffer.g_buffer.valid_out_r).
Adding EN signal on $flatten\execute.lsu_unit.g_blocks[0].lsu_slice.rsp_buf.\genblk1.genblk1.g_eb2.stream_buffer.$procdff$3494 ($dff) from module exec_top (D = { \lsu_client_if_0_rsp_data [63:61] \lsu_client_if_0_rsp_data [129:128] \lsu_client_if_0_rsp_data [58] \lsu_client_if_0_rsp_data [1:0] \lsu_client_if_0_rsp_data [55:14] \execute.lsu_unit.g_blocks[0].lsu_slice.rsp_buf.genblk1.genblk1.g_eb2.stream_buffer.data_in [63:0] }, Q = \execute.lsu_unit.g_blocks[0].lsu_slice.rsp_buf.genblk1.genblk1.g_eb2.stream_buffer.g_buffer.data_out_r).
Adding EN signal on $flatten\execute.lsu_unit.g_blocks[0].lsu_slice.rsp_buf.\genblk1.genblk1.g_eb2.stream_buffer.$procdff$3493 ($dff) from module exec_top (D = \execute.lsu_unit.g_blocks[0].lsu_slice.rsp_buf.genblk1.genblk1.g_eb2.stream_buffer.g_buffer.data_out_r, Q = \execute.lsu_unit.g_blocks[0].lsu_slice.rsp_buf.genblk1.genblk1.g_eb2.stream_buffer.g_buffer.buffer_r).
Adding SRST signal on $flatten\execute.lsu_unit.g_blocks[0].lsu_slice.rsp_arb.\g_input_select.g_arbiter.g_out_buf[0].out_buf.\genblk1.genblk1.g_eb2.stream_buffer.$procdff$3478 ($dff) from module exec_top (D = $flatten\execute.lsu_unit.g_blocks[0].lsu_slice.rsp_arb.\g_input_select.g_arbiter.g_out_buf[0].out_buf.\genblk1.genblk1.g_eb2.stream_buffer.$procmux$3219_Y, Q = \execute.lsu_unit.g_blocks[0].lsu_slice.rsp_arb.g_input_select.g_arbiter.g_out_buf[0].out_buf.genblk1.genblk1.g_eb2.stream_buffer.g_buffer.valid_in_r, rval = 1'1).
Adding EN signal on $auto$ff.cc:266:slice$3705 ($sdff) from module exec_top (D = \execute.lsu_unit.g_blocks[0].lsu_slice.rsp_arb.g_input_select.g_arbiter.g_out_buf[0].out_buf.genblk1.genblk1.g_eb2.stream_buffer.g_buffer.flow_out, Q = \execute.lsu_unit.g_blocks[0].lsu_slice.rsp_arb.g_input_select.g_arbiter.g_out_buf[0].out_buf.genblk1.genblk1.g_eb2.stream_buffer.g_buffer.valid_in_r).
Adding SRST signal on $flatten\execute.lsu_unit.g_blocks[0].lsu_slice.rsp_arb.\g_input_select.g_arbiter.g_out_buf[0].out_buf.\genblk1.genblk1.g_eb2.stream_buffer.$procdff$3477 ($dff) from module exec_top (D = $flatten\execute.lsu_unit.g_blocks[0].lsu_slice.rsp_arb.\g_input_select.g_arbiter.g_out_buf[0].out_buf.\genblk1.genblk1.g_eb2.stream_buffer.$procmux$3214_Y, Q = \execute.lsu_unit.g_blocks[0].lsu_slice.rsp_arb.g_input_select.g_arbiter.g_out_buf[0].out_buf.genblk1.genblk1.g_eb2.stream_buffer.g_buffer.valid_out_r, rval = 1'0).
Adding EN signal on $auto$ff.cc:266:slice$3707 ($sdff) from module exec_top (D = $flatten\execute.lsu_unit.g_blocks[0].lsu_slice.rsp_arb.\g_input_select.g_arbiter.g_out_buf[0].out_buf.\genblk1.genblk1.g_eb2.stream_buffer.$logic_or$/usr/local/src/mylex/nulex/mapper/exec/work/exec.v:4308$1844_Y, Q = \execute.lsu_unit.g_blocks[0].lsu_slice.rsp_arb.g_input_select.g_arbiter.g_out_buf[0].out_buf.genblk1.genblk1.g_eb2.stream_buffer.g_buffer.valid_out_r).
Adding EN signal on $flatten\execute.lsu_unit.g_blocks[0].lsu_slice.rsp_arb.\g_input_select.g_arbiter.g_out_buf[0].out_buf.\genblk1.genblk1.g_eb2.stream_buffer.$procdff$3476 ($dff) from module exec_top (D = { \execute.lsu_unit.g_blocks[0].lsu_slice.rsp_arb.g_input_select.g_arbiter.arb_index \execute.lsu_unit.g_blocks[0].lsu_slice.rsp_arb.g_input_select.g_arbiter.data_out_w }, Q = \execute.lsu_unit.g_blocks[0].lsu_slice.rsp_arb.g_input_select.g_arbiter.g_out_buf[0].out_buf.genblk1.genblk1.g_eb2.stream_buffer.g_buffer.buffer_r).
Adding EN signal on $flatten\execute.lsu_unit.g_blocks[0].lsu_slice.rsp_arb.\g_input_select.g_arbiter.g_out_buf[0].out_buf.\genblk1.genblk1.g_eb2.stream_buffer.$procdff$3475 ($dff) from module exec_top (D = $flatten\execute.lsu_unit.g_blocks[0].lsu_slice.rsp_arb.\g_input_select.g_arbiter.g_out_buf[0].out_buf.\genblk1.genblk1.g_eb2.stream_buffer.$ternary$/usr/local/src/mylex/nulex/mapper/exec/work/exec.v:4315$1847_Y, Q = \execute.lsu_unit.g_blocks[0].lsu_slice.rsp_arb.g_input_select.g_arbiter.g_out_buf[0].out_buf.genblk1.genblk1.g_eb2.stream_buffer.g_buffer.data_out_r).
Adding SRST signal on $flatten\execute.lsu_unit.g_blocks[0].lsu_slice.no_rsp_buf.\genblk1.genblk1.g_eb2.stream_buffer.$procdff$3484 ($dff) from module exec_top (D = $flatten\execute.lsu_unit.g_blocks[0].lsu_slice.no_rsp_buf.\genblk1.genblk1.g_eb2.stream_buffer.$procmux$3245_Y, Q = \execute.lsu_unit.g_blocks[0].lsu_slice.no_rsp_buf.genblk1.genblk1.g_eb2.stream_buffer.g_buffer.valid_in_r, rval = 1'1).
Adding EN signal on $auto$ff.cc:266:slice$3711 ($sdff) from module exec_top (D = \execute.lsu_unit.g_blocks[0].lsu_slice.no_rsp_buf.genblk1.genblk1.g_eb2.stream_buffer.g_buffer.flow_out, Q = \execute.lsu_unit.g_blocks[0].lsu_slice.no_rsp_buf.genblk1.genblk1.g_eb2.stream_buffer.g_buffer.valid_in_r).
Adding SRST signal on $flatten\execute.lsu_unit.g_blocks[0].lsu_slice.no_rsp_buf.\genblk1.genblk1.g_eb2.stream_buffer.$procdff$3483 ($dff) from module exec_top (D = $flatten\execute.lsu_unit.g_blocks[0].lsu_slice.no_rsp_buf.\genblk1.genblk1.g_eb2.stream_buffer.$procmux$3240_Y, Q = \execute.lsu_unit.g_blocks[0].lsu_slice.no_rsp_buf.genblk1.genblk1.g_eb2.stream_buffer.g_buffer.valid_out_r, rval = 1'0).
Adding EN signal on $auto$ff.cc:266:slice$3713 ($sdff) from module exec_top (D = $flatten\execute.lsu_unit.g_blocks[0].lsu_slice.no_rsp_buf.\genblk1.genblk1.g_eb2.stream_buffer.$logic_or$/usr/local/src/mylex/nulex/mapper/exec/work/exec.v:4308$1828_Y, Q = \execute.lsu_unit.g_blocks[0].lsu_slice.no_rsp_buf.genblk1.genblk1.g_eb2.stream_buffer.g_buffer.valid_out_r).
Adding EN signal on $flatten\execute.lsu_unit.g_blocks[0].lsu_slice.no_rsp_buf.\genblk1.genblk1.g_eb2.stream_buffer.$procdff$3482 ($dff) from module exec_top (D = \execute.lsu_unit.lane_dispatch.g_blocks[0].buf_out.genblk1.genblk1.g_eb2.stream_buffer.g_buffer.data_out_r [272:223], Q = \execute.lsu_unit.g_blocks[0].lsu_slice.no_rsp_buf.genblk1.genblk1.g_eb2.stream_buffer.g_buffer.data_out_r).
Adding EN signal on $flatten\execute.lsu_unit.g_blocks[0].lsu_slice.no_rsp_buf.\genblk1.genblk1.g_eb2.stream_buffer.$procdff$3481 ($dff) from module exec_top (D = \execute.lsu_unit.g_blocks[0].lsu_slice.no_rsp_buf.genblk1.genblk1.g_eb2.stream_buffer.g_buffer.data_out_r, Q = \execute.lsu_unit.g_blocks[0].lsu_slice.no_rsp_buf.genblk1.genblk1.g_eb2.stream_buffer.g_buffer.buffer_r).
Adding SRST signal on $flatten\execute.alu_unit.g_blocks[0].pe_switch.rsp_arb.\g_input_select.g_arbiter.g_out_buf[0].out_buf.\genblk1.genblk1.g_eb2.stream_buffer.$procdff$3478 ($dff) from module exec_top (D = $flatten\execute.alu_unit.g_blocks[0].pe_switch.rsp_arb.\g_input_select.g_arbiter.g_out_buf[0].out_buf.\genblk1.genblk1.g_eb2.stream_buffer.$procmux$3219_Y, Q = \execute.alu_unit.g_blocks[0].pe_switch.rsp_arb.g_input_select.g_arbiter.g_out_buf[0].out_buf.genblk1.genblk1.g_eb2.stream_buffer.g_buffer.valid_in_r, rval = 1'1).
Adding EN signal on $auto$ff.cc:266:slice$3717 ($sdff) from module exec_top (D = \execute.alu_unit.g_blocks[0].pe_switch.rsp_arb.g_input_select.g_arbiter.g_out_buf[0].out_buf.genblk1.genblk1.g_eb2.stream_buffer.g_buffer.flow_out, Q = \execute.alu_unit.g_blocks[0].pe_switch.rsp_arb.g_input_select.g_arbiter.g_out_buf[0].out_buf.genblk1.genblk1.g_eb2.stream_buffer.g_buffer.valid_in_r).
Adding SRST signal on $flatten\execute.alu_unit.g_blocks[0].pe_switch.rsp_arb.\g_input_select.g_arbiter.g_out_buf[0].out_buf.\genblk1.genblk1.g_eb2.stream_buffer.$procdff$3477 ($dff) from module exec_top (D = $flatten\execute.alu_unit.g_blocks[0].pe_switch.rsp_arb.\g_input_select.g_arbiter.g_out_buf[0].out_buf.\genblk1.genblk1.g_eb2.stream_buffer.$procmux$3214_Y, Q = \execute.alu_unit.g_blocks[0].pe_switch.rsp_arb.g_input_select.g_arbiter.g_out_buf[0].out_buf.genblk1.genblk1.g_eb2.stream_buffer.g_buffer.valid_out_r, rval = 1'0).
Adding EN signal on $auto$ff.cc:266:slice$3719 ($sdff) from module exec_top (D = $flatten\execute.alu_unit.g_blocks[0].pe_switch.rsp_arb.\g_input_select.g_arbiter.g_out_buf[0].out_buf.\genblk1.genblk1.g_eb2.stream_buffer.$logic_or$/usr/local/src/mylex/nulex/mapper/exec/work/exec.v:4308$1844_Y, Q = \execute.alu_unit.g_blocks[0].pe_switch.rsp_arb.g_input_select.g_arbiter.g_out_buf[0].out_buf.genblk1.genblk1.g_eb2.stream_buffer.g_buffer.valid_out_r).
Adding EN signal on $flatten\execute.alu_unit.g_blocks[0].pe_switch.rsp_arb.\g_input_select.g_arbiter.g_out_buf[0].out_buf.\genblk1.genblk1.g_eb2.stream_buffer.$procdff$3476 ($dff) from module exec_top (D = { \execute.alu_unit.g_blocks[0].pe_switch.rsp_arb.g_input_select.g_arbiter.arb_onehot [1] \execute.alu_unit.g_blocks[0].pe_switch.rsp_arb.g_input_select.g_arbiter.data_out_w }, Q = \execute.alu_unit.g_blocks[0].pe_switch.rsp_arb.g_input_select.g_arbiter.g_out_buf[0].out_buf.genblk1.genblk1.g_eb2.stream_buffer.g_buffer.buffer_r).
Adding EN signal on $flatten\execute.alu_unit.g_blocks[0].pe_switch.rsp_arb.\g_input_select.g_arbiter.g_out_buf[0].out_buf.\genblk1.genblk1.g_eb2.stream_buffer.$procdff$3475 ($dff) from module exec_top (D = $flatten\execute.alu_unit.g_blocks[0].pe_switch.rsp_arb.\g_input_select.g_arbiter.g_out_buf[0].out_buf.\genblk1.genblk1.g_eb2.stream_buffer.$ternary$/usr/local/src/mylex/nulex/mapper/exec/work/exec.v:4315$1847_Y, Q = \execute.alu_unit.g_blocks[0].pe_switch.rsp_arb.g_input_select.g_arbiter.g_out_buf[0].out_buf.genblk1.genblk1.g_eb2.stream_buffer.g_buffer.data_out_r).
Adding SRST signal on $flatten\execute.alu_unit.g_blocks[0].pe_switch.rsp_arb.\g_input_select.g_arbiter.arbiter.\genblk1.g_round_robin.rr_arbiter.$procdff$3470 ($dff) from module exec_top (D = $flatten\execute.alu_unit.g_blocks[0].pe_switch.rsp_arb.\g_input_select.g_arbiter.arbiter.\genblk1.g_round_robin.rr_arbiter.$procmux$1927_Y, Q = \execute.alu_unit.g_blocks[0].pe_switch.rsp_arb.g_input_select.g_arbiter.arbiter.genblk1.g_round_robin.rr_arbiter.genblk1.genblk1.genblk1.genblk1.genblk1.genblk1.genblk1.genblk1.g_model1.reqs_mask, rval = 2'11).
Adding EN signal on $auto$ff.cc:266:slice$3723 ($sdff) from module exec_top (D = $flatten\execute.alu_unit.g_blocks[0].pe_switch.rsp_arb.\g_input_select.g_arbiter.arbiter.\genblk1.g_round_robin.rr_arbiter.$procmux$1925_Y, Q = \execute.alu_unit.g_blocks[0].pe_switch.rsp_arb.g_input_select.g_arbiter.arbiter.genblk1.g_round_robin.rr_arbiter.genblk1.genblk1.genblk1.genblk1.genblk1.genblk1.genblk1.genblk1.g_model1.reqs_mask).
Adding SRST signal on $flatten\execute.alu_unit.g_blocks[0].muldiv_unit.serial_div.$procdff$3529 ($dff) from module exec_top (D = $flatten\execute.alu_unit.g_blocks[0].muldiv_unit.serial_div.$procmux$3427_Y, Q = \execute.alu_unit.g_blocks[0].muldiv_unit.serial_div.busy_r, rval = 1'0).
Adding EN signal on $auto$ff.cc:266:slice$3729 ($sdff) from module exec_top (D = 1'1, Q = \execute.alu_unit.g_blocks[0].muldiv_unit.serial_div.busy_r).
Adding SRST signal on $flatten\execute.alu_unit.g_blocks[0].muldiv_unit.serial_div.$procdff$3528 ($dff) from module exec_top (D = $flatten\execute.alu_unit.g_blocks[0].muldiv_unit.serial_div.$sub$/usr/local/src/mylex/nulex/mapper/exec/work/exec.v:3731$1722_Y, Q = \execute.alu_unit.g_blocks[0].muldiv_unit.serial_div.cntr, rval = 5'11111).
Adding EN signal on $flatten\execute.alu_unit.g_blocks[0].muldiv_unit.serial_div.$procdff$3527 ($dff) from module exec_top (D = \execute.alu_unit.g_blocks[0].muldiv_unit.serial_div.g_setup[0].negate_numer, Q = \execute.alu_unit.g_blocks[0].muldiv_unit.serial_div.inv_rem [0]).
Adding EN signal on $flatten\execute.alu_unit.g_blocks[0].muldiv_unit.serial_div.$procdff$3526 ($dff) from module exec_top (D = $flatten\execute.alu_unit.g_blocks[0].muldiv_unit.serial_div.$logic_and$/usr/local/src/mylex/nulex/mapper/exec/work/exec.v:3743$1741_Y, Q = \execute.alu_unit.g_blocks[0].muldiv_unit.serial_div.inv_quot [0]).
Adding EN signal on $flatten\execute.alu_unit.g_blocks[0].muldiv_unit.serial_div.$procdff$3525 ($dff) from module exec_top (D = \execute.alu_unit.g_blocks[0].muldiv_unit.serial_div.denom_qual [31:0], Q = \execute.alu_unit.g_blocks[0].muldiv_unit.serial_div.denom_r [31:0]).
Adding SRST signal on $flatten\execute.alu_unit.g_blocks[0].muldiv_unit.serial_div.$procdff$3524 ($dff) from module exec_top (D = { $flatten\execute.alu_unit.g_blocks[0].muldiv_unit.serial_div.$procmux$3420_Y [64:33] $flatten\execute.alu_unit.g_blocks[0].muldiv_unit.serial_div.$procmux$3420_Y [0] }, Q = { \execute.alu_unit.g_blocks[0].muldiv_unit.serial_div.working [64:33] \execute.alu_unit.g_blocks[0].muldiv_unit.serial_div.working [0] }, rval = 33'000000000000000000000000000000000).
Adding EN signal on $flatten\execute.alu_unit.g_blocks[0].muldiv_unit.serial_div.$procdff$3524 ($dff) from module exec_top (D = $flatten\execute.alu_unit.g_blocks[0].muldiv_unit.serial_div.$0\working[64:0] [32:1], Q = \execute.alu_unit.g_blocks[0].muldiv_unit.serial_div.working [32:1]).
Adding EN signal on $auto$ff.cc:266:slice$3737 ($sdff) from module exec_top (D = { $flatten\execute.alu_unit.g_blocks[0].muldiv_unit.serial_div.$ternary$/usr/local/src/mylex/nulex/mapper/exec/work/exec.v:3747$1743_Y [64:33] $flatten\execute.alu_unit.g_blocks[0].muldiv_unit.serial_div.$ternary$/usr/local/src/mylex/nulex/mapper/exec/work/exec.v:3747$1743_Y [0] }, Q = { \execute.alu_unit.g_blocks[0].muldiv_unit.serial_div.working [64:33] \execute.alu_unit.g_blocks[0].muldiv_unit.serial_div.working [0] }).
Adding EN signal on $flatten\execute.alu_unit.g_blocks[0].muldiv_unit.serial_div.$procdff$3523 ($dff) from module exec_top (D = \execute.alu_unit.g_blocks[0].muldiv_unit.serial_div.g_setup[1].negate_numer, Q = \execute.alu_unit.g_blocks[0].muldiv_unit.serial_div.inv_rem [1]).
Adding EN signal on $flatten\execute.alu_unit.g_blocks[0].muldiv_unit.serial_div.$procdff$3522 ($dff) from module exec_top (D = $flatten\execute.alu_unit.g_blocks[0].muldiv_unit.serial_div.$logic_and$/usr/local/src/mylex/nulex/mapper/exec/work/exec.v:3743$1748_Y, Q = \execute.alu_unit.g_blocks[0].muldiv_unit.serial_div.inv_quot [1]).
Adding EN signal on $flatten\execute.alu_unit.g_blocks[0].muldiv_unit.serial_div.$procdff$3521 ($dff) from module exec_top (D = \execute.alu_unit.g_blocks[0].muldiv_unit.serial_div.denom_qual [63:32], Q = \execute.alu_unit.g_blocks[0].muldiv_unit.serial_div.denom_r [63:32]).
Adding SRST signal on $flatten\execute.alu_unit.g_blocks[0].muldiv_unit.serial_div.$procdff$3520 ($dff) from module exec_top (D = { $flatten\execute.alu_unit.g_blocks[0].muldiv_unit.serial_div.$procmux$3406_Y [64:33] $flatten\execute.alu_unit.g_blocks[0].muldiv_unit.serial_div.$procmux$3406_Y [0] }, Q = { \execute.alu_unit.g_blocks[0].muldiv_unit.serial_div.working [129:98] \execute.alu_unit.g_blocks[0].muldiv_unit.serial_div.working [65] }, rval = 33'000000000000000000000000000000000).
Adding EN signal on $flatten\execute.alu_unit.g_blocks[0].muldiv_unit.serial_div.$procdff$3520 ($dff) from module exec_top (D = $flatten\execute.alu_unit.g_blocks[0].muldiv_unit.serial_div.$0\working[129:65] [32:1], Q = \execute.alu_unit.g_blocks[0].muldiv_unit.serial_div.working [97:66]).
Adding EN signal on $auto$ff.cc:266:slice$3746 ($sdff) from module exec_top (D = { $flatten\execute.alu_unit.g_blocks[0].muldiv_unit.serial_div.$ternary$/usr/local/src/mylex/nulex/mapper/exec/work/exec.v:3747$1750_Y [64:33] $flatten\execute.alu_unit.g_blocks[0].muldiv_unit.serial_div.$ternary$/usr/local/src/mylex/nulex/mapper/exec/work/exec.v:3747$1750_Y [0] }, Q = { \execute.alu_unit.g_blocks[0].muldiv_unit.serial_div.working [129:98] \execute.alu_unit.g_blocks[0].muldiv_unit.serial_div.working [65] }).
Adding SRST signal on $flatten\execute.alu_unit.g_blocks[0].muldiv_unit.rsp_buf.\g_input_select.g_arbiter.g_out_buf[0].out_buf.\genblk1.genblk1.g_eb2.stream_buffer.$procdff$3468 ($dff) from module exec_top (D = $flatten\execute.alu_unit.g_blocks[0].muldiv_unit.rsp_buf.\g_input_select.g_arbiter.g_out_buf[0].out_buf.\genblk1.genblk1.g_eb2.stream_buffer.$procmux$1912_Y, Q = \execute.alu_unit.g_blocks[0].muldiv_unit.rsp_buf.g_input_select.g_arbiter.g_out_buf[0].out_buf.genblk1.genblk1.g_eb2.stream_buffer.g_buffer.valid_in_r, rval = 1'1).
Adding EN signal on $auto$ff.cc:266:slice$3752 ($sdff) from module exec_top (D = \execute.alu_unit.g_blocks[0].muldiv_unit.rsp_buf.g_input_select.g_arbiter.g_out_buf[0].out_buf.genblk1.genblk1.g_eb2.stream_buffer.g_buffer.flow_out, Q = \execute.alu_unit.g_blocks[0].muldiv_unit.rsp_buf.g_input_select.g_arbiter.g_out_buf[0].out_buf.genblk1.genblk1.g_eb2.stream_buffer.g_buffer.valid_in_r).
Adding SRST signal on $flatten\execute.alu_unit.g_blocks[0].muldiv_unit.rsp_buf.\g_input_select.g_arbiter.g_out_buf[0].out_buf.\genblk1.genblk1.g_eb2.stream_buffer.$procdff$3467 ($dff) from module exec_top (D = $flatten\execute.alu_unit.g_blocks[0].muldiv_unit.rsp_buf.\g_input_select.g_arbiter.g_out_buf[0].out_buf.\genblk1.genblk1.g_eb2.stream_buffer.$procmux$1907_Y, Q = \execute.alu_unit.g_blocks[0].muldiv_unit.rsp_buf.g_input_select.g_arbiter.g_out_buf[0].out_buf.genblk1.genblk1.g_eb2.stream_buffer.g_buffer.valid_out_r, rval = 1'0).
Adding EN signal on $auto$ff.cc:266:slice$3754 ($sdff) from module exec_top (D = $flatten\execute.alu_unit.g_blocks[0].muldiv_unit.rsp_buf.\g_input_select.g_arbiter.g_out_buf[0].out_buf.\genblk1.genblk1.g_eb2.stream_buffer.$logic_or$/usr/local/src/mylex/nulex/mapper/exec/work/exec.v:4308$1881_Y, Q = \execute.alu_unit.g_blocks[0].muldiv_unit.rsp_buf.g_input_select.g_arbiter.g_out_buf[0].out_buf.genblk1.genblk1.g_eb2.stream_buffer.g_buffer.valid_out_r).
Adding EN signal on $flatten\execute.alu_unit.g_blocks[0].muldiv_unit.rsp_buf.\g_input_select.g_arbiter.g_out_buf[0].out_buf.\genblk1.genblk1.g_eb2.stream_buffer.$procdff$3466 ($dff) from module exec_top (D = { \execute.alu_unit.g_blocks[0].muldiv_unit.rsp_buf.g_input_select.g_arbiter.arb_index \execute.alu_unit.g_blocks[0].muldiv_unit.rsp_buf.g_input_select.g_arbiter.data_out_w }, Q = \execute.alu_unit.g_blocks[0].muldiv_unit.rsp_buf.g_input_select.g_arbiter.g_out_buf[0].out_buf.genblk1.genblk1.g_eb2.stream_buffer.g_buffer.data_out_r).
Adding EN signal on $flatten\execute.alu_unit.g_blocks[0].muldiv_unit.rsp_buf.\g_input_select.g_arbiter.g_out_buf[0].out_buf.\genblk1.genblk1.g_eb2.stream_buffer.$procdff$3465 ($dff) from module exec_top (D = \execute.alu_unit.g_blocks[0].muldiv_unit.rsp_buf.g_input_select.g_arbiter.g_out_buf[0].out_buf.genblk1.genblk1.g_eb2.stream_buffer.g_buffer.data_out_r, Q = \execute.alu_unit.g_blocks[0].muldiv_unit.rsp_buf.g_input_select.g_arbiter.g_out_buf[0].out_buf.genblk1.genblk1.g_eb2.stream_buffer.g_buffer.buffer_r).
Adding SRST signal on $flatten\execute.alu_unit.g_blocks[0].muldiv_unit.mul_shift_reg.$procdff$3517 ($dff) from module exec_top (D = $flatten\execute.alu_unit.g_blocks[0].muldiv_unit.mul_shift_reg.$procmux$3380_Y, Q = \execute.alu_unit.g_blocks[0].muldiv_unit.mul_shift_reg.g_shift.pipe [158], rval = 1'0).
Adding EN signal on $auto$ff.cc:266:slice$3758 ($sdff) from module exec_top (D = \execute.alu_unit.g_blocks[0].muldiv_unit.mul_shift_reg.g_shift.pipe [105], Q = \execute.alu_unit.g_blocks[0].muldiv_unit.mul_shift_reg.g_shift.pipe [158]).
Adding SRST signal on $flatten\execute.alu_unit.g_blocks[0].muldiv_unit.mul_shift_reg.$procdff$3516 ($dff) from module exec_top (D = $flatten\execute.alu_unit.g_blocks[0].muldiv_unit.mul_shift_reg.$procmux$3386_Y, Q = \execute.alu_unit.g_blocks[0].muldiv_unit.mul_shift_reg.g_shift.pipe [105], rval = 1'0).
Adding EN signal on $auto$ff.cc:266:slice$3760 ($sdff) from module exec_top (D = \execute.alu_unit.g_blocks[0].muldiv_unit.mul_shift_reg.g_shift.pipe [52], Q = \execute.alu_unit.g_blocks[0].muldiv_unit.mul_shift_reg.g_shift.pipe [105]).
Adding SRST signal on $flatten\execute.alu_unit.g_blocks[0].muldiv_unit.mul_shift_reg.$procdff$3515 ($dff) from module exec_top (D = $flatten\execute.alu_unit.g_blocks[0].muldiv_unit.mul_shift_reg.$procmux$3392_Y, Q = \execute.alu_unit.g_blocks[0].muldiv_unit.mul_shift_reg.g_shift.pipe [52], rval = 1'0).
Adding EN signal on $auto$ff.cc:266:slice$3762 ($sdff) from module exec_top (D = \execute.alu_unit.g_blocks[0].muldiv_unit.mul_valid_in, Q = \execute.alu_unit.g_blocks[0].muldiv_unit.mul_shift_reg.g_shift.pipe [52]).
Adding EN signal on $flatten\execute.alu_unit.g_blocks[0].muldiv_unit.mul_shift_reg.$procdff$3513 ($dff) from module exec_top (D = \execute.alu_unit.g_blocks[0].muldiv_unit.mul_shift_reg.g_shift.pipe [104:53], Q = \execute.alu_unit.g_blocks[0].muldiv_unit.mul_shift_reg.g_shift.pipe [157:106]).
Adding EN signal on $flatten\execute.alu_unit.g_blocks[0].muldiv_unit.mul_shift_reg.$procdff$3512 ($dff) from module exec_top (D = \execute.alu_unit.g_blocks[0].muldiv_unit.mul_shift_reg.g_shift.pipe [51:0], Q = \execute.alu_unit.g_blocks[0].muldiv_unit.mul_shift_reg.g_shift.pipe [104:53]).
Adding EN signal on $flatten\execute.alu_unit.g_blocks[0].muldiv_unit.mul_shift_reg.$procdff$3511 ($dff) from module exec_top (D = { \dispatch_if_0_data [272:270] \dispatch_if_0_data [268:267] \dispatch_if_0_data [269] \dispatch_if_0_data [1:0] \dispatch_if_0_data [266:225] \execute.alu_unit.g_blocks[0].muldiv_unit.VX_gpu_pkg_inst_m_is_mulh$func$/usr/local/src/mylex/nulex/mapper/exec/work/exec.v:5765$322.$result 1'0 }, Q = \execute.alu_unit.g_blocks[0].muldiv_unit.mul_shift_reg.g_shift.pipe [51:0]).
Adding EN signal on $flatten\execute.alu_unit.g_blocks[0].muldiv_unit.g_multiplier[1].multiplier.\pipe_reg.$procdff$3479 ($dff) from module exec_top (D = { \execute.alu_unit.g_blocks[0].muldiv_unit.g_multiplier[1].multiplier.pipe_reg.g_pipe.pipe [131:0] \execute.alu_unit.g_blocks[0].muldiv_unit.g_multiplier[1].multiplier.pipe_reg.data_in }, Q = \execute.alu_unit.g_blocks[0].muldiv_unit.g_multiplier[1].multiplier.pipe_reg.g_pipe.pipe).
Adding EN signal on $flatten\execute.alu_unit.g_blocks[0].muldiv_unit.g_multiplier[0].multiplier.\pipe_reg.$procdff$3479 ($dff) from module exec_top (D = { \execute.alu_unit.g_blocks[0].muldiv_unit.g_multiplier[0].multiplier.pipe_reg.g_pipe.pipe [131:0] \execute.alu_unit.g_blocks[0].muldiv_unit.g_multiplier[0].multiplier.pipe_reg.data_in }, Q = \execute.alu_unit.g_blocks[0].muldiv_unit.g_multiplier[0].multiplier.pipe_reg.g_pipe.pipe).
Adding SRST signal on $flatten\execute.alu_unit.g_blocks[0].muldiv_unit.div_elastic_adapter.$procdff$3530 ($dff) from module exec_top (D = $flatten\execute.alu_unit.g_blocks[0].muldiv_unit.div_elastic_adapter.$procmux$3434_Y, Q = \execute.alu_unit.g_blocks[0].muldiv_unit.div_elastic_adapter.loaded, rval = 1'0).
Adding EN signal on $auto$ff.cc:266:slice$3769 ($sdff) from module exec_top (D = 1'1, Q = \execute.alu_unit.g_blocks[0].muldiv_unit.div_elastic_adapter.loaded).
Adding SRST signal on $flatten\execute.alu_unit.g_blocks[0].alu_int.rsp_buf.\genblk1.g_eb1.pipe_buffer.\g_register.g_pipe_regs[0].pipe_register.$procdff$3503 ($dff) from module exec_top (D = $flatten\execute.alu_unit.g_blocks[0].alu_int.rsp_buf.\genblk1.g_eb1.pipe_buffer.\g_register.g_pipe_regs[0].pipe_register.$procmux$3326_Y, Q = \execute.alu_unit.g_blocks[0].alu_int.rsp_buf.genblk1.g_eb1.pipe_buffer.g_register.g_pipe_regs[0].pipe_register.g_pipe.pipe [150], rval = 1'0).
Adding EN signal on $auto$ff.cc:266:slice$3773 ($sdff) from module exec_top (D = \execute.alu_unit.g_blocks[0].alu_int.rsp_buf.genblk1.g_eb1.pipe_buffer.valid_in, Q = \execute.alu_unit.g_blocks[0].alu_int.rsp_buf.genblk1.g_eb1.pipe_buffer.g_register.g_pipe_regs[0].pipe_register.g_pipe.pipe [150]).
Adding EN signal on $flatten\execute.alu_unit.g_blocks[0].alu_int.rsp_buf.\genblk1.g_eb1.pipe_buffer.\g_register.g_pipe_regs[0].pipe_register.$procdff$3501 ($dff) from module exec_top (D = { \dispatch_if_0_data [272:270] \execute.alu_unit.g_blocks[0].alu_int.rsp_buf.genblk1.g_eb1.pipe_buffer.g_register.g_pipe_regs[0].pipe_register.data_in [146:145] \dispatch_if_0_data [269] \dispatch_if_0_data [1:0] \dispatch_if_0_data [266:225] \execute.alu_unit.g_blocks[0].alu_int.rsp_buf.genblk1.g_eb1.pipe_buffer.g_register.g_pipe_regs[0].pipe_register.data_in [99:6] \execute.alu_unit.g_blocks[0].alu_int.is_br_op \dispatch_if_0_data [224:221] \dispatch_if_0_data [268] }, Q = \execute.alu_unit.g_blocks[0].alu_int.rsp_buf.genblk1.g_eb1.pipe_buffer.g_register.g_pipe_regs[0].pipe_register.g_pipe.pipe [149:0]).
Adding SRST signal on $flatten\execute.alu_unit.g_blocks[0].alu_int.branch_reg.$procdff$3508 ($dff) from module exec_top (D = \execute.alu_unit.g_blocks[0].alu_int.br_enable, Q = \execute.alu_unit.g_blocks[0].alu_int.branch_reg.g_pipe.pipe [38], rval = 1'0).
Setting constant 0-bit at position 0 on $auto$ff.cc:266:slice$3766 ($dffe) from module exec_top.
Setting constant 0-bit at position 0 on $auto$ff.cc:266:slice$3637 ($dffe) from module exec_top.

3.9.7. Executing OPT_CLEAN pass (remove unused cells and wires).
Finding unused cells or wires in module \exec_top..
Removed 118 unused cells and 113 unused wires.
<suppressed ~119 debug messages>

3.9.8. Executing OPT_EXPR pass (perform const folding).
Optimizing module exec_top.
<suppressed ~4 debug messages>

3.9.9. Rerunning OPT passes. (Maybe there is more to do..)

3.9.10. Executing OPT_MUXTREE pass (detect dead branches in mux trees).
Running muxtree optimizer on module \exec_top..
  Creating internal representation of mux trees.
  Evaluating internal representation of mux trees.
  Analyzing evaluation results.
Removed 0 multiplexer ports.
<suppressed ~207 debug messages>

3.9.11. Executing OPT_REDUCE pass (consolidate $*mux and $reduce_* inputs).
  Optimizing cells in module \exec_top.
Performed a total of 0 changes.

3.9.12. Executing OPT_MERGE pass (detect identical cells).
Finding identical cells in module `\exec_top'.
<suppressed ~3 debug messages>
Removed a total of 1 cells.

3.9.13. Executing OPT_DFF pass (perform DFF optimizations).
Setting constant 0-bit at position 0 on $auto$ff.cc:266:slice$3765 ($dffe) from module exec_top.

3.9.14. Executing OPT_CLEAN pass (remove unused cells and wires).
Finding unused cells or wires in module \exec_top..
Removed 0 unused cells and 1 unused wires.
<suppressed ~1 debug messages>

3.9.15. Executing OPT_EXPR pass (perform const folding).
Optimizing module exec_top.

3.9.16. Rerunning OPT passes. (Maybe there is more to do..)

3.9.17. Executing OPT_MUXTREE pass (detect dead branches in mux trees).
Running muxtree optimizer on module \exec_top..
  Creating internal representation of mux trees.
  Evaluating internal representation of mux trees.
  Analyzing evaluation results.
Removed 0 multiplexer ports.
<suppressed ~207 debug messages>

3.9.18. Executing OPT_REDUCE pass (consolidate $*mux and $reduce_* inputs).
  Optimizing cells in module \exec_top.
Performed a total of 0 changes.

3.9.19. Executing OPT_MERGE pass (detect identical cells).
Finding identical cells in module `\exec_top'.
Removed a total of 0 cells.

3.9.20. Executing OPT_DFF pass (perform DFF optimizations).
Setting constant 0-bit at position 0 on $auto$ff.cc:266:slice$3764 ($dffe) from module exec_top.

3.9.21. Executing OPT_CLEAN pass (remove unused cells and wires).
Finding unused cells or wires in module \exec_top..

3.9.22. Executing OPT_EXPR pass (perform const folding).
Optimizing module exec_top.

3.9.23. Rerunning OPT passes. (Maybe there is more to do..)

3.9.24. Executing OPT_MUXTREE pass (detect dead branches in mux trees).
Running muxtree optimizer on module \exec_top..
  Creating internal representation of mux trees.
  Evaluating internal representation of mux trees.
  Analyzing evaluation results.
Removed 0 multiplexer ports.
<suppressed ~207 debug messages>

3.9.25. Executing OPT_REDUCE pass (consolidate $*mux and $reduce_* inputs).
  Optimizing cells in module \exec_top.
Performed a total of 0 changes.

3.9.26. Executing OPT_MERGE pass (detect identical cells).
Finding identical cells in module `\exec_top'.
Removed a total of 0 cells.

3.9.27. Executing OPT_DFF pass (perform DFF optimizations).

3.9.28. Executing OPT_CLEAN pass (remove unused cells and wires).
Finding unused cells or wires in module \exec_top..

3.9.29. Executing OPT_EXPR pass (perform const folding).
Optimizing module exec_top.

3.9.30. Finished fast OPT passes. (There is nothing left to do.)

3.10. Executing WREDUCE pass (reducing word size of cells).
Removed top 29 address bits (of 32) from memory init port exec_top.$flatten\execute.sfu_unit.wctl_unit.__pop_count_ex117.\genblk1.g_popcount3.pc32.$auto$mem.cc:351:emit$1902 ($flatten\execute.sfu_unit.wctl_unit.__pop_count_ex117.\genblk1.g_popcount3.pc32.$auto$proc_rom.cc:155:do_switch$1900).
Removed top 29 address bits (of 32) from memory init port exec_top.$flatten\execute.sfu_unit.wctl_unit.__pop_count_ex118.\genblk1.g_popcount3.pc32.$auto$mem.cc:351:emit$1902 ($flatten\execute.sfu_unit.wctl_unit.__pop_count_ex118.\genblk1.g_popcount3.pc32.$auto$proc_rom.cc:155:do_switch$1900).
Removed top 1 bits (of 4) from port B of cell exec_top.$procmux$1942_CMP0 ($eq).
Removed top 2 bits (of 12) from port B of cell exec_top.$procmux$1969_CMP0 ($eq).
Removed top 2 bits (of 12) from port B of cell exec_top.$procmux$1970_CMP0 ($eq).
Removed top 2 bits (of 12) from port B of cell exec_top.$procmux$1971_CMP0 ($eq).
Removed top 2 bits (of 12) from port B of cell exec_top.$procmux$1972_CMP0 ($eq).
Removed top 2 bits (of 12) from port B of cell exec_top.$procmux$1973_CMP0 ($eq).
Removed top 2 bits (of 12) from port B of cell exec_top.$procmux$2006_CMP0 ($eq).
Removed top 2 bits (of 12) from port B of cell exec_top.$procmux$2005_CMP0 ($eq).
Removed top 2 bits (of 12) from port B of cell exec_top.$procmux$1974_CMP6 ($eq).
Removed top 2 bits (of 12) from port B of cell exec_top.$procmux$1974_CMP5 ($eq).
Removed top 2 bits (of 12) from port B of cell exec_top.$procmux$1974_CMP4 ($eq).
Removed top 2 bits (of 12) from port B of cell exec_top.$procmux$1974_CMP3 ($eq).
Removed top 2 bits (of 12) from port B of cell exec_top.$procmux$1974_CMP2 ($eq).
Removed top 1 bits (of 12) from port B of cell exec_top.$procmux$1974_CMP1 ($eq).
Removed top 3 bits (of 12) from port B of cell exec_top.$procmux$1974_CMP0 ($eq).
Removed top 2 bits (of 3) from port B of cell exec_top.$procmux$2801_CMP0 ($eq).
Removed top 1 bits (of 3) from port B of cell exec_top.$procmux$2798_CMP0 ($eq).
Removed top 1 bits (of 2) from port B of cell exec_top.$eq$/usr/local/src/mylex/nulex/mapper/exec/work/exec.v:5411$586 ($eq).
Removed top 2 bits (of 4) from port B of cell exec_top.$eq$/usr/local/src/mylex/nulex/mapper/exec/work/exec.v:5440$608 ($eq).
Removed top 2 bits (of 4) from port B of cell exec_top.$eq$/usr/local/src/mylex/nulex/mapper/exec/work/exec.v:5440$609 ($eq).
Removed top 12 bits (of 32) from mux cell exec_top.$ternary$/usr/local/src/mylex/nulex/mapper/exec/work/exec.v:5446$612 ($mux).
Removed top 1 bits (of 32) from mux cell exec_top.$ternary$/usr/local/src/mylex/nulex/mapper/exec/work/exec.v:5446$613 ($mux).
Removed top 1 bits (of 33) from port Y of cell exec_top.$sshr$/usr/local/src/mylex/nulex/mapper/exec/work/exec.v:5477$663 ($sshr).
Removed top 1 bits (of 33) from port Y of cell exec_top.$sshr$/usr/local/src/mylex/nulex/mapper/exec/work/exec.v:5477$683 ($sshr).
Removed top 23 bits (of 32) from port A of cell exec_top.$add$/usr/local/src/mylex/nulex/mapper/exec/work/exec.v:5535$766 ($add).
Removed top 22 bits (of 32) from port Y of cell exec_top.$add$/usr/local/src/mylex/nulex/mapper/exec/work/exec.v:5535$766 ($add).
Removed top 21 bits (of 32) from port B of cell exec_top.$shiftx$/usr/local/src/mylex/nulex/mapper/exec/work/exec.v:5535$767 ($shiftx).
Removed top 1 bits (of 2) from port A of cell exec_top.$sub$/usr/local/src/mylex/nulex/mapper/exec/work/exec.v:5536$769 ($sub).
Removed top 1 bits (of 2) from port B of cell exec_top.$eq$/usr/local/src/mylex/nulex/mapper/exec/work/exec.v:5537$770 ($eq).
Removed top 25 bits (of 32) from port B of cell exec_top.$shiftx$/usr/local/src/mylex/nulex/mapper/exec/work/exec.v:5537$773 ($shiftx).
Removed top 25 bits (of 32) from port B of cell exec_top.$shiftx$/usr/local/src/mylex/nulex/mapper/exec/work/exec.v:5537$777 ($shiftx).
Removed top 25 bits (of 32) from port B of cell exec_top.$shiftx$/usr/local/src/mylex/nulex/mapper/exec/work/exec.v:5537$781 ($shiftx).
Removed top 1 bits (of 2) from port A of cell exec_top.$sub$/usr/local/src/mylex/nulex/mapper/exec/work/exec.v:5536$793 ($sub).
Removed top 1 bits (of 2) from port B of cell exec_top.$eq$/usr/local/src/mylex/nulex/mapper/exec/work/exec.v:5537$794 ($eq).
Removed top 1 bits (of 2) from port B of cell exec_top.$ge$/usr/local/src/mylex/nulex/mapper/exec/work/exec.v:5562$820 ($ge).
Removed top 1 bits (of 2) from port A of cell exec_top.$le$/usr/local/src/mylex/nulex/mapper/exec/work/exec.v:5565$821 ($le).
Removed top 1 bits (of 2) from port B of cell exec_top.$le$/usr/local/src/mylex/nulex/mapper/exec/work/exec.v:5565$821 ($le).
Removed top 23 bits (of 32) from port A of cell exec_top.$add$/usr/local/src/mylex/nulex/mapper/exec/work/exec.v:5575$824 ($add).
Removed top 22 bits (of 32) from port Y of cell exec_top.$add$/usr/local/src/mylex/nulex/mapper/exec/work/exec.v:5575$824 ($add).
Removed top 21 bits (of 32) from port B of cell exec_top.$shiftx$/usr/local/src/mylex/nulex/mapper/exec/work/exec.v:5575$825 ($shiftx).
Removed top 25 bits (of 32) from port B of cell exec_top.$shiftx$/usr/local/src/mylex/nulex/mapper/exec/work/exec.v:5575$828 ($shiftx).
Removed top 1 bits (of 2) from port B of cell exec_top.$le$/usr/local/src/mylex/nulex/mapper/exec/work/exec.v:5565$842 ($le).
Removed top 23 bits (of 32) from port A of cell exec_top.$add$/usr/local/src/mylex/nulex/mapper/exec/work/exec.v:5575$845 ($add).
Removed top 22 bits (of 32) from port Y of cell exec_top.$add$/usr/local/src/mylex/nulex/mapper/exec/work/exec.v:5575$845 ($add).
Removed top 21 bits (of 32) from port B of cell exec_top.$shiftx$/usr/local/src/mylex/nulex/mapper/exec/work/exec.v:5575$846 ($shiftx).
Removed top 25 bits (of 32) from port B of cell exec_top.$shiftx$/usr/local/src/mylex/nulex/mapper/exec/work/exec.v:5575$849 ($shiftx).
Removed top 1 bits (of 2) from port A of cell exec_top.$eq$/usr/local/src/mylex/nulex/mapper/exec/work/exec.v:5629$883 ($eq).
Removed top 25 bits (of 32) from port B of cell exec_top.$shiftx$/usr/local/src/mylex/nulex/mapper/exec/work/exec.v:5684$914 ($shiftx).
Removed top 29 bits (of 32) from port B of cell exec_top.$add$/usr/local/src/mylex/nulex/mapper/exec/work/exec.v:5709$936 ($add).
Removed top 1 bits (of 2) from port B of cell exec_top.$ne$/usr/local/src/mylex/nulex/mapper/exec/work/exec.v:5768$972 ($ne).
Removed top 25 bits (of 26) from port B of cell exec_top.$ge$/usr/local/src/mylex/nulex/mapper/exec/work/exec.v:6295$1085 ($ge).
Removed top 15 bits (of 26) from port B of cell exec_top.$lt$/usr/local/src/mylex/nulex/mapper/exec/work/exec.v:6295$1086 ($lt).
Removed top 25 bits (of 26) from port B of cell exec_top.$ge$/usr/local/src/mylex/nulex/mapper/exec/work/exec.v:6295$1099 ($ge).
Removed top 15 bits (of 26) from port B of cell exec_top.$lt$/usr/local/src/mylex/nulex/mapper/exec/work/exec.v:6295$1100 ($lt).
Converting cell exec_top.$neg$/usr/local/src/mylex/nulex/mapper/exec/work/exec.v:6370$1165 ($neg) from signed to unsigned.
Removed top 1 bits (of 3) from port A of cell exec_top.$neg$/usr/local/src/mylex/nulex/mapper/exec/work/exec.v:6370$1165 ($neg).
Converting cell exec_top.$neg$/usr/local/src/mylex/nulex/mapper/exec/work/exec.v:6372$1172 ($neg) from signed to unsigned.
Removed top 1 bits (of 3) from port A of cell exec_top.$neg$/usr/local/src/mylex/nulex/mapper/exec/work/exec.v:6372$1172 ($neg).
Converting cell exec_top.$neg$/usr/local/src/mylex/nulex/mapper/exec/work/exec.v:6373$1175 ($neg) from signed to unsigned.
Removed top 1 bits (of 3) from port A of cell exec_top.$neg$/usr/local/src/mylex/nulex/mapper/exec/work/exec.v:6373$1175 ($neg).
Converting cell exec_top.$neg$/usr/local/src/mylex/nulex/mapper/exec/work/exec.v:6370$1195 ($neg) from signed to unsigned.
Removed top 1 bits (of 3) from port A of cell exec_top.$neg$/usr/local/src/mylex/nulex/mapper/exec/work/exec.v:6370$1195 ($neg).
Converting cell exec_top.$neg$/usr/local/src/mylex/nulex/mapper/exec/work/exec.v:6372$1202 ($neg) from signed to unsigned.
Removed top 1 bits (of 3) from port A of cell exec_top.$neg$/usr/local/src/mylex/nulex/mapper/exec/work/exec.v:6372$1202 ($neg).
Converting cell exec_top.$neg$/usr/local/src/mylex/nulex/mapper/exec/work/exec.v:6373$1205 ($neg) from signed to unsigned.
Removed top 1 bits (of 3) from port A of cell exec_top.$neg$/usr/local/src/mylex/nulex/mapper/exec/work/exec.v:6373$1205 ($neg).
Removed top 29 bits (of 32) from port B of cell exec_top.$ge$/usr/local/src/mylex/nulex/mapper/exec/work/exec.v:6845$1363 ($ge).
Removed top 28 bits (of 32) from port B of cell exec_top.$le$/usr/local/src/mylex/nulex/mapper/exec/work/exec.v:6845$1364 ($le).
Removed top 3 bits (of 4) from port B of cell exec_top.$eq$/usr/local/src/mylex/nulex/mapper/exec/work/exec.v:6992$1366 ($eq).
Removed top 1 bits (of 4) from port B of cell exec_top.$eq$/usr/local/src/mylex/nulex/mapper/exec/work/exec.v:6996$1368 ($eq).
Removed top 2 bits (of 4) from port B of cell exec_top.$eq$/usr/local/src/mylex/nulex/mapper/exec/work/exec.v:6998$1369 ($eq).
Removed top 2 bits (of 4) from port B of cell exec_top.$eq$/usr/local/src/mylex/nulex/mapper/exec/work/exec.v:7000$1370 ($eq).
Removed top 1 bits (of 4) from port B of cell exec_top.$eq$/usr/local/src/mylex/nulex/mapper/exec/work/exec.v:7002$1371 ($eq).
Removed top 24 bits (of 32) from port A of cell exec_top.$add$/usr/local/src/mylex/nulex/mapper/exec/work/exec.v:7024$1374 ($add).
Removed top 26 bits (of 32) from port B of cell exec_top.$add$/usr/local/src/mylex/nulex/mapper/exec/work/exec.v:7024$1374 ($add).
Removed top 23 bits (of 32) from port Y of cell exec_top.$add$/usr/local/src/mylex/nulex/mapper/exec/work/exec.v:7024$1374 ($add).
Removed top 22 bits (of 32) from port B of cell exec_top.$shiftx$/usr/local/src/mylex/nulex/mapper/exec/work/exec.v:7024$1376 ($shiftx).
Removed top 25 bits (of 32) from port A of cell exec_top.$add$/usr/local/src/mylex/nulex/mapper/exec/work/exec.v:7025$1378 ($add).
Removed top 26 bits (of 32) from port B of cell exec_top.$add$/usr/local/src/mylex/nulex/mapper/exec/work/exec.v:7025$1378 ($add).
Removed top 24 bits (of 32) from port Y of cell exec_top.$add$/usr/local/src/mylex/nulex/mapper/exec/work/exec.v:7025$1378 ($add).
Removed top 23 bits (of 32) from port B of cell exec_top.$shiftx$/usr/local/src/mylex/nulex/mapper/exec/work/exec.v:7025$1380 ($shiftx).
Removed top 29 bits (of 30) from port B of cell exec_top.$add$/usr/local/src/mylex/nulex/mapper/exec/work/exec.v:7071$1397 ($add).
Removed top 4 bits (of 5) from port B of cell exec_top.$sub$/usr/local/src/mylex/nulex/mapper/exec/work/exec.v:7091$1414 ($sub).
Removed top 31 bits (of 32) from port A of cell exec_top.$lt$/usr/local/src/mylex/nulex/mapper/exec/work/exec.v:7097$1416 ($lt).
Removed top 31 bits (of 32) from port A of cell exec_top.$lt$/usr/local/src/mylex/nulex/mapper/exec/work/exec.v:7097$1419 ($lt).
Removed top 31 bits (of 32) from mux cell exec_top.$ternary$/usr/local/src/mylex/nulex/mapper/exec/work/exec.v:7153$1458 ($mux).
Removed top 1 bits (of 2) from port B of cell exec_top.$ne$/usr/local/src/mylex/nulex/mapper/exec/work/exec.v:7191$1470 ($ne).
Removed top 1 bits (of 2) from port B of cell exec_top.$add$/usr/local/src/mylex/nulex/mapper/exec/work/exec.v:7192$1471 ($add).
Removed top 1 bits (of 2) from port B of cell exec_top.$eq$/usr/local/src/mylex/nulex/mapper/exec/work/exec.v:7196$1472 ($eq).
Removed top 1 bits (of 4) from port B of cell exec_top.$eq$/usr/local/src/mylex/nulex/mapper/exec/work/exec.v:7211$1479 ($eq).
Removed top 2 bits (of 12) from port B of cell exec_top.$eq$/usr/local/src/mylex/nulex/mapper/exec/work/exec.v:7239$1480 ($eq).
Removed top 2 bits (of 12) from port B of cell exec_top.$eq$/usr/local/src/mylex/nulex/mapper/exec/work/exec.v:7242$1482 ($eq).
Removed top 2 bits (of 12) from port B of cell exec_top.$eq$/usr/local/src/mylex/nulex/mapper/exec/work/exec.v:7242$1483 ($eq).
Removed top 2 bits (of 12) from port B of cell exec_top.$eq$/usr/local/src/mylex/nulex/mapper/exec/work/exec.v:7242$1485 ($eq).
Removed top 2 bits (of 12) from port B of cell exec_top.$eq$/usr/local/src/mylex/nulex/mapper/exec/work/exec.v:7242$1487 ($eq).
Removed top 2 bits (of 12) from port B of cell exec_top.$eq$/usr/local/src/mylex/nulex/mapper/exec/work/exec.v:7242$1489 ($eq).
Removed top 29 bits (of 32) from port B of cell exec_top.$shiftx$/usr/local/src/mylex/nulex/mapper/exec/work/exec.v:7291$1548 ($shiftx).
Removed top 20 bits (of 32) from port B of cell exec_top.$lt$/usr/local/src/mylex/nulex/mapper/exec/work/exec.v:7312$1550 ($lt).
Removed top 20 bits (of 32) from port B of cell exec_top.$lt$/usr/local/src/mylex/nulex/mapper/exec/work/exec.v:7312$1553 ($lt).
Removed top 30 bits (of 32) from port A of cell exec_top.$add$/usr/local/src/mylex/nulex/mapper/exec/work/exec.v:7353$1572 ($add).
Removed top 31 bits (of 32) from port B of cell exec_top.$add$/usr/local/src/mylex/nulex/mapper/exec/work/exec.v:7353$1572 ($add).
Removed top 29 bits (of 32) from port Y of cell exec_top.$add$/usr/local/src/mylex/nulex/mapper/exec/work/exec.v:7353$1572 ($add).
Removed top 1 bits (of 2) from port B of cell exec_top.$procmux$2914_CMP0 ($eq).
Removed top 1 bits (of 2) from port B of cell exec_top.$procmux$2929_CMP0 ($eq).
Removed top 1 bits (of 2) from port B of cell exec_top.$procmux$2942_CMP0 ($eq).
Removed top 1 bits (of 2) from port B of cell exec_top.$procmux$2990_CMP0 ($eq).
Removed top 1 bits (of 2) from port B of cell exec_top.$procmux$2999_CMP0 ($eq).
Removed top 1 bits (of 2) from port B of cell exec_top.$procmux$3044_CMP0 ($eq).
Removed top 1 bits (of 115) from FF cell exec_top.$auto$ff.cc:266:slice$3722 ($dffe).
Removed top 1 bits (of 115) from mux cell exec_top.$flatten\execute.alu_unit.g_blocks[0].pe_switch.rsp_arb.\g_input_select.g_arbiter.g_out_buf[0].out_buf.\genblk1.genblk1.g_eb2.stream_buffer.$ternary$/usr/local/src/mylex/nulex/mapper/exec/work/exec.v:4315$1847 ($mux).
Removed top 25 bits (of 31) from port B of cell exec_top.$flatten\execute.alu_unit.g_blocks[0].pe_switch.rsp_arb.$mul$/usr/local/src/mylex/nulex/mapper/exec/work/exec.v:4066$1688 ($mul).
Removed top 24 bits (of 31) from port Y of cell exec_top.$flatten\execute.alu_unit.g_blocks[0].pe_switch.rsp_arb.$mul$/usr/local/src/mylex/nulex/mapper/exec/work/exec.v:4066$1688 ($mul).
Converting cell exec_top.$flatten\execute.alu_unit.g_blocks[0].muldiv_unit.g_multiplier[0].multiplier.$mul$/usr/local/src/mylex/nulex/mapper/exec/work/exec.v:2153$1767 ($mul) from unsigned to signed.
Removed top 33 bits (of 66) from port A of cell exec_top.$flatten\execute.alu_unit.g_blocks[0].muldiv_unit.g_multiplier[0].multiplier.$mul$/usr/local/src/mylex/nulex/mapper/exec/work/exec.v:2153$1767 ($mul).
Removed top 33 bits (of 66) from port B of cell exec_top.$flatten\execute.alu_unit.g_blocks[0].muldiv_unit.g_multiplier[0].multiplier.$mul$/usr/local/src/mylex/nulex/mapper/exec/work/exec.v:2153$1767 ($mul).
Removed top 2 bits (of 198) from FF cell exec_top.$auto$ff.cc:266:slice$3768 ($dffe).
Converting cell exec_top.$flatten\execute.alu_unit.g_blocks[0].muldiv_unit.g_multiplier[1].multiplier.$mul$/usr/local/src/mylex/nulex/mapper/exec/work/exec.v:2153$1767 ($mul) from unsigned to signed.
Removed top 33 bits (of 66) from port A of cell exec_top.$flatten\execute.alu_unit.g_blocks[0].muldiv_unit.g_multiplier[1].multiplier.$mul$/usr/local/src/mylex/nulex/mapper/exec/work/exec.v:2153$1767 ($mul).
Removed top 33 bits (of 66) from port B of cell exec_top.$flatten\execute.alu_unit.g_blocks[0].muldiv_unit.g_multiplier[1].multiplier.$mul$/usr/local/src/mylex/nulex/mapper/exec/work/exec.v:2153$1767 ($mul).
Removed top 2 bits (of 198) from FF cell exec_top.$auto$ff.cc:266:slice$3767 ($dffe).
Removed top 32 bits (of 65) from mux cell exec_top.$flatten\execute.alu_unit.g_blocks[0].muldiv_unit.serial_div.$procmux$3423 ($mux).
Removed top 32 bits (of 65) from mux cell exec_top.$flatten\execute.alu_unit.g_blocks[0].muldiv_unit.serial_div.$procmux$3420 ($mux).
Removed top 32 bits (of 65) from mux cell exec_top.$flatten\execute.alu_unit.g_blocks[0].muldiv_unit.serial_div.$procmux$3409 ($mux).
Removed top 32 bits (of 65) from mux cell exec_top.$flatten\execute.alu_unit.g_blocks[0].muldiv_unit.serial_div.$procmux$3406 ($mux).
Removed top 4 bits (of 5) from port B of cell exec_top.$flatten\execute.alu_unit.g_blocks[0].muldiv_unit.serial_div.$sub$/usr/local/src/mylex/nulex/mapper/exec/work/exec.v:3731$1722 ($sub).
Removed top 1 bits (of 115) from mux cell exec_top.$flatten\execute.alu_unit.g_blocks[0].muldiv_unit.rsp_buf.\g_input_select.g_arbiter.g_out_buf[0].out_buf.\genblk1.genblk1.g_eb2.stream_buffer.$ternary$/usr/local/src/mylex/nulex/mapper/exec/work/exec.v:4325$1884 ($mux).
Removed top 25 bits (of 31) from port B of cell exec_top.$flatten\execute.alu_unit.g_blocks[0].muldiv_unit.rsp_buf.$mul$/usr/local/src/mylex/nulex/mapper/exec/work/exec.v:4066$1711 ($mul).
Removed top 24 bits (of 31) from port Y of cell exec_top.$flatten\execute.alu_unit.g_blocks[0].muldiv_unit.rsp_buf.$mul$/usr/local/src/mylex/nulex/mapper/exec/work/exec.v:4066$1711 ($mul).
Removed top 1 bits (of 115) from FF cell exec_top.$auto$ff.cc:266:slice$3721 ($dffe).
Removed top 1 bits (of 115) from FF cell exec_top.$auto$ff.cc:266:slice$3710 ($dffe).
Removed top 1 bits (of 115) from mux cell exec_top.$flatten\execute.lsu_unit.g_blocks[0].lsu_slice.rsp_arb.\g_input_select.g_arbiter.g_out_buf[0].out_buf.\genblk1.genblk1.g_eb2.stream_buffer.$ternary$/usr/local/src/mylex/nulex/mapper/exec/work/exec.v:4315$1847 ($mux).
Removed top 25 bits (of 31) from port B of cell exec_top.$flatten\execute.lsu_unit.g_blocks[0].lsu_slice.rsp_arb.$mul$/usr/local/src/mylex/nulex/mapper/exec/work/exec.v:4066$1703 ($mul).
Removed top 24 bits (of 31) from port Y of cell exec_top.$flatten\execute.lsu_unit.g_blocks[0].lsu_slice.rsp_arb.$mul$/usr/local/src/mylex/nulex/mapper/exec/work/exec.v:4066$1703 ($mul).
Removed top 1 bits (of 115) from FF cell exec_top.$auto$ff.cc:266:slice$3662 ($dffe).
Removed top 1 bits (of 115) from mux cell exec_top.$flatten\execute.sfu_unit.pe_switch.rsp_arb.\g_input_select.g_arbiter.g_out_buf[0].out_buf.\genblk1.genblk1.g_eb2.stream_buffer.$ternary$/usr/local/src/mylex/nulex/mapper/exec/work/exec.v:4315$1847 ($mux).
Removed top 25 bits (of 31) from port B of cell exec_top.$flatten\execute.sfu_unit.pe_switch.rsp_arb.$mul$/usr/local/src/mylex/nulex/mapper/exec/work/exec.v:4066$1688 ($mul).
Removed top 24 bits (of 31) from port Y of cell exec_top.$flatten\execute.sfu_unit.pe_switch.rsp_arb.$mul$/usr/local/src/mylex/nulex/mapper/exec/work/exec.v:4066$1688 ($mul).
Removed top 1 bits (of 115) from FF cell exec_top.$auto$ff.cc:266:slice$3661 ($dffe).
Removed top 23 bits (of 32) from port B of cell exec_top.$flatten\execute.alu_unit.g_blocks[0].pe_switch.rsp_arb.$shiftx$/usr/local/src/mylex/nulex/mapper/exec/work/exec.v:4066$1690 ($shiftx).
Removed top 1 bits (of 115) from FF cell exec_top.$auto$ff.cc:266:slice$3757 ($dffe).
Removed top 1 bits (of 115) from FF cell exec_top.$auto$ff.cc:266:slice$3709 ($dffe).
Removed top 23 bits (of 32) from port B of cell exec_top.$flatten\execute.sfu_unit.pe_switch.rsp_arb.$shiftx$/usr/local/src/mylex/nulex/mapper/exec/work/exec.v:4066$1690 ($shiftx).
Removed top 1 bits (of 115) from FF cell exec_top.$auto$ff.cc:266:slice$3756 ($dffe).
Removed top 23 bits (of 32) from port B of cell exec_top.$flatten\execute.lsu_unit.g_blocks[0].lsu_slice.rsp_arb.$shiftx$/usr/local/src/mylex/nulex/mapper/exec/work/exec.v:4066$1705 ($shiftx).
Removed top 23 bits (of 32) from port B of cell exec_top.$flatten\execute.alu_unit.g_blocks[0].muldiv_unit.rsp_buf.$shiftx$/usr/local/src/mylex/nulex/mapper/exec/work/exec.v:4066$1713 ($shiftx).
Removed top 22 bits (of 32) from wire exec_top.$add$/usr/local/src/mylex/nulex/mapper/exec/work/exec.v:5535$766_Y.
Removed top 22 bits (of 32) from wire exec_top.$add$/usr/local/src/mylex/nulex/mapper/exec/work/exec.v:5575$824_Y.
Removed top 22 bits (of 32) from wire exec_top.$add$/usr/local/src/mylex/nulex/mapper/exec/work/exec.v:5575$845_Y.
Removed top 23 bits (of 32) from wire exec_top.$add$/usr/local/src/mylex/nulex/mapper/exec/work/exec.v:7024$1374_Y.
Removed top 24 bits (of 32) from wire exec_top.$add$/usr/local/src/mylex/nulex/mapper/exec/work/exec.v:7025$1378_Y.
Removed top 1 bits (of 4) from wire exec_top.$and$/usr/local/src/mylex/nulex/mapper/exec/work/exec.v:6373$1208_Y.
Removed top 24 bits (of 32) from wire exec_top.$flatten\execute.alu_unit.g_blocks[0].muldiv_unit.rsp_buf.$add$/usr/local/src/mylex/nulex/mapper/exec/work/exec.v:4066$1712_Y.
Removed top 32 bits (of 65) from wire exec_top.$flatten\execute.alu_unit.g_blocks[0].muldiv_unit.serial_div.$0\working[129:65].
Removed top 32 bits (of 65) from wire exec_top.$flatten\execute.alu_unit.g_blocks[0].muldiv_unit.serial_div.$0\working[64:0].
Removed top 32 bits (of 65) from wire exec_top.$flatten\execute.alu_unit.g_blocks[0].muldiv_unit.serial_div.$procmux$3406_Y.
Removed top 45 bits (of 65) from wire exec_top.$flatten\execute.alu_unit.g_blocks[0].muldiv_unit.serial_div.$procmux$3420_Y.
Removed top 11 bits (of 65) from wire exec_top.$flatten\execute.alu_unit.g_blocks[0].muldiv_unit.serial_div.$ternary$/usr/local/src/mylex/nulex/mapper/exec/work/exec.v:3747$1743_Y.
Removed top 27 bits (of 65) from wire exec_top.$flatten\execute.alu_unit.g_blocks[0].muldiv_unit.serial_div.$ternary$/usr/local/src/mylex/nulex/mapper/exec/work/exec.v:3747$1750_Y.
Removed top 24 bits (of 32) from wire exec_top.$flatten\execute.alu_unit.g_blocks[0].pe_switch.rsp_arb.$add$/usr/local/src/mylex/nulex/mapper/exec/work/exec.v:4066$1689_Y.
Removed top 1 bits (of 115) from wire exec_top.$flatten\execute.alu_unit.g_blocks[0].pe_switch.rsp_arb.\g_input_select.g_arbiter.g_out_buf[0].out_buf.\genblk1.genblk1.g_eb2.stream_buffer.$ternary$/usr/local/src/mylex/nulex/mapper/exec/work/exec.v:4315$1847_Y.
Removed top 24 bits (of 32) from wire exec_top.$flatten\execute.lsu_unit.g_blocks[0].lsu_slice.rsp_arb.$add$/usr/local/src/mylex/nulex/mapper/exec/work/exec.v:4066$1704_Y.
Removed top 1 bits (of 115) from wire exec_top.$flatten\execute.lsu_unit.g_blocks[0].lsu_slice.rsp_arb.\g_input_select.g_arbiter.g_out_buf[0].out_buf.\genblk1.genblk1.g_eb2.stream_buffer.$ternary$/usr/local/src/mylex/nulex/mapper/exec/work/exec.v:4315$1847_Y.
Removed top 24 bits (of 32) from wire exec_top.$flatten\execute.sfu_unit.pe_switch.rsp_arb.$add$/usr/local/src/mylex/nulex/mapper/exec/work/exec.v:4066$1689_Y.
Removed top 1 bits (of 115) from wire exec_top.$flatten\execute.sfu_unit.pe_switch.rsp_arb.\g_input_select.g_arbiter.g_out_buf[0].out_buf.\genblk1.genblk1.g_eb2.stream_buffer.$ternary$/usr/local/src/mylex/nulex/mapper/exec/work/exec.v:4315$1847_Y.
Removed top 1 bits (of 2) from wire exec_top.execute.alu_unit.g_blocks[0].alu_int.VX_gpu_pkg_inst_br_class$func$/usr/local/src/mylex/nulex/mapper/exec/work/exec.v:5432$269.$result.
Removed top 30 bits (of 32) from wire exec_top.execute.alu_unit.g_blocks[0].alu_int.g_alu_result[0].slt_br_result.
Removed top 30 bits (of 32) from wire exec_top.execute.alu_unit.g_blocks[0].alu_int.g_alu_result[1].slt_br_result.
Removed top 1 bits (of 66) from wire exec_top.execute.alu_unit.g_blocks[0].alu_int.sub_result.
Removed top 2 bits (of 132) from wire exec_top.execute.alu_unit.g_blocks[0].muldiv_unit.mul_result_tmp.
Removed top 50 bits (of 114) from wire exec_top.execute.lsu_unit.g_blocks[0].lsu_slice.result_no_rsp_if.data.
Removed top 30 bits (of 64) from wire exec_top.execute.sfu_unit.csr_unit.cta_tid_x.
Removed top 30 bits (of 64) from wire exec_top.execute.sfu_unit.csr_unit.cta_tid_y.
Removed top 30 bits (of 64) from wire exec_top.execute.sfu_unit.csr_unit.cta_tid_z.
Removed top 29 bits (of 64) from wire exec_top.execute.sfu_unit.csr_unit.gtid.
Removed top 30 bits (of 32) from wire exec_top.sv2v_cast_32$func$/usr/local/src/mylex/nulex/mapper/exec/work/exec.v:7363$402.$result.
Removed top 30 bits (of 32) from wire exec_top.sv2v_cast_32$func$/usr/local/src/mylex/nulex/mapper/exec/work/exec.v:7363$406.$result.

3.11. Executing PEEPOPT pass (run peephole optimizers).
shiftadd pattern in exec_top: shift=$shiftx$/usr/local/src/mylex/nulex/mapper/exec/work/exec.v:5535$767, add/sub=$add$/usr/local/src/mylex/nulex/mapper/exec/work/exec.v:5535$766, offset: 268
shiftadd pattern in exec_top: shift=$shiftx$/usr/local/src/mylex/nulex/mapper/exec/work/exec.v:5575$825, add/sub=$add$/usr/local/src/mylex/nulex/mapper/exec/work/exec.v:5575$824, offset: 268
shiftadd pattern in exec_top: shift=$shiftx$/usr/local/src/mylex/nulex/mapper/exec/work/exec.v:5575$846, add/sub=$add$/usr/local/src/mylex/nulex/mapper/exec/work/exec.v:5575$845, offset: 268
shiftadd pattern in exec_top: shift=$shiftx$/usr/local/src/mylex/nulex/mapper/exec/work/exec.v:7024$1376, add/sub=$add$/usr/local/src/mylex/nulex/mapper/exec/work/exec.v:7024$1374, offset: 128
shiftadd pattern in exec_top: shift=$shiftx$/usr/local/src/mylex/nulex/mapper/exec/work/exec.v:7025$1380, add/sub=$add$/usr/local/src/mylex/nulex/mapper/exec/work/exec.v:7025$1378, offset: 64
right shiftmul pattern in exec_top: shift=$flatten\execute.alu_unit.g_blocks[0].muldiv_unit.rsp_buf.$shiftx$/usr/local/src/mylex/nulex/mapper/exec/work/exec.v:4066$1713, mul=$flatten\execute.alu_unit.g_blocks[0].muldiv_unit.rsp_buf.$mul$/usr/local/src/mylex/nulex/mapper/exec/work/exec.v:4066$1711
right shiftmul pattern in exec_top: shift=$flatten\execute.alu_unit.g_blocks[0].pe_switch.rsp_arb.$shiftx$/usr/local/src/mylex/nulex/mapper/exec/work/exec.v:4066$1690, mul=$flatten\execute.alu_unit.g_blocks[0].pe_switch.rsp_arb.$mul$/usr/local/src/mylex/nulex/mapper/exec/work/exec.v:4066$1688
right shiftmul pattern in exec_top: shift=$flatten\execute.lsu_unit.g_blocks[0].lsu_slice.rsp_arb.$shiftx$/usr/local/src/mylex/nulex/mapper/exec/work/exec.v:4066$1705, mul=$flatten\execute.lsu_unit.g_blocks[0].lsu_slice.rsp_arb.$mul$/usr/local/src/mylex/nulex/mapper/exec/work/exec.v:4066$1703
right shiftmul pattern in exec_top: shift=$flatten\execute.sfu_unit.pe_switch.rsp_arb.$shiftx$/usr/local/src/mylex/nulex/mapper/exec/work/exec.v:4066$1690, mul=$flatten\execute.sfu_unit.pe_switch.rsp_arb.$mul$/usr/local/src/mylex/nulex/mapper/exec/work/exec.v:4066$1688

3.12. Executing OPT_CLEAN pass (remove unused cells and wires).
Finding unused cells or wires in module \exec_top..
Removed 9 unused cells and 43 unused wires.
<suppressed ~10 debug messages>

3.13. Executing ALUMACC pass (create $alu and $macc cells).
Extracting $alu and $macc cells in module exec_top:
  creating $macc model for $add$/usr/local/src/mylex/nulex/mapper/exec/work/exec.v:5459$626 ($add).
  creating $macc model for $add$/usr/local/src/mylex/nulex/mapper/exec/work/exec.v:5459$632 ($add).
  creating $macc model for $add$/usr/local/src/mylex/nulex/mapper/exec/work/exec.v:5554$835 ($add).
  creating $macc model for $add$/usr/local/src/mylex/nulex/mapper/exec/work/exec.v:5709$936 ($add).
  creating $macc model for $add$/usr/local/src/mylex/nulex/mapper/exec/work/exec.v:7071$1397 ($add).
  creating $macc model for $add$/usr/local/src/mylex/nulex/mapper/exec/work/exec.v:7192$1471 ($add).
  creating $macc model for $add$/usr/local/src/mylex/nulex/mapper/exec/work/exec.v:7353$1572 ($add).
  creating $macc model for $flatten\execute.alu_unit.g_blocks[0].muldiv_unit.g_multiplier[0].multiplier.$mul$/usr/local/src/mylex/nulex/mapper/exec/work/exec.v:2153$1767 ($mul).
  creating $macc model for $flatten\execute.alu_unit.g_blocks[0].muldiv_unit.g_multiplier[1].multiplier.$mul$/usr/local/src/mylex/nulex/mapper/exec/work/exec.v:2153$1767 ($mul).
  creating $macc model for $flatten\execute.alu_unit.g_blocks[0].muldiv_unit.serial_div.$neg$/usr/local/src/mylex/nulex/mapper/exec/work/exec.v:3713$1725 ($neg).
  creating $macc model for $flatten\execute.alu_unit.g_blocks[0].muldiv_unit.serial_div.$neg$/usr/local/src/mylex/nulex/mapper/exec/work/exec.v:3713$1732 ($neg).
  creating $macc model for $flatten\execute.alu_unit.g_blocks[0].muldiv_unit.serial_div.$neg$/usr/local/src/mylex/nulex/mapper/exec/work/exec.v:3714$1727 ($neg).
  creating $macc model for $flatten\execute.alu_unit.g_blocks[0].muldiv_unit.serial_div.$neg$/usr/local/src/mylex/nulex/mapper/exec/work/exec.v:3714$1734 ($neg).
  creating $macc model for $flatten\execute.alu_unit.g_blocks[0].muldiv_unit.serial_div.$neg$/usr/local/src/mylex/nulex/mapper/exec/work/exec.v:3756$1751 ($neg).
  creating $macc model for $flatten\execute.alu_unit.g_blocks[0].muldiv_unit.serial_div.$neg$/usr/local/src/mylex/nulex/mapper/exec/work/exec.v:3756$1755 ($neg).
  creating $macc model for $flatten\execute.alu_unit.g_blocks[0].muldiv_unit.serial_div.$neg$/usr/local/src/mylex/nulex/mapper/exec/work/exec.v:3757$1753 ($neg).
  creating $macc model for $flatten\execute.alu_unit.g_blocks[0].muldiv_unit.serial_div.$neg$/usr/local/src/mylex/nulex/mapper/exec/work/exec.v:3757$1757 ($neg).
  creating $macc model for $flatten\execute.alu_unit.g_blocks[0].muldiv_unit.serial_div.$sub$/usr/local/src/mylex/nulex/mapper/exec/work/exec.v:3715$1729 ($sub).
  creating $macc model for $flatten\execute.alu_unit.g_blocks[0].muldiv_unit.serial_div.$sub$/usr/local/src/mylex/nulex/mapper/exec/work/exec.v:3715$1736 ($sub).
  creating $macc model for $flatten\execute.alu_unit.g_blocks[0].muldiv_unit.serial_div.$sub$/usr/local/src/mylex/nulex/mapper/exec/work/exec.v:3731$1722 ($sub).
  creating $macc model for $flatten\execute.lsu_unit.g_blocks[0].lsu_slice.g_full_addr[0].lsu_agu.$add$/usr/local/src/mylex/nulex/mapper/exec/work/exec.v:4522$254 ($add).
  creating $macc model for $flatten\execute.lsu_unit.g_blocks[0].lsu_slice.g_full_addr[0].lsu_agu.$add$/usr/local/src/mylex/nulex/mapper/exec/work/exec.v:4523$255 ($add).
  creating $macc model for $flatten\execute.lsu_unit.g_blocks[0].lsu_slice.g_full_addr[1].lsu_agu.$add$/usr/local/src/mylex/nulex/mapper/exec/work/exec.v:4522$254 ($add).
  creating $macc model for $flatten\execute.lsu_unit.g_blocks[0].lsu_slice.g_full_addr[1].lsu_agu.$add$/usr/local/src/mylex/nulex/mapper/exec/work/exec.v:4523$255 ($add).
  creating $macc model for $neg$/usr/local/src/mylex/nulex/mapper/exec/work/exec.v:6370$1165 ($neg).
  creating $macc model for $neg$/usr/local/src/mylex/nulex/mapper/exec/work/exec.v:6370$1195 ($neg).
  creating $macc model for $neg$/usr/local/src/mylex/nulex/mapper/exec/work/exec.v:6372$1172 ($neg).
  creating $macc model for $neg$/usr/local/src/mylex/nulex/mapper/exec/work/exec.v:6372$1202 ($neg).
  creating $macc model for $neg$/usr/local/src/mylex/nulex/mapper/exec/work/exec.v:6373$1175 ($neg).
  creating $macc model for $neg$/usr/local/src/mylex/nulex/mapper/exec/work/exec.v:6373$1205 ($neg).
  creating $macc model for $sub$/usr/local/src/mylex/nulex/mapper/exec/work/exec.v:5467$640 ($sub).
  creating $macc model for $sub$/usr/local/src/mylex/nulex/mapper/exec/work/exec.v:5467$648 ($sub).
  creating $macc model for $sub$/usr/local/src/mylex/nulex/mapper/exec/work/exec.v:5536$769 ($sub).
  creating $macc model for $sub$/usr/local/src/mylex/nulex/mapper/exec/work/exec.v:5536$793 ($sub).
  creating $macc model for $sub$/usr/local/src/mylex/nulex/mapper/exec/work/exec.v:5553$813 ($sub).
  creating $macc model for $sub$/usr/local/src/mylex/nulex/mapper/exec/work/exec.v:5553$834 ($sub).
  creating $macc model for $sub$/usr/local/src/mylex/nulex/mapper/exec/work/exec.v:7091$1414 ($sub).
  creating $alu model for $macc $sub$/usr/local/src/mylex/nulex/mapper/exec/work/exec.v:7091$1414.
  creating $alu model for $macc $sub$/usr/local/src/mylex/nulex/mapper/exec/work/exec.v:5553$834.
  creating $alu model for $macc $sub$/usr/local/src/mylex/nulex/mapper/exec/work/exec.v:5553$813.
  creating $alu model for $macc $sub$/usr/local/src/mylex/nulex/mapper/exec/work/exec.v:5536$793.
  creating $alu model for $macc $sub$/usr/local/src/mylex/nulex/mapper/exec/work/exec.v:5536$769.
  creating $alu model for $macc $sub$/usr/local/src/mylex/nulex/mapper/exec/work/exec.v:5467$648.
  creating $alu model for $macc $sub$/usr/local/src/mylex/nulex/mapper/exec/work/exec.v:5467$640.
  creating $alu model for $macc $neg$/usr/local/src/mylex/nulex/mapper/exec/work/exec.v:6373$1205.
  creating $alu model for $macc $neg$/usr/local/src/mylex/nulex/mapper/exec/work/exec.v:6373$1175.
  creating $alu model for $macc $neg$/usr/local/src/mylex/nulex/mapper/exec/work/exec.v:6372$1202.
  creating $alu model for $macc $neg$/usr/local/src/mylex/nulex/mapper/exec/work/exec.v:6372$1172.
  creating $alu model for $macc $neg$/usr/local/src/mylex/nulex/mapper/exec/work/exec.v:6370$1195.
  creating $alu model for $macc $neg$/usr/local/src/mylex/nulex/mapper/exec/work/exec.v:6370$1165.
  creating $alu model for $macc $flatten\execute.lsu_unit.g_blocks[0].lsu_slice.g_full_addr[1].lsu_agu.$add$/usr/local/src/mylex/nulex/mapper/exec/work/exec.v:4523$255.
  creating $alu model for $macc $flatten\execute.lsu_unit.g_blocks[0].lsu_slice.g_full_addr[1].lsu_agu.$add$/usr/local/src/mylex/nulex/mapper/exec/work/exec.v:4522$254.
  creating $alu model for $macc $flatten\execute.lsu_unit.g_blocks[0].lsu_slice.g_full_addr[0].lsu_agu.$add$/usr/local/src/mylex/nulex/mapper/exec/work/exec.v:4523$255.
  creating $alu model for $macc $flatten\execute.lsu_unit.g_blocks[0].lsu_slice.g_full_addr[0].lsu_agu.$add$/usr/local/src/mylex/nulex/mapper/exec/work/exec.v:4522$254.
  creating $alu model for $macc $flatten\execute.alu_unit.g_blocks[0].muldiv_unit.serial_div.$sub$/usr/local/src/mylex/nulex/mapper/exec/work/exec.v:3731$1722.
  creating $alu model for $macc $flatten\execute.alu_unit.g_blocks[0].muldiv_unit.serial_div.$sub$/usr/local/src/mylex/nulex/mapper/exec/work/exec.v:3715$1736.
  creating $alu model for $macc $flatten\execute.alu_unit.g_blocks[0].muldiv_unit.serial_div.$sub$/usr/local/src/mylex/nulex/mapper/exec/work/exec.v:3715$1729.
  creating $alu model for $macc $flatten\execute.alu_unit.g_blocks[0].muldiv_unit.serial_div.$neg$/usr/local/src/mylex/nulex/mapper/exec/work/exec.v:3757$1757.
  creating $alu model for $macc $flatten\execute.alu_unit.g_blocks[0].muldiv_unit.serial_div.$neg$/usr/local/src/mylex/nulex/mapper/exec/work/exec.v:3757$1753.
  creating $alu model for $macc $flatten\execute.alu_unit.g_blocks[0].muldiv_unit.serial_div.$neg$/usr/local/src/mylex/nulex/mapper/exec/work/exec.v:3756$1755.
  creating $alu model for $macc $flatten\execute.alu_unit.g_blocks[0].muldiv_unit.serial_div.$neg$/usr/local/src/mylex/nulex/mapper/exec/work/exec.v:3756$1751.
  creating $alu model for $macc $flatten\execute.alu_unit.g_blocks[0].muldiv_unit.serial_div.$neg$/usr/local/src/mylex/nulex/mapper/exec/work/exec.v:3714$1734.
  creating $alu model for $macc $flatten\execute.alu_unit.g_blocks[0].muldiv_unit.serial_div.$neg$/usr/local/src/mylex/nulex/mapper/exec/work/exec.v:3714$1727.
  creating $alu model for $macc $flatten\execute.alu_unit.g_blocks[0].muldiv_unit.serial_div.$neg$/usr/local/src/mylex/nulex/mapper/exec/work/exec.v:3713$1732.
  creating $alu model for $macc $flatten\execute.alu_unit.g_blocks[0].muldiv_unit.serial_div.$neg$/usr/local/src/mylex/nulex/mapper/exec/work/exec.v:3713$1725.
  creating $alu model for $macc $add$/usr/local/src/mylex/nulex/mapper/exec/work/exec.v:7353$1572.
  creating $alu model for $macc $add$/usr/local/src/mylex/nulex/mapper/exec/work/exec.v:7192$1471.
  creating $alu model for $macc $add$/usr/local/src/mylex/nulex/mapper/exec/work/exec.v:7071$1397.
  creating $alu model for $macc $add$/usr/local/src/mylex/nulex/mapper/exec/work/exec.v:5709$936.
  creating $alu model for $macc $add$/usr/local/src/mylex/nulex/mapper/exec/work/exec.v:5554$835.
  creating $alu model for $macc $add$/usr/local/src/mylex/nulex/mapper/exec/work/exec.v:5459$632.
  creating $alu model for $macc $add$/usr/local/src/mylex/nulex/mapper/exec/work/exec.v:5459$626.
  creating $macc cell for $flatten\execute.alu_unit.g_blocks[0].muldiv_unit.g_multiplier[0].multiplier.$mul$/usr/local/src/mylex/nulex/mapper/exec/work/exec.v:2153$1767: $auto$alumacc.cc:365:replace_macc$3812
  creating $macc cell for $flatten\execute.alu_unit.g_blocks[0].muldiv_unit.g_multiplier[1].multiplier.$mul$/usr/local/src/mylex/nulex/mapper/exec/work/exec.v:2153$1767: $auto$alumacc.cc:365:replace_macc$3813
  creating $alu model for $ge$/usr/local/src/mylex/nulex/mapper/exec/work/exec.v:5562$820 ($ge): new $alu
  creating $alu model for $ge$/usr/local/src/mylex/nulex/mapper/exec/work/exec.v:5562$841 ($ge): new $alu
  creating $alu model for $ge$/usr/local/src/mylex/nulex/mapper/exec/work/exec.v:6295$1085 ($ge): new $alu
  creating $alu model for $ge$/usr/local/src/mylex/nulex/mapper/exec/work/exec.v:6295$1099 ($ge): new $alu
  creating $alu model for $ge$/usr/local/src/mylex/nulex/mapper/exec/work/exec.v:6845$1363 ($ge): new $alu
  creating $alu model for $ge$/usr/local/src/mylex/nulex/mapper/exec/work/exec.v:7312$1549 ($ge): new $alu
  creating $alu model for $ge$/usr/local/src/mylex/nulex/mapper/exec/work/exec.v:7312$1552 ($ge): new $alu
  creating $alu model for $le$/usr/local/src/mylex/nulex/mapper/exec/work/exec.v:5437$606 ($le): new $alu
  creating $alu model for $le$/usr/local/src/mylex/nulex/mapper/exec/work/exec.v:5565$821 ($le): new $alu
  creating $alu model for $le$/usr/local/src/mylex/nulex/mapper/exec/work/exec.v:5565$842 ($le): new $alu
  creating $alu model for $le$/usr/local/src/mylex/nulex/mapper/exec/work/exec.v:5568$822 ($le): merged with $le$/usr/local/src/mylex/nulex/mapper/exec/work/exec.v:5565$821.
  creating $alu model for $le$/usr/local/src/mylex/nulex/mapper/exec/work/exec.v:5568$843 ($le): new $alu
  creating $alu model for $le$/usr/local/src/mylex/nulex/mapper/exec/work/exec.v:5571$823 ($le): new $alu
  creating $alu model for $le$/usr/local/src/mylex/nulex/mapper/exec/work/exec.v:5571$844 ($le): new $alu
  creating $alu model for $le$/usr/local/src/mylex/nulex/mapper/exec/work/exec.v:6845$1364 ($le): new $alu
  creating $alu model for $le$/usr/local/src/mylex/nulex/mapper/exec/work/exec.v:7060$1392 ($le): new $alu
  creating $alu model for $lt$/usr/local/src/mylex/nulex/mapper/exec/work/exec.v:6295$1086 ($lt): new $alu
  creating $alu model for $lt$/usr/local/src/mylex/nulex/mapper/exec/work/exec.v:6295$1100 ($lt): new $alu
  creating $alu model for $lt$/usr/local/src/mylex/nulex/mapper/exec/work/exec.v:7097$1416 ($lt): new $alu
  creating $alu model for $lt$/usr/local/src/mylex/nulex/mapper/exec/work/exec.v:7097$1419 ($lt): new $alu
  creating $alu model for $lt$/usr/local/src/mylex/nulex/mapper/exec/work/exec.v:7312$1550 ($lt): new $alu
  creating $alu model for $lt$/usr/local/src/mylex/nulex/mapper/exec/work/exec.v:7312$1553 ($lt): new $alu
  creating $alu model for $eq$/usr/local/src/mylex/nulex/mapper/exec/work/exec.v:5629$883 ($eq): merged with $sub$/usr/local/src/mylex/nulex/mapper/exec/work/exec.v:5536$793.
  creating $alu model for $eq$/usr/local/src/mylex/nulex/mapper/exec/work/exec.v:7211$1479 ($eq): merged with $ge$/usr/local/src/mylex/nulex/mapper/exec/work/exec.v:6845$1363.
  creating $alu cell for $lt$/usr/local/src/mylex/nulex/mapper/exec/work/exec.v:7312$1553: $auto$alumacc.cc:495:replace_alu$3835
  creating $alu cell for $lt$/usr/local/src/mylex/nulex/mapper/exec/work/exec.v:7312$1550: $auto$alumacc.cc:495:replace_alu$3840
  creating $alu cell for $lt$/usr/local/src/mylex/nulex/mapper/exec/work/exec.v:7097$1419: $auto$alumacc.cc:495:replace_alu$3845
  creating $alu cell for $lt$/usr/local/src/mylex/nulex/mapper/exec/work/exec.v:7097$1416: $auto$alumacc.cc:495:replace_alu$3850
  creating $alu cell for $lt$/usr/local/src/mylex/nulex/mapper/exec/work/exec.v:6295$1100: $auto$alumacc.cc:495:replace_alu$3855
  creating $alu cell for $lt$/usr/local/src/mylex/nulex/mapper/exec/work/exec.v:6295$1086: $auto$alumacc.cc:495:replace_alu$3860
  creating $alu cell for $le$/usr/local/src/mylex/nulex/mapper/exec/work/exec.v:7060$1392: $auto$alumacc.cc:495:replace_alu$3865
  creating $alu cell for $le$/usr/local/src/mylex/nulex/mapper/exec/work/exec.v:6845$1364: $auto$alumacc.cc:495:replace_alu$3874
  creating $alu cell for $le$/usr/local/src/mylex/nulex/mapper/exec/work/exec.v:5571$844: $auto$alumacc.cc:495:replace_alu$3883
  creating $alu cell for $le$/usr/local/src/mylex/nulex/mapper/exec/work/exec.v:5571$823: $auto$alumacc.cc:495:replace_alu$3892
  creating $alu cell for $le$/usr/local/src/mylex/nulex/mapper/exec/work/exec.v:5568$843: $auto$alumacc.cc:495:replace_alu$3901
  creating $alu cell for $le$/usr/local/src/mylex/nulex/mapper/exec/work/exec.v:5565$842: $auto$alumacc.cc:495:replace_alu$3910
  creating $alu cell for $le$/usr/local/src/mylex/nulex/mapper/exec/work/exec.v:5565$821, $le$/usr/local/src/mylex/nulex/mapper/exec/work/exec.v:5568$822: $auto$alumacc.cc:495:replace_alu$3919
  creating $alu cell for $le$/usr/local/src/mylex/nulex/mapper/exec/work/exec.v:5437$606: $auto$alumacc.cc:495:replace_alu$3930
  creating $alu cell for $ge$/usr/local/src/mylex/nulex/mapper/exec/work/exec.v:7312$1552: $auto$alumacc.cc:495:replace_alu$3939
  creating $alu cell for $ge$/usr/local/src/mylex/nulex/mapper/exec/work/exec.v:7312$1549: $auto$alumacc.cc:495:replace_alu$3952
  creating $alu cell for $ge$/usr/local/src/mylex/nulex/mapper/exec/work/exec.v:6845$1363, $eq$/usr/local/src/mylex/nulex/mapper/exec/work/exec.v:7211$1479: $auto$alumacc.cc:495:replace_alu$3965
  creating $alu cell for $ge$/usr/local/src/mylex/nulex/mapper/exec/work/exec.v:6295$1099: $auto$alumacc.cc:495:replace_alu$3978
  creating $alu cell for $ge$/usr/local/src/mylex/nulex/mapper/exec/work/exec.v:6295$1085: $auto$alumacc.cc:495:replace_alu$3991
  creating $alu cell for $ge$/usr/local/src/mylex/nulex/mapper/exec/work/exec.v:5562$841: $auto$alumacc.cc:495:replace_alu$4004
  creating $alu cell for $ge$/usr/local/src/mylex/nulex/mapper/exec/work/exec.v:5562$820: $auto$alumacc.cc:495:replace_alu$4019
  creating $alu cell for $add$/usr/local/src/mylex/nulex/mapper/exec/work/exec.v:5459$626: $auto$alumacc.cc:495:replace_alu$4034
  creating $alu cell for $add$/usr/local/src/mylex/nulex/mapper/exec/work/exec.v:5459$632: $auto$alumacc.cc:495:replace_alu$4037
  creating $alu cell for $add$/usr/local/src/mylex/nulex/mapper/exec/work/exec.v:5554$835: $auto$alumacc.cc:495:replace_alu$4040
  creating $alu cell for $add$/usr/local/src/mylex/nulex/mapper/exec/work/exec.v:5709$936: $auto$alumacc.cc:495:replace_alu$4043
  creating $alu cell for $add$/usr/local/src/mylex/nulex/mapper/exec/work/exec.v:7071$1397: $auto$alumacc.cc:495:replace_alu$4046
  creating $alu cell for $add$/usr/local/src/mylex/nulex/mapper/exec/work/exec.v:7192$1471: $auto$alumacc.cc:495:replace_alu$4049
  creating $alu cell for $add$/usr/local/src/mylex/nulex/mapper/exec/work/exec.v:7353$1572: $auto$alumacc.cc:495:replace_alu$4052
  creating $alu cell for $flatten\execute.alu_unit.g_blocks[0].muldiv_unit.serial_div.$neg$/usr/local/src/mylex/nulex/mapper/exec/work/exec.v:3713$1725: $auto$alumacc.cc:495:replace_alu$4055
  creating $alu cell for $flatten\execute.alu_unit.g_blocks[0].muldiv_unit.serial_div.$neg$/usr/local/src/mylex/nulex/mapper/exec/work/exec.v:3713$1732: $auto$alumacc.cc:495:replace_alu$4058
  creating $alu cell for $flatten\execute.alu_unit.g_blocks[0].muldiv_unit.serial_div.$neg$/usr/local/src/mylex/nulex/mapper/exec/work/exec.v:3714$1727: $auto$alumacc.cc:495:replace_alu$4061
  creating $alu cell for $flatten\execute.alu_unit.g_blocks[0].muldiv_unit.serial_div.$neg$/usr/local/src/mylex/nulex/mapper/exec/work/exec.v:3714$1734: $auto$alumacc.cc:495:replace_alu$4064
  creating $alu cell for $flatten\execute.alu_unit.g_blocks[0].muldiv_unit.serial_div.$neg$/usr/local/src/mylex/nulex/mapper/exec/work/exec.v:3756$1751: $auto$alumacc.cc:495:replace_alu$4067
  creating $alu cell for $flatten\execute.alu_unit.g_blocks[0].muldiv_unit.serial_div.$neg$/usr/local/src/mylex/nulex/mapper/exec/work/exec.v:3756$1755: $auto$alumacc.cc:495:replace_alu$4070
  creating $alu cell for $flatten\execute.alu_unit.g_blocks[0].muldiv_unit.serial_div.$neg$/usr/local/src/mylex/nulex/mapper/exec/work/exec.v:3757$1753: $auto$alumacc.cc:495:replace_alu$4073
  creating $alu cell for $flatten\execute.alu_unit.g_blocks[0].muldiv_unit.serial_div.$neg$/usr/local/src/mylex/nulex/mapper/exec/work/exec.v:3757$1757: $auto$alumacc.cc:495:replace_alu$4076
  creating $alu cell for $flatten\execute.alu_unit.g_blocks[0].muldiv_unit.serial_div.$sub$/usr/local/src/mylex/nulex/mapper/exec/work/exec.v:3715$1729: $auto$alumacc.cc:495:replace_alu$4079
  creating $alu cell for $flatten\execute.alu_unit.g_blocks[0].muldiv_unit.serial_div.$sub$/usr/local/src/mylex/nulex/mapper/exec/work/exec.v:3715$1736: $auto$alumacc.cc:495:replace_alu$4082
  creating $alu cell for $flatten\execute.alu_unit.g_blocks[0].muldiv_unit.serial_div.$sub$/usr/local/src/mylex/nulex/mapper/exec/work/exec.v:3731$1722: $auto$alumacc.cc:495:replace_alu$4085
  creating $alu cell for $flatten\execute.lsu_unit.g_blocks[0].lsu_slice.g_full_addr[0].lsu_agu.$add$/usr/local/src/mylex/nulex/mapper/exec/work/exec.v:4522$254: $auto$alumacc.cc:495:replace_alu$4088
  creating $alu cell for $flatten\execute.lsu_unit.g_blocks[0].lsu_slice.g_full_addr[0].lsu_agu.$add$/usr/local/src/mylex/nulex/mapper/exec/work/exec.v:4523$255: $auto$alumacc.cc:495:replace_alu$4091
  creating $alu cell for $flatten\execute.lsu_unit.g_blocks[0].lsu_slice.g_full_addr[1].lsu_agu.$add$/usr/local/src/mylex/nulex/mapper/exec/work/exec.v:4522$254: $auto$alumacc.cc:495:replace_alu$4094
  creating $alu cell for $flatten\execute.lsu_unit.g_blocks[0].lsu_slice.g_full_addr[1].lsu_agu.$add$/usr/local/src/mylex/nulex/mapper/exec/work/exec.v:4523$255: $auto$alumacc.cc:495:replace_alu$4097
  creating $alu cell for $neg$/usr/local/src/mylex/nulex/mapper/exec/work/exec.v:6370$1165: $auto$alumacc.cc:495:replace_alu$4100
  creating $alu cell for $neg$/usr/local/src/mylex/nulex/mapper/exec/work/exec.v:6370$1195: $auto$alumacc.cc:495:replace_alu$4103
  creating $alu cell for $neg$/usr/local/src/mylex/nulex/mapper/exec/work/exec.v:6372$1172: $auto$alumacc.cc:495:replace_alu$4106
  creating $alu cell for $neg$/usr/local/src/mylex/nulex/mapper/exec/work/exec.v:6372$1202: $auto$alumacc.cc:495:replace_alu$4109
  creating $alu cell for $neg$/usr/local/src/mylex/nulex/mapper/exec/work/exec.v:6373$1175: $auto$alumacc.cc:495:replace_alu$4112
  creating $alu cell for $neg$/usr/local/src/mylex/nulex/mapper/exec/work/exec.v:6373$1205: $auto$alumacc.cc:495:replace_alu$4115
  creating $alu cell for $sub$/usr/local/src/mylex/nulex/mapper/exec/work/exec.v:5467$640: $auto$alumacc.cc:495:replace_alu$4118
  creating $alu cell for $sub$/usr/local/src/mylex/nulex/mapper/exec/work/exec.v:5467$648: $auto$alumacc.cc:495:replace_alu$4121
  creating $alu cell for $sub$/usr/local/src/mylex/nulex/mapper/exec/work/exec.v:5536$769: $auto$alumacc.cc:495:replace_alu$4124
  creating $alu cell for $sub$/usr/local/src/mylex/nulex/mapper/exec/work/exec.v:5536$793, $eq$/usr/local/src/mylex/nulex/mapper/exec/work/exec.v:5629$883: $auto$alumacc.cc:495:replace_alu$4127
  creating $alu cell for $sub$/usr/local/src/mylex/nulex/mapper/exec/work/exec.v:5553$813: $auto$alumacc.cc:495:replace_alu$4132
  creating $alu cell for $sub$/usr/local/src/mylex/nulex/mapper/exec/work/exec.v:5553$834: $auto$alumacc.cc:495:replace_alu$4135
  creating $alu cell for $sub$/usr/local/src/mylex/nulex/mapper/exec/work/exec.v:7091$1414: $auto$alumacc.cc:495:replace_alu$4138
  created 56 $alu and 2 $macc cells.

3.14. Executing SHARE pass (SAT-based resource sharing).
Found 4 cells in module exec_top that may be considered for resource sharing.
  Analyzing resource sharing options for $sshr$/usr/local/src/mylex/nulex/mapper/exec/work/exec.v:5477$683 ($sshr):
    Found 1 activation_patterns using ctrl signal { $procmux$3191_CTRL $procmux$2989_CMP $eq$/usr/local/src/mylex/nulex/mapper/exec/work/exec.v:5585$862_Y }.
    Found 1 candidates: $sshr$/usr/local/src/mylex/nulex/mapper/exec/work/exec.v:5477$663
    Analyzing resource sharing with $sshr$/usr/local/src/mylex/nulex/mapper/exec/work/exec.v:5477$663 ($sshr):
      Found 1 activation_patterns using ctrl signal { $procmux$3191_CTRL $procmux$2989_CMP $eq$/usr/local/src/mylex/nulex/mapper/exec/work/exec.v:5585$862_Y }.
      Activation pattern for cell $sshr$/usr/local/src/mylex/nulex/mapper/exec/work/exec.v:5477$683: { $procmux$3191_CTRL $procmux$2989_CMP $eq$/usr/local/src/mylex/nulex/mapper/exec/work/exec.v:5585$862_Y } = 3'010
      Activation pattern for cell $sshr$/usr/local/src/mylex/nulex/mapper/exec/work/exec.v:5477$663: { $procmux$3191_CTRL $procmux$2989_CMP $eq$/usr/local/src/mylex/nulex/mapper/exec/work/exec.v:5585$862_Y } = 3'010
      Size of SAT problem: 8 cells, 79 variables, 199 clauses
      According to the SAT solver this pair of cells can not be shared.
      Model from SAT solver: { $procmux$3191_CTRL $procmux$2989_CMP $eq$/usr/local/src/mylex/nulex/mapper/exec/work/exec.v:5585$862_Y } = 3'010
  Analyzing resource sharing options for $sshr$/usr/local/src/mylex/nulex/mapper/exec/work/exec.v:5477$663 ($sshr):
    Found 1 activation_patterns using ctrl signal { $procmux$3191_CTRL $procmux$2989_CMP $eq$/usr/local/src/mylex/nulex/mapper/exec/work/exec.v:5585$862_Y }.
    No candidates found.
  Analyzing resource sharing options for $shl$/usr/local/src/mylex/nulex/mapper/exec/work/exec.v:5491$709 ($shl):
    Found 1 activation_patterns using ctrl signal { $procmux$3031_CMP $procmux$2988_CMP $eq$/usr/local/src/mylex/nulex/mapper/exec/work/exec.v:5585$862_Y }.
    Found 1 candidates: $shl$/usr/local/src/mylex/nulex/mapper/exec/work/exec.v:5491$698
    Analyzing resource sharing with $shl$/usr/local/src/mylex/nulex/mapper/exec/work/exec.v:5491$698 ($shl):
      Found 1 activation_patterns using ctrl signal { $procmux$3031_CMP $procmux$2988_CMP $eq$/usr/local/src/mylex/nulex/mapper/exec/work/exec.v:5585$862_Y }.
      Activation pattern for cell $shl$/usr/local/src/mylex/nulex/mapper/exec/work/exec.v:5491$709: { $procmux$3031_CMP $procmux$2988_CMP $eq$/usr/local/src/mylex/nulex/mapper/exec/work/exec.v:5585$862_Y } = 3'110
      Activation pattern for cell $shl$/usr/local/src/mylex/nulex/mapper/exec/work/exec.v:5491$698: { $procmux$3031_CMP $procmux$2988_CMP $eq$/usr/local/src/mylex/nulex/mapper/exec/work/exec.v:5585$862_Y } = 3'110
      Size of SAT problem: 6 cells, 67 variables, 167 clauses
      According to the SAT solver this pair of cells can not be shared.
      Model from SAT solver: { $procmux$3031_CMP $procmux$2988_CMP $eq$/usr/local/src/mylex/nulex/mapper/exec/work/exec.v:5585$862_Y } = 3'110
  Analyzing resource sharing options for $shl$/usr/local/src/mylex/nulex/mapper/exec/work/exec.v:5491$698 ($shl):
    Found 1 activation_patterns using ctrl signal { $procmux$3031_CMP $procmux$2988_CMP $eq$/usr/local/src/mylex/nulex/mapper/exec/work/exec.v:5585$862_Y }.
    No candidates found.

3.15. Executing OPT pass (performing simple optimizations).

3.15.1. Executing OPT_EXPR pass (perform const folding).
Optimizing module exec_top.
<suppressed ~7 debug messages>

3.15.2. Executing OPT_MERGE pass (detect identical cells).
Finding identical cells in module `\exec_top'.
<suppressed ~3 debug messages>
Removed a total of 1 cells.

3.15.3. Executing OPT_MUXTREE pass (detect dead branches in mux trees).
Running muxtree optimizer on module \exec_top..
  Creating internal representation of mux trees.
  Evaluating internal representation of mux trees.
  Analyzing evaluation results.
Removed 0 multiplexer ports.
<suppressed ~207 debug messages>

3.15.4. Executing OPT_REDUCE pass (consolidate $*mux and $reduce_* inputs).
  Optimizing cells in module \exec_top.
Performed a total of 0 changes.

3.15.5. Executing OPT_MERGE pass (detect identical cells).
Finding identical cells in module `\exec_top'.
<suppressed ~3 debug messages>
Removed a total of 1 cells.

3.15.6. Executing OPT_DFF pass (perform DFF optimizations).

3.15.7. Executing OPT_CLEAN pass (remove unused cells and wires).
Finding unused cells or wires in module \exec_top..
Removed 0 unused cells and 35 unused wires.
<suppressed ~2 debug messages>

3.15.8. Executing OPT_EXPR pass (perform const folding).
Optimizing module exec_top.

3.15.9. Rerunning OPT passes. (Maybe there is more to do..)

3.15.10. Executing OPT_MUXTREE pass (detect dead branches in mux trees).
Running muxtree optimizer on module \exec_top..
  Creating internal representation of mux trees.
  Evaluating internal representation of mux trees.
  Analyzing evaluation results.
Removed 0 multiplexer ports.
<suppressed ~207 debug messages>

3.15.11. Executing OPT_REDUCE pass (consolidate $*mux and $reduce_* inputs).
  Optimizing cells in module \exec_top.
    New ctrl vector for $pmux cell $procmux$3084: { $procmux$3052_CMP $auto$opt_reduce.cc:137:opt_pmux$4144 $procmux$3031_CMP }
  Optimizing cells in module \exec_top.
Performed a total of 1 changes.

3.15.12. Executing OPT_MERGE pass (detect identical cells).
Finding identical cells in module `\exec_top'.
Removed a total of 0 cells.

3.15.13. Executing OPT_DFF pass (perform DFF optimizations).

3.15.14. Executing OPT_CLEAN pass (remove unused cells and wires).
Finding unused cells or wires in module \exec_top..

3.15.15. Executing OPT_EXPR pass (perform const folding).
Optimizing module exec_top.

3.15.16. Rerunning OPT passes. (Maybe there is more to do..)

3.15.17. Executing OPT_MUXTREE pass (detect dead branches in mux trees).
Running muxtree optimizer on module \exec_top..
  Creating internal representation of mux trees.
  Evaluating internal representation of mux trees.
  Analyzing evaluation results.
Removed 0 multiplexer ports.
<suppressed ~206 debug messages>

3.15.18. Executing OPT_REDUCE pass (consolidate $*mux and $reduce_* inputs).
  Optimizing cells in module \exec_top.
Performed a total of 0 changes.

3.15.19. Executing OPT_MERGE pass (detect identical cells).
Finding identical cells in module `\exec_top'.
Removed a total of 0 cells.

3.15.20. Executing OPT_DFF pass (perform DFF optimizations).

3.15.21. Executing OPT_CLEAN pass (remove unused cells and wires).
Finding unused cells or wires in module \exec_top..

3.15.22. Executing OPT_EXPR pass (perform const folding).
Optimizing module exec_top.

3.15.23. Finished fast OPT passes. (There is nothing left to do.)

3.16. Executing MEMORY pass.

3.16.1. Executing OPT_MEM pass (optimize memories).
Performed a total of 0 transformations.

3.16.2. Executing OPT_MEM_PRIORITY pass (removing unnecessary memory write priority relations).
Performed a total of 0 transformations.

3.16.3. Executing OPT_MEM_FEEDBACK pass (finding memory read-to-write feedback paths).

3.16.4. Executing MEMORY_BMUX2ROM pass (converting muxes to ROMs).

3.16.5. Executing MEMORY_DFF pass (merging $dff cells to $memrd).
Checking read port `$flatten\execute.sfu_unit.wctl_unit.__pop_count_ex117.\genblk1.g_popcount3.pc32.$auto$proc_rom.cc:155:do_switch$1900'[0] in module `\exec_top': no output FF found.
Checking read port `$flatten\execute.sfu_unit.wctl_unit.__pop_count_ex118.\genblk1.g_popcount3.pc32.$auto$proc_rom.cc:155:do_switch$1900'[0] in module `\exec_top': no output FF found.
Checking read port address `$flatten\execute.sfu_unit.wctl_unit.__pop_count_ex117.\genblk1.g_popcount3.pc32.$auto$proc_rom.cc:155:do_switch$1900'[0] in module `\exec_top': no address FF found.
Checking read port address `$flatten\execute.sfu_unit.wctl_unit.__pop_count_ex118.\genblk1.g_popcount3.pc32.$auto$proc_rom.cc:155:do_switch$1900'[0] in module `\exec_top': no address FF found.

3.16.6. Executing OPT_CLEAN pass (remove unused cells and wires).
Finding unused cells or wires in module \exec_top..

3.16.7. Executing MEMORY_SHARE pass (consolidating $memrd/$memwr cells).

3.16.8. Executing OPT_MEM_WIDEN pass (optimize memories where all ports are wide).
Performed a total of 0 transformations.

3.16.9. Executing OPT_CLEAN pass (remove unused cells and wires).
Finding unused cells or wires in module \exec_top..

3.16.10. Executing MEMORY_COLLECT pass (generating $mem cells).

3.17. Executing OPT_CLEAN pass (remove unused cells and wires).
Finding unused cells or wires in module \exec_top..

3.18. Executing OPT pass (performing simple optimizations).

3.18.1. Executing OPT_EXPR pass (perform const folding).
Optimizing module exec_top.
<suppressed ~150 debug messages>

3.18.2. Executing OPT_MERGE pass (detect identical cells).
Finding identical cells in module `\exec_top'.
<suppressed ~34 debug messages>
Removed a total of 10 cells.

3.18.3. Executing OPT_DFF pass (perform DFF optimizations).

3.18.4. Executing OPT_CLEAN pass (remove unused cells and wires).
Finding unused cells or wires in module \exec_top..
Removed 26 unused cells and 91 unused wires.
<suppressed ~28 debug messages>

3.18.5. Finished fast OPT passes.

3.19. Executing MEMORY_MAP pass (converting memories to logic and flip-flops).
Mapping memory $flatten\execute.sfu_unit.wctl_unit.__pop_count_ex117.\genblk1.g_popcount3.pc32.$auto$proc_rom.cc:155:do_switch$1900 in module \exec_top:
  created 8 $dff cells and 0 static cells of width 2.
  read interface: 0 $dff and 7 $mux cells.
  write interface: 0 write mux blocks.
Mapping memory $flatten\execute.sfu_unit.wctl_unit.__pop_count_ex118.\genblk1.g_popcount3.pc32.$auto$proc_rom.cc:155:do_switch$1900 in module \exec_top:
  created 8 $dff cells and 0 static cells of width 2.
  read interface: 0 $dff and 7 $mux cells.
  write interface: 0 write mux blocks.

3.20. Executing OPT pass (performing simple optimizations).

3.20.1. Executing OPT_EXPR pass (perform const folding).
Optimizing module exec_top.
<suppressed ~2 debug messages>

3.20.2. Executing OPT_MERGE pass (detect identical cells).
Finding identical cells in module `\exec_top'.
Removed a total of 0 cells.

3.20.3. Executing OPT_MUXTREE pass (detect dead branches in mux trees).
Running muxtree optimizer on module \exec_top..
  Creating internal representation of mux trees.
  Evaluating internal representation of mux trees.
  Analyzing evaluation results.
    dead port 1/2 on $mux $memory$flatten\execute.sfu_unit.wctl_unit.__pop_count_ex118.\genblk1.g_popcount3.pc32.$auto$proc_rom.cc:155:do_switch$1900$rdmux[0][1][1]$4300.
    dead port 2/2 on $mux $memory$flatten\execute.sfu_unit.wctl_unit.__pop_count_ex118.\genblk1.g_popcount3.pc32.$auto$proc_rom.cc:155:do_switch$1900$rdmux[0][1][1]$4300.
    dead port 1/2 on $mux $memory$flatten\execute.sfu_unit.wctl_unit.__pop_count_ex118.\genblk1.g_popcount3.pc32.$auto$proc_rom.cc:155:do_switch$1900$rdmux[0][2][2]$4309.
    dead port 2/2 on $mux $memory$flatten\execute.sfu_unit.wctl_unit.__pop_count_ex118.\genblk1.g_popcount3.pc32.$auto$proc_rom.cc:155:do_switch$1900$rdmux[0][2][2]$4309.
    dead port 1/2 on $mux $memory$flatten\execute.sfu_unit.wctl_unit.__pop_count_ex117.\genblk1.g_popcount3.pc32.$auto$proc_rom.cc:155:do_switch$1900$rdmux[0][2][2]$4288.
    dead port 2/2 on $mux $memory$flatten\execute.sfu_unit.wctl_unit.__pop_count_ex117.\genblk1.g_popcount3.pc32.$auto$proc_rom.cc:155:do_switch$1900$rdmux[0][2][2]$4288.
    dead port 1/2 on $mux $memory$flatten\execute.sfu_unit.wctl_unit.__pop_count_ex117.\genblk1.g_popcount3.pc32.$auto$proc_rom.cc:155:do_switch$1900$rdmux[0][1][1]$4279.
    dead port 2/2 on $mux $memory$flatten\execute.sfu_unit.wctl_unit.__pop_count_ex117.\genblk1.g_popcount3.pc32.$auto$proc_rom.cc:155:do_switch$1900$rdmux[0][1][1]$4279.
    dead port 1/2 on $mux $memory$flatten\execute.sfu_unit.wctl_unit.__pop_count_ex117.\genblk1.g_popcount3.pc32.$auto$proc_rom.cc:155:do_switch$1900$rdmux[0][2][3]$4291.
    dead port 2/2 on $mux $memory$flatten\execute.sfu_unit.wctl_unit.__pop_count_ex117.\genblk1.g_popcount3.pc32.$auto$proc_rom.cc:155:do_switch$1900$rdmux[0][2][3]$4291.
    dead port 1/2 on $mux $memory$flatten\execute.sfu_unit.wctl_unit.__pop_count_ex118.\genblk1.g_popcount3.pc32.$auto$proc_rom.cc:155:do_switch$1900$rdmux[0][2][3]$4312.
    dead port 2/2 on $mux $memory$flatten\execute.sfu_unit.wctl_unit.__pop_count_ex118.\genblk1.g_popcount3.pc32.$auto$proc_rom.cc:155:do_switch$1900$rdmux[0][2][3]$4312.
Removed 12 multiplexer ports.
<suppressed ~198 debug messages>

3.20.4. Executing OPT_REDUCE pass (consolidate $*mux and $reduce_* inputs).
  Optimizing cells in module \exec_top.
    Consolidated identical input bits for $mux cell $memory$flatten\execute.sfu_unit.wctl_unit.__pop_count_ex117.\genblk1.g_popcount3.pc32.$auto$proc_rom.cc:155:do_switch$1900$rdmux[0][2][0]$4282:
      Old ports: A=2'00, B=2'01, Y=$memory$flatten\execute.sfu_unit.wctl_unit.__pop_count_ex117.\genblk1.g_popcount3.pc32.$auto$proc_rom.cc:155:do_switch$1900$rdmux[0][1][0]$a$4277
      New ports: A=1'0, B=1'1, Y=$memory$flatten\execute.sfu_unit.wctl_unit.__pop_count_ex117.\genblk1.g_popcount3.pc32.$auto$proc_rom.cc:155:do_switch$1900$rdmux[0][1][0]$a$4277 [0]
      New connections: $memory$flatten\execute.sfu_unit.wctl_unit.__pop_count_ex117.\genblk1.g_popcount3.pc32.$auto$proc_rom.cc:155:do_switch$1900$rdmux[0][1][0]$a$4277 [1] = 1'0
    Consolidated identical input bits for $mux cell $memory$flatten\execute.sfu_unit.wctl_unit.__pop_count_ex118.\genblk1.g_popcount3.pc32.$auto$proc_rom.cc:155:do_switch$1900$rdmux[0][2][0]$4303:
      Old ports: A=2'00, B=2'01, Y=$memory$flatten\execute.sfu_unit.wctl_unit.__pop_count_ex118.\genblk1.g_popcount3.pc32.$auto$proc_rom.cc:155:do_switch$1900$rdmux[0][1][0]$a$4298
      New ports: A=1'0, B=1'1, Y=$memory$flatten\execute.sfu_unit.wctl_unit.__pop_count_ex118.\genblk1.g_popcount3.pc32.$auto$proc_rom.cc:155:do_switch$1900$rdmux[0][1][0]$a$4298 [0]
      New connections: $memory$flatten\execute.sfu_unit.wctl_unit.__pop_count_ex118.\genblk1.g_popcount3.pc32.$auto$proc_rom.cc:155:do_switch$1900$rdmux[0][1][0]$a$4298 [1] = 1'0
    Consolidated identical input bits for $mux cell $flatten\execute.alu_unit.g_blocks[0].muldiv_unit.serial_div.$ternary$/usr/local/src/mylex/nulex/mapper/exec/work/exec.v:3747$1743:
      Old ports: A={ \execute.alu_unit.g_blocks[0].muldiv_unit.serial_div.sub_result [31:0] \execute.alu_unit.g_blocks[0].muldiv_unit.serial_div.working [31:0] 1'1 }, B={ \execute.alu_unit.g_blocks[0].muldiv_unit.serial_div.working [63:0] 1'0 }, Y=$auto$wreduce.cc:514:run$3792
      New ports: A={ \execute.alu_unit.g_blocks[0].muldiv_unit.serial_div.sub_result [31:0] 1'1 }, B={ \execute.alu_unit.g_blocks[0].muldiv_unit.serial_div.working [63:32] 1'0 }, Y={ $auto$wreduce.cc:514:run$3792 [64:33] $auto$wreduce.cc:514:run$3792 [0] }
      New connections: $auto$wreduce.cc:514:run$3792 [32:1] = \execute.alu_unit.g_blocks[0].muldiv_unit.serial_div.working [31:0]
    Consolidated identical input bits for $mux cell $flatten\execute.alu_unit.g_blocks[0].muldiv_unit.serial_div.$ternary$/usr/local/src/mylex/nulex/mapper/exec/work/exec.v:3747$1750:
      Old ports: A={ \execute.alu_unit.g_blocks[0].muldiv_unit.serial_div.sub_result [64:33] \execute.alu_unit.g_blocks[0].muldiv_unit.serial_div.working [96:65] 1'1 }, B={ \execute.alu_unit.g_blocks[0].muldiv_unit.serial_div.working [128:65] 1'0 }, Y=$auto$wreduce.cc:514:run$3793
      New ports: A={ \execute.alu_unit.g_blocks[0].muldiv_unit.serial_div.sub_result [64:33] 1'1 }, B={ \execute.alu_unit.g_blocks[0].muldiv_unit.serial_div.working [128:97] 1'0 }, Y={ $auto$wreduce.cc:514:run$3793 [64:33] $auto$wreduce.cc:514:run$3793 [0] }
      New connections: $auto$wreduce.cc:514:run$3793 [32:1] = \execute.alu_unit.g_blocks[0].muldiv_unit.serial_div.working [96:65]
    Consolidated identical input bits for $mux cell $flatten\execute.alu_unit.g_blocks[0].pe_switch.rsp_arb.\g_input_select.g_arbiter.arbiter.\genblk1.g_round_robin.rr_arbiter.$procmux$1925:
      Old ports: A={ \execute.alu_unit.g_blocks[0].alu_int.rsp_buf.genblk1.g_eb1.pipe_buffer.g_register.g_pipe_regs[0].pipe_register.g_pipe.pipe [150] 1'0 }, B={ \execute.alu_unit.g_blocks[0].pe_switch.rsp_arb.g_input_select.g_arbiter.arbiter.genblk1.g_round_robin.rr_arbiter.genblk1.genblk1.genblk1.genblk1.genblk1.genblk1.genblk1.genblk1.g_model1.masked_reqs [0] 1'0 }, Y=$flatten\execute.alu_unit.g_blocks[0].pe_switch.rsp_arb.\g_input_select.g_arbiter.arbiter.\genblk1.g_round_robin.rr_arbiter.$procmux$1925_Y
      New ports: A=\execute.alu_unit.g_blocks[0].alu_int.rsp_buf.genblk1.g_eb1.pipe_buffer.g_register.g_pipe_regs[0].pipe_register.g_pipe.pipe [150], B=\execute.alu_unit.g_blocks[0].pe_switch.rsp_arb.g_input_select.g_arbiter.arbiter.genblk1.g_round_robin.rr_arbiter.genblk1.genblk1.genblk1.genblk1.genblk1.genblk1.genblk1.genblk1.g_model1.masked_reqs [0], Y=$flatten\execute.alu_unit.g_blocks[0].pe_switch.rsp_arb.\g_input_select.g_arbiter.arbiter.\genblk1.g_round_robin.rr_arbiter.$procmux$1925_Y [1]
      New connections: $flatten\execute.alu_unit.g_blocks[0].pe_switch.rsp_arb.\g_input_select.g_arbiter.arbiter.\genblk1.g_round_robin.rr_arbiter.$procmux$1925_Y [0] = 1'0
    Consolidated identical input bits for $mux cell $flatten\execute.sfu_unit.pe_switch.rsp_arb.\g_input_select.g_arbiter.arbiter.\genblk1.g_round_robin.rr_arbiter.$procmux$1925:
      Old ports: A={ \execute.sfu_unit.wctl_unit.rsp_buf.genblk1.genblk1.g_eb2.stream_buffer.g_buffer.valid_out_r 1'0 }, B={ \execute.sfu_unit.pe_switch.rsp_arb.g_input_select.g_arbiter.arbiter.genblk1.g_round_robin.rr_arbiter.genblk1.genblk1.genblk1.genblk1.genblk1.genblk1.genblk1.genblk1.g_model1.masked_reqs [0] 1'0 }, Y=$flatten\execute.sfu_unit.pe_switch.rsp_arb.\g_input_select.g_arbiter.arbiter.\genblk1.g_round_robin.rr_arbiter.$procmux$1925_Y
      New ports: A=\execute.sfu_unit.wctl_unit.rsp_buf.genblk1.genblk1.g_eb2.stream_buffer.g_buffer.valid_out_r, B=\execute.sfu_unit.pe_switch.rsp_arb.g_input_select.g_arbiter.arbiter.genblk1.g_round_robin.rr_arbiter.genblk1.genblk1.genblk1.genblk1.genblk1.genblk1.genblk1.genblk1.g_model1.masked_reqs [0], Y=$flatten\execute.sfu_unit.pe_switch.rsp_arb.\g_input_select.g_arbiter.arbiter.\genblk1.g_round_robin.rr_arbiter.$procmux$1925_Y [1]
      New connections: $flatten\execute.sfu_unit.pe_switch.rsp_arb.\g_input_select.g_arbiter.arbiter.\genblk1.g_round_robin.rr_arbiter.$procmux$1925_Y [0] = 1'0
    Consolidated identical input bits for $pmux cell $procmux$1945:
      Old ports: A={ $or$/usr/local/src/mylex/nulex/mapper/exec/work/exec.v:7376$1626_Y $or$/usr/local/src/mylex/nulex/mapper/exec/work/exec.v:7376$1626_Y }, B={ 94'0000000000000000000000000000000100000000000000000000000000000000000000000000000000000000000000 \execute.sfu_unit.lane_dispatch.g_blocks[0].buf_out.genblk1.genblk1.g_eb2.stream_buffer.g_buffer.data_out_r [271] 31'1000000000000000000000000000000 \execute.sfu_unit.lane_dispatch.g_blocks[0].buf_out.genblk1.genblk1.g_eb2.stream_buffer.g_buffer.data_out_r [271] 193'0000000000000000000000000000000xx000000000000000000000000000000xx000000000000000000000000000000xx000000000000000000000000000000xx000000000000000000000000000000xx000000000000000000000000000000xx }, Y=\execute.sfu_unit.csr_unit.csr_read_data
      New ports: A={ $or$/usr/local/src/mylex/nulex/mapper/exec/work/exec.v:7376$1626_Y [0] $or$/usr/local/src/mylex/nulex/mapper/exec/work/exec.v:7376$1626_Y }, B={ 64'1000000000000000000000000000000001000000000000000000000000000000 \execute.sfu_unit.lane_dispatch.g_blocks[0].buf_out.genblk1.genblk1.g_eb2.stream_buffer.g_buffer.data_out_r [271] 100'0x000000000000000000000000000000xxx000000000000000000000000000000xxx000000000000000000000000000000xx }, Y=\execute.sfu_unit.csr_unit.csr_read_data [32:0]
      New connections: \execute.sfu_unit.csr_unit.csr_read_data [63:33] = \execute.sfu_unit.csr_unit.csr_read_data [31:1]
    New ctrl vector for $pmux cell $procmux$1945: { $procmux$1950_CMP $procmux$1949_CMP $auto$opt_reduce.cc:137:opt_pmux$4316 }
    Consolidated identical input bits for $pmux cell $procmux$3089:
      Old ports: A={ 31'0000000000000000000000000000000 \execute.alu_unit.g_blocks[0].alu_int.vote_all }, B={ 31'0000000000000000000000000000000 \execute.alu_unit.g_blocks[0].alu_int.has_vote_true 31'0000000000000000000000000000000 \execute.alu_unit.g_blocks[0].alu_int.vote_uni 30'000000000000000000000000000000 \execute.alu_unit.g_blocks[0].alu_int.vote_true }, Y=\execute.alu_unit.g_blocks[0].alu_int.vote_result [63:32]
      New ports: A={ 1'0 \execute.alu_unit.g_blocks[0].alu_int.vote_all }, B={ 1'0 \execute.alu_unit.g_blocks[0].alu_int.has_vote_true 1'0 \execute.alu_unit.g_blocks[0].alu_int.vote_uni \execute.alu_unit.g_blocks[0].alu_int.vote_true }, Y=\execute.alu_unit.g_blocks[0].alu_int.vote_result [33:32]
      New connections: \execute.alu_unit.g_blocks[0].alu_int.vote_result [63:34] = 30'000000000000000000000000000000
    Consolidated identical input bits for $mux cell $ternary$/usr/local/src/mylex/nulex/mapper/exec/work/exec.v:5683$911:
      Old ports: A=4'1011, B=4'0011, Y=\execute.alu_unit.g_blocks[0].alu_int.br_trap_cause
      New ports: A=1'1, B=1'0, Y=\execute.alu_unit.g_blocks[0].alu_int.br_trap_cause [3]
      New connections: \execute.alu_unit.g_blocks[0].alu_int.br_trap_cause [2:0] = 3'011
  Optimizing cells in module \exec_top.
Performed a total of 10 changes.

3.20.5. Executing OPT_MERGE pass (detect identical cells).
Finding identical cells in module `\exec_top'.
Removed a total of 0 cells.

3.20.6. Executing OPT_SHARE pass.

3.20.7. Executing OPT_DFF pass (perform DFF optimizations).

3.20.8. Executing OPT_CLEAN pass (remove unused cells and wires).
Finding unused cells or wires in module \exec_top..
Removed 0 unused cells and 24 unused wires.
<suppressed ~1 debug messages>

3.20.9. Executing OPT_EXPR pass (perform const folding).
Optimizing module exec_top.
<suppressed ~3 debug messages>

3.20.10. Rerunning OPT passes. (Maybe there is more to do..)

3.20.11. Executing OPT_MUXTREE pass (detect dead branches in mux trees).
Running muxtree optimizer on module \exec_top..
  Creating internal representation of mux trees.
  Evaluating internal representation of mux trees.
  Analyzing evaluation results.
Removed 0 multiplexer ports.
<suppressed ~194 debug messages>

3.20.12. Executing OPT_REDUCE pass (consolidate $*mux and $reduce_* inputs).
  Optimizing cells in module \exec_top.
Performed a total of 0 changes.

3.20.13. Executing OPT_MERGE pass (detect identical cells).
Finding identical cells in module `\exec_top'.
Removed a total of 0 cells.

3.20.14. Executing OPT_SHARE pass.

3.20.15. Executing OPT_DFF pass (perform DFF optimizations).
Setting constant 1-bit at position 0 on $flatten\execute.alu_unit.g_blocks[0].alu_int.branch_reg.$procdff$3506 ($dff) from module exec_top.
Setting constant 1-bit at position 1 on $flatten\execute.alu_unit.g_blocks[0].alu_int.branch_reg.$procdff$3506 ($dff) from module exec_top.
Setting constant 0-bit at position 2 on $flatten\execute.alu_unit.g_blocks[0].alu_int.branch_reg.$procdff$3506 ($dff) from module exec_top.

3.20.16. Executing OPT_CLEAN pass (remove unused cells and wires).
Finding unused cells or wires in module \exec_top..
Removed 0 unused cells and 2 unused wires.
<suppressed ~1 debug messages>

3.20.17. Executing OPT_EXPR pass (perform const folding).
Optimizing module exec_top.

3.20.18. Rerunning OPT passes. (Maybe there is more to do..)

3.20.19. Executing OPT_MUXTREE pass (detect dead branches in mux trees).
Running muxtree optimizer on module \exec_top..
  Creating internal representation of mux trees.
  Evaluating internal representation of mux trees.
  Analyzing evaluation results.
Removed 0 multiplexer ports.
<suppressed ~194 debug messages>

3.20.20. Executing OPT_REDUCE pass (consolidate $*mux and $reduce_* inputs).
  Optimizing cells in module \exec_top.
Performed a total of 0 changes.

3.20.21. Executing OPT_MERGE pass (detect identical cells).
Finding identical cells in module `\exec_top'.
Removed a total of 0 cells.

3.20.22. Executing OPT_SHARE pass.

3.20.23. Executing OPT_DFF pass (perform DFF optimizations).

3.20.24. Executing OPT_CLEAN pass (remove unused cells and wires).
Finding unused cells or wires in module \exec_top..

3.20.25. Executing OPT_EXPR pass (perform const folding).
Optimizing module exec_top.

3.20.26. Finished fast OPT passes. (There is nothing left to do.)

3.21. Executing TECHMAP pass (map to technology primitives).

3.21.1. Executing Verilog-2005 frontend: /home/claude/.local/bin/../share/yosys/techmap.v
Parsing Verilog input from `/home/claude/.local/bin/../share/yosys/techmap.v' to AST representation.
verilog frontend filename /home/claude/.local/bin/../share/yosys/techmap.v
Generating RTLIL representation for module `\_90_simplemap_bool_ops'.
Generating RTLIL representation for module `\_90_simplemap_reduce_ops'.
Generating RTLIL representation for module `\_90_simplemap_logic_ops'.
Generating RTLIL representation for module `\_90_simplemap_compare_ops'.
Generating RTLIL representation for module `\_90_simplemap_various'.
Generating RTLIL representation for module `\_90_simplemap_registers'.
Generating RTLIL representation for module `\_90_shift_ops_shr_shl_sshl_sshr'.
Generating RTLIL representation for module `\_90_shift_shiftx'.
Generating RTLIL representation for module `\_90_fa'.
Generating RTLIL representation for module `\_90_lcu_brent_kung'.
Generating RTLIL representation for module `\_90_alu'.
Generating RTLIL representation for module `\_90_macc'.
Generating RTLIL representation for module `\_90_alumacc'.
Generating RTLIL representation for module `\$__div_mod_u'.
Generating RTLIL representation for module `\$__div_mod_trunc'.
Generating RTLIL representation for module `\_90_div'.
Generating RTLIL representation for module `\_90_mod'.
Generating RTLIL representation for module `\$__div_mod_floor'.
Generating RTLIL representation for module `\_90_divfloor'.
Generating RTLIL representation for module `\_90_modfloor'.
Generating RTLIL representation for module `\_90_pow'.
Generating RTLIL representation for module `\_90_pmux'.
Generating RTLIL representation for module `\_90_demux'.
Generating RTLIL representation for module `\_90_lut'.
Generating RTLIL representation for module `\$connect'.
Generating RTLIL representation for module `\$input_port'.
Successfully finished Verilog frontend.

3.21.2. Continuing TECHMAP pass.
Using extmapper simplemap for cells of type $eq.
Using template $paramod$d66c0c83f9528c9adf60e2a80608da39a3d0cbbb\_90_pmux for cells of type $pmux.
Using extmapper simplemap for cells of type $mux.
Using template $paramod$8fabc56b80a569262acfc42757a02ca0b8e91278\_90_pmux for cells of type $pmux.
Using extmapper simplemap for cells of type $not.
Using template $paramod$constmap:d17380e59d21b877a6d16e59932fcbf28ca14a22$paramod$1d456f6f30476313700c278acf55c0722738cf08\_90_shift_shiftx for cells of type $shiftx.
Using template $paramod$ed6389a5938b09f91843a91d67becca5abedb1bd\_90_pmux for cells of type $pmux.
Using extmapper simplemap for cells of type $or.
Using template $paramod$4106f636ad8f5601b8bb866fe1a00192faef0f8b\_90_pmux for cells of type $pmux.
Using extmapper simplemap for cells of type $reduce_or.
Using template $paramod$b098bc6f249c0ac91c4d6e19d54b23c285914115\_90_pmux for cells of type $pmux.
Using extmapper maccmap for cells of type $macc_v2.
  add { \execute.alu_unit.g_blocks[0].muldiv_unit.g_multiplier[0].multiplier.dataa [32] \dispatch_if_0_data [161:130] } * { \execute.alu_unit.g_blocks[0].muldiv_unit.serial_div.g_setup[0].negate_denom \dispatch_if_0_data [97:66] } (33x33 bits, signed)
Using extmapper simplemap for cells of type $logic_not.
Using template $paramod$ee3d784672cdb1cb32d9a801a3af776716f16b74\_90_alu for cells of type $alu.
Using extmapper simplemap for cells of type $logic_and.
Using extmapper simplemap for cells of type $logic_or.
Using template $paramod$fbc7873bff55778c0b3173955b7e4bce1d9d6834\_90_alu for cells of type $alu.
Using template $paramod$1d1e68f77481583066c6d429218f48ea9d5739b3\_90_alu for cells of type $alu.
Using extmapper simplemap for cells of type $and.
Using template $paramod$cc6a978c1b57cdb49efcec348c88d8e28bf1a01f\_90_alu for cells of type $alu.
Using template $paramod$175e67c02b86e96b1288b9dc100122520d7240d8\_90_alu for cells of type $alu.
Using extmapper simplemap for cells of type $xor.
Using template $paramod$constmap:87f69c0bea22f84de4bcd0314b57cb19e61b5eb7$paramod$455891ae50d34e43581a517459d55825f76fa58e\_90_shift_ops_shr_shl_sshl_sshr for cells of type $sshr.
Using template $paramod$constmap:4621fcf06a436d1e2a4080e2ed9866a7d07a6e07$paramod$335cfd09f1afa8139c4aafcbbe5f361887b79c5e\_90_shift_ops_shr_shl_sshl_sshr for cells of type $shl.
Using template $paramod$constmap:b1edd9caf01f5ce1a2dbe9cd17b3e6b6f4376a39$paramod$8ecd1ee524f48bc077c2cfa991e26a34f80a4ab3\_90_shift_shiftx for cells of type $shiftx.
Using template $paramod$adbaf76fa5a3091a329503792521395f8ff4d1a4\_90_alu for cells of type $alu.
Using template $paramod$constmap:9c2e4d6e6a6eb23a5c7cc938878e510b0561390d$paramod$022d507dd8b5a5c605faa99d46c52f247072ebca\_90_shift_shiftx for cells of type $shiftx.
Using template $paramod$fc972a7a46956c1788f3cb5257b53c8f1df2d0cc\_90_alu for cells of type $alu.
Using extmapper simplemap for cells of type $reduce_and.
Using template $paramod$c5c783b17ab1d780abfad8cfe6563a0a7b47a3b0\_90_pmux for cells of type $pmux.
Using template $paramod$constmap:59d92b25346aa6c7d8eb1c9840d19df50d316dba$paramod$0befc2d41a63b78e56548e5e2fd7e9ccb9aba617\_90_shift_shiftx for cells of type $shiftx.
Using template $paramod$dc04b7d98e503a7bab16fce2df70e6e2c5ca34d6\_90_alu for cells of type $alu.
Using template $paramod$44a13d10af618e7fbe7b9aad2f6151ffcee1e2fa\_90_alu for cells of type $alu.
Using template $paramod$ba698a254f9a5947e85cbe7beae6b161eefc5386\_90_alu for cells of type $alu.
Using template $paramod$d629d85c8826a74239b9178d1930215a43b0ceb0\_90_pmux for cells of type $pmux.
Using extmapper simplemap for cells of type $reduce_bool.
Using extmapper simplemap for cells of type $ne.
Using template $paramod$418b96f4892c9e1a6a74526184651c8ae040d0c0\_90_alu for cells of type $alu.
Using template $paramod$7e708ae28ab761f11d0fb59d3ffc72f6a4baf5d9\_90_alu for cells of type $alu.
Using template $paramod$9f53511a6616d1b893f9d4267848c15e4d483779\_90_alu for cells of type $alu.
Using template $paramod$a1665ef28c749ebcdbe9aecd466e644647b56463\_90_alu for cells of type $alu.
Using template $paramod$ef8fb1849064cca7dc908988762d3374786d9fdb\_90_alu for cells of type $alu.
Using template $paramod$constmap:587bfd344aba6fff5ae2fc198a50240a44929441$paramod$64b19f47ed5f126636dbd98d727ec46a7ec08d71\_90_shift_shiftx for cells of type $shift.
Using template $paramod$constmap:f5cc8694307606094577d7a896c078c9e621742d$paramod$8decb24ee79084f9721a93139c914b17709b8e15\_90_shift_shiftx for cells of type $shift.
Using template $paramod$constmap:28d6dc68a95c45bafe1abe80d987a7365546f0c8$paramod$8f2cc81e866fdc42fda984e00d347a4df60eab42\_90_shift_shiftx for cells of type $shiftx.
Using template $paramod$constmap:10887e013c6ac5a74755f7ac430ded3f147ecbc3$paramod$1e265d9719406ee45a570be27d6567e3eeff81e5\_90_shift_shiftx for cells of type $shiftx.
Using template $paramod$2116a631f856d4d4902c2618dca73dafa3b8c9c0\_90_alu for cells of type $alu.
Using template $paramod$c6baa65225090ac0a120feab1b920965244aa496\_90_alu for cells of type $alu.
Using template $paramod$645fe0cc96ae5edb83bff90cc2c78f4a20ca3e3c\_90_pmux for cells of type $pmux.
Using template $paramod$fc16b9f758000d363d24f130038bd99b46b4fa1b\_90_pmux for cells of type $pmux.
Using template $paramod$bf2533632d512eac76dd186c0da49367e29b8e98\_90_pmux for cells of type $pmux.
Using template $paramod$54d740639e1393b22262823179ff783ea9f17a35\_90_pmux for cells of type $pmux.
Using template $paramod$97565c3687be688407d1272a293bd9d0ae6852dc\_90_pmux for cells of type $pmux.
Using extmapper simplemap for cells of type $sdffe.
Using extmapper simplemap for cells of type $sdff.
Using extmapper simplemap for cells of type $dff.
Using extmapper simplemap for cells of type $dffe.
Using template $paramod$constmap:1ad9dd446763f57bd78ceaadfe2959e8d2895b51$paramod$dd8c7c3a367254bb1f9f0dfd60a32549538c8d78\_90_shift_shiftx for cells of type $shiftx.
  add { \execute.alu_unit.g_blocks[0].muldiv_unit.g_multiplier[1].multiplier.dataa [32] \dispatch_if_0_data [193:162] } * { \execute.alu_unit.g_blocks[0].muldiv_unit.serial_div.g_setup[1].negate_denom \dispatch_if_0_data [129:98] } (33x33 bits, signed)
Using template $paramod$ba2b8c117ce4915aa78c6334bae512cf5c3ff68e\_90_alu for cells of type $alu.
Using template $paramod$ebf89ea36a793f0f77858f212141d47c833068ad\_90_alu for cells of type $alu.
Analyzing pattern of constant bits for this cell:
  Constant input on bit 114 of port A: 1'x
  Constant input on bit 115 of port A: 1'x
  Constant input on bit 116 of port A: 1'x
  Constant input on bit 117 of port A: 1'x
  Constant input on bit 118 of port A: 1'x
  Constant input on bit 119 of port A: 1'x
  Constant input on bit 120 of port A: 1'x
  Constant input on bit 121 of port A: 1'x
  Constant input on bit 122 of port A: 1'x
  Constant input on bit 123 of port A: 1'x
  Constant input on bit 124 of port A: 1'x
  Constant input on bit 125 of port A: 1'x
  Constant input on bit 126 of port A: 1'x
  Constant input on bit 127 of port A: 1'x
  Bit 128 of port A and bit 0 of port A are connected.
  Bit 129 of port A and bit 1 of port A are connected.
  Bit 130 of port A and bit 2 of port A are connected.
  Bit 131 of port A and bit 3 of port A are connected.
  Bit 132 of port A and bit 4 of port A are connected.
  Bit 133 of port A and bit 5 of port A are connected.
  Bit 134 of port A and bit 6 of port A are connected.
  Bit 135 of port A and bit 7 of port A are connected.
  Bit 136 of port A and bit 8 of port A are connected.
  Bit 137 of port A and bit 9 of port A are connected.
  Bit 138 of port A and bit 10 of port A are connected.
  Bit 139 of port A and bit 11 of port A are connected.
  Bit 140 of port A and bit 12 of port A are connected.
  Bit 141 of port A and bit 13 of port A are connected.
  Bit 142 of port A and bit 14 of port A are connected.
  Bit 143 of port A and bit 15 of port A are connected.
  Bit 144 of port A and bit 16 of port A are connected.
  Bit 145 of port A and bit 17 of port A are connected.
  Bit 146 of port A and bit 18 of port A are connected.
  Bit 147 of port A and bit 19 of port A are connected.
  Bit 148 of port A and bit 20 of port A are connected.
  Bit 149 of port A and bit 21 of port A are connected.
  Bit 150 of port A and bit 22 of port A are connected.
  Bit 151 of port A and bit 23 of port A are connected.
  Bit 152 of port A and bit 24 of port A are connected.
  Bit 153 of port A and bit 25 of port A are connected.
  Bit 154 of port A and bit 26 of port A are connected.
  Bit 155 of port A and bit 27 of port A are connected.
  Bit 156 of port A and bit 28 of port A are connected.
  Bit 157 of port A and bit 29 of port A are connected.
  Bit 158 of port A and bit 30 of port A are connected.
  Bit 159 of port A and bit 31 of port A are connected.
  Bit 160 of port A and bit 32 of port A are connected.
  Bit 161 of port A and bit 33 of port A are connected.
  Bit 162 of port A and bit 34 of port A are connected.
  Bit 163 of port A and bit 35 of port A are connected.
  Bit 164 of port A and bit 36 of port A are connected.
  Bit 165 of port A and bit 37 of port A are connected.
  Bit 166 of port A and bit 38 of port A are connected.
  Bit 167 of port A and bit 39 of port A are connected.
  Bit 168 of port A and bit 40 of port A are connected.
  Bit 169 of port A and bit 41 of port A are connected.
  Bit 170 of port A and bit 42 of port A are connected.
  Bit 171 of port A and bit 43 of port A are connected.
  Bit 172 of port A and bit 44 of port A are connected.
  Bit 173 of port A and bit 45 of port A are connected.
  Bit 174 of port A and bit 46 of port A are connected.
  Bit 175 of port A and bit 47 of port A are connected.
  Bit 176 of port A and bit 48 of port A are connected.
  Bit 177 of port A and bit 49 of port A are connected.
  Bit 178 of port A and bit 50 of port A are connected.
  Bit 179 of port A and bit 51 of port A are connected.
  Bit 180 of port A and bit 52 of port A are connected.
  Bit 181 of port A and bit 53 of port A are connected.
  Bit 182 of port A and bit 54 of port A are connected.
  Bit 183 of port A and bit 55 of port A are connected.
  Bit 184 of port A and bit 56 of port A are connected.
  Bit 185 of port A and bit 57 of port A are connected.
  Bit 186 of port A and bit 58 of port A are connected.
  Bit 187 of port A and bit 59 of port A are connected.
  Bit 188 of port A and bit 60 of port A are connected.
  Bit 189 of port A and bit 61 of port A are connected.
  Bit 190 of port A and bit 62 of port A are connected.
  Bit 191 of port A and bit 63 of port A are connected.
  Constant input on bit 0 of port B: 1'0
  Constant input on bit 1 of port B: 1'0
  Constant input on bit 2 of port B: 1'0
  Constant input on bit 3 of port B: 1'0
  Constant input on bit 4 of port B: 1'0
  Constant input on bit 5 of port B: 1'0
  Constant input on bit 6 of port B: 1'0
  Constant input on bit 8 of port B: 1'0
Creating constmapped module `$paramod$constmap:994feb389664ece7c4a32397151ac61e69cafabe$paramod$dd8c7c3a367254bb1f9f0dfd60a32549538c8d78\_90_shift_shiftx'.

3.21.120. Executing OPT_MUXTREE pass (detect dead branches in mux trees).
Running muxtree optimizer on module $paramod$constmap:994feb389664ece7c4a32397151ac61e69cafabe$paramod$dd8c7c3a367254bb1f9f0dfd60a32549538c8d78\_90_shift_shiftx..
  Creating internal representation of mux trees.
  Evaluating internal representation of mux trees.
  Analyzing evaluation results.
    dead port 1/2 on $mux $procmux$10949.
    dead port 1/2 on $mux $procmux$10946.
    dead port 2/2 on $mux $procmux$10946.
    dead port 1/2 on $mux $procmux$10943.
    dead port 1/2 on $mux $procmux$10940.
    dead port 2/2 on $mux $procmux$10940.
    dead port 1/2 on $mux $procmux$10937.
    dead port 1/2 on $mux $procmux$10934.
    dead port 2/2 on $mux $procmux$10934.
    dead port 1/2 on $mux $procmux$10931.
    dead port 1/2 on $mux $procmux$10928.
    dead port 2/2 on $mux $procmux$10928.
    dead port 1/2 on $mux $procmux$10925.
    dead port 1/2 on $mux $procmux$10922.
    dead port 2/2 on $mux $procmux$10922.
    dead port 1/2 on $mux $procmux$10919.
    dead port 1/2 on $mux $procmux$10916.
    dead port 2/2 on $mux $procmux$10916.
    dead port 1/2 on $mux $procmux$10913.
    dead port 1/2 on $mux $procmux$10910.
    dead port 2/2 on $mux $procmux$10910.
    dead port 2/2 on $mux $procmux$10904.
Removed 22 multiplexer ports.
<suppressed ~3883 debug messages>

3.21.121. Executing OPT_EXPR pass (perform const folding).
Optimizing module $paramod$constmap:994feb389664ece7c4a32397151ac61e69cafabe$paramod$dd8c7c3a367254bb1f9f0dfd60a32549538c8d78\_90_shift_shiftx.
<suppressed ~3 debug messages>
Removed 0 unused cells and 22 unused wires.
Using template $paramod$constmap:994feb389664ece7c4a32397151ac61e69cafabe$paramod$dd8c7c3a367254bb1f9f0dfd60a32549538c8d78\_90_shift_shiftx for cells of type $shiftx.
Analyzing pattern of constant bits for this cell:
  Constant input on bit 1 of port A: 1'0
  Constant input on bit 2 of port A: 1'0
  Constant input on bit 3 of port A: 1'0
  Constant input on bit 4 of port A: 1'0
  Constant input on bit 5 of port A: 1'0
  Constant input on bit 6 of port A: 1'0
  Constant input on bit 7 of port A: 1'0
  Constant input on bit 8 of port A: 1'0
  Constant input on bit 9 of port A: 1'0
  Constant input on bit 10 of port A: 1'0
  Constant input on bit 11 of port A: 1'0
  Constant input on bit 12 of port A: 1'0
  Constant input on bit 13 of port A: 1'0
  Constant input on bit 14 of port A: 1'0
  Constant input on bit 15 of port A: 1'0
  Constant input on bit 16 of port A: 1'0
  Constant input on bit 17 of port A: 1'0
  Constant input on bit 18 of port A: 1'0
  Constant input on bit 19 of port A: 1'0
  Constant input on bit 20 of port A: 1'0
  Constant input on bit 21 of port A: 1'0
  Constant input on bit 22 of port A: 1'0
  Constant input on bit 23 of port A: 1'0
  Constant input on bit 24 of port A: 1'0
  Constant input on bit 25 of port A: 1'0
  Constant input on bit 26 of port A: 1'0
  Constant input on bit 27 of port A: 1'0
  Constant input on bit 28 of port A: 1'0
  Constant input on bit 29 of port A: 1'0
  Constant input on bit 30 of port A: 1'0
  Constant input on bit 31 of port A: 1'0
  Bit 32 of port A and bit 0 of port A are connected.
  Constant input on bit 33 of port A: 1'0
  Constant input on bit 34 of port A: 1'0
  Constant input on bit 35 of port A: 1'0
  Constant input on bit 36 of port A: 1'0
  Constant input on bit 37 of port A: 1'0
  Constant input on bit 38 of port A: 1'0
  Constant input on bit 39 of port A: 1'0
  Constant input on bit 40 of port A: 1'0
  Constant input on bit 41 of port A: 1'0
  Constant input on bit 42 of port A: 1'0
  Constant input on bit 43 of port A: 1'0
  Constant input on bit 44 of port A: 1'0
  Constant input on bit 45 of port A: 1'0
  Constant input on bit 46 of port A: 1'0
  Constant input on bit 47 of port A: 1'0
  Constant input on bit 48 of port A: 1'0
  Constant input on bit 49 of port A: 1'0
  Constant input on bit 50 of port A: 1'0
  Constant input on bit 51 of port A: 1'0
  Constant input on bit 52 of port A: 1'0
  Constant input on bit 53 of port A: 1'0
  Constant input on bit 54 of port A: 1'0
  Constant input on bit 55 of port A: 1'0
  Constant input on bit 56 of port A: 1'0
  Constant input on bit 57 of port A: 1'0
  Constant input on bit 58 of port A: 1'0
  Constant input on bit 59 of port A: 1'0
  Constant input on bit 60 of port A: 1'0
  Constant input on bit 61 of port A: 1'0
  Constant input on bit 62 of port A: 1'0
  Constant input on bit 63 of port A: 1'0
  Constant input on bit 114 of port A: 1'x
  Constant input on bit 115 of port A: 1'x
  Constant input on bit 116 of port A: 1'x
  Constant input on bit 117 of port A: 1'x
  Constant input on bit 118 of port A: 1'x
  Constant input on bit 119 of port A: 1'x
  Constant input on bit 120 of port A: 1'x
  Constant input on bit 121 of port A: 1'x
  Constant input on bit 122 of port A: 1'x
  Constant input on bit 123 of port A: 1'x
  Constant input on bit 124 of port A: 1'x
  Constant input on bit 125 of port A: 1'x
  Constant input on bit 126 of port A: 1'x
  Constant input on bit 127 of port A: 1'x
  Constant input on bit 0 of port B: 1'0
  Constant input on bit 1 of port B: 1'0
  Constant input on bit 2 of port B: 1'0
  Constant input on bit 3 of port B: 1'0
  Constant input on bit 4 of port B: 1'0
  Constant input on bit 5 of port B: 1'0
  Constant input on bit 6 of port B: 1'0
  Constant input on bit 8 of port B: 1'0
Creating constmapped module `$paramod$constmap:7626c677158aab25488dd07ebb8634385dca5676$paramod$dd8c7c3a367254bb1f9f0dfd60a32549538c8d78\_90_shift_shiftx'.

3.21.122. Executing OPT_MUXTREE pass (detect dead branches in mux trees).
Running muxtree optimizer on module $paramod$constmap:7626c677158aab25488dd07ebb8634385dca5676$paramod$dd8c7c3a367254bb1f9f0dfd60a32549538c8d78\_90_shift_shiftx..
  Creating internal representation of mux trees.
  Evaluating internal representation of mux trees.
  Analyzing evaluation results.
    dead port 1/2 on $mux $procmux$10949.
    dead port 1/2 on $mux $procmux$10946.
    dead port 2/2 on $mux $procmux$10946.
    dead port 1/2 on $mux $procmux$10943.
    dead port 1/2 on $mux $procmux$10940.
    dead port 2/2 on $mux $procmux$10940.
    dead port 1/2 on $mux $procmux$10937.
    dead port 1/2 on $mux $procmux$10934.
    dead port 2/2 on $mux $procmux$10934.
    dead port 1/2 on $mux $procmux$10931.
    dead port 1/2 on $mux $procmux$10928.
    dead port 2/2 on $mux $procmux$10928.
    dead port 1/2 on $mux $procmux$10925.
    dead port 1/2 on $mux $procmux$10922.
    dead port 2/2 on $mux $procmux$10922.
    dead port 1/2 on $mux $procmux$10919.
    dead port 1/2 on $mux $procmux$10916.
    dead port 2/2 on $mux $procmux$10916.
    dead port 1/2 on $mux $procmux$10913.
    dead port 1/2 on $mux $procmux$10910.
    dead port 2/2 on $mux $procmux$10910.
    dead port 2/2 on $mux $procmux$10904.
Removed 22 multiplexer ports.
<suppressed ~123 debug messages>

3.21.123. Executing OPT_EXPR pass (perform const folding).
Optimizing module $paramod$constmap:7626c677158aab25488dd07ebb8634385dca5676$paramod$dd8c7c3a367254bb1f9f0dfd60a32549538c8d78\_90_shift_shiftx.
<suppressed ~3 debug messages>
Removed 0 unused cells and 22 unused wires.
Using template $paramod$constmap:7626c677158aab25488dd07ebb8634385dca5676$paramod$dd8c7c3a367254bb1f9f0dfd60a32549538c8d78\_90_shift_shiftx for cells of type $shiftx.
Using template $paramod\_90_fa\WIDTH=32'00000000000000000000000001000010 for cells of type $fa.
Using template $paramod\_90_fa\WIDTH=32'00000000000000000000000000100000 for cells of type $fa.
Using template $paramod\_90_lcu_brent_kung\WIDTH=32'00000000000000000000000000100000 for cells of type $lcu.
Using extmapper simplemap for cells of type $pos.
Using template $paramod\_90_fa\WIDTH=32'00000000000000000000000000000001 for cells of type $fa.
Using template $paramod\_90_lcu_brent_kung\WIDTH=32'00000000000000000000000000000001 for cells of type $lcu.
Using template $paramod\_90_fa\WIDTH=32'00000000000000000000000000000101 for cells of type $fa.
Using template $paramod\_90_lcu_brent_kung\WIDTH=32'00000000000000000000000000000101 for cells of type $lcu.
Using template $paramod\_90_fa\WIDTH=32'00000000000000000000000000000010 for cells of type $fa.
Using template $paramod\_90_lcu_brent_kung\WIDTH=32'00000000000000000000000000000010 for cells of type $lcu.
Using template $paramod\_90_fa\WIDTH=32'00000000000000000000000000100001 for cells of type $fa.
Using template $paramod\_90_lcu_brent_kung\WIDTH=32'00000000000000000000000000100001 for cells of type $lcu.
Using template $paramod\_90_fa\WIDTH=32'00000000000000000000000000011110 for cells of type $fa.
Using template $paramod\_90_lcu_brent_kung\WIDTH=32'00000000000000000000000000011110 for cells of type $lcu.
Using template $paramod\_90_fa\WIDTH=32'00000000000000000000000000001100 for cells of type $fa.
Using template $paramod\_90_lcu_brent_kung\WIDTH=32'00000000000000000000000000001100 for cells of type $lcu.
Using template $paramod\_90_fa\WIDTH=32'00000000000000000000000001000001 for cells of type $fa.
Using template $paramod$7771edcff16823dc6718501da45b2d48ec8690bf\_90_alu for cells of type $alu.
Using template $paramod\_90_fa\WIDTH=32'00000000000000000000000000011010 for cells of type $fa.
Using template $paramod\_90_lcu_brent_kung\WIDTH=32'00000000000000000000000000011010 for cells of type $lcu.
Using template $paramod\_90_fa\WIDTH=32'00000000000000000000000000010000 for cells of type $fa.
Using template $paramod\_90_lcu_brent_kung\WIDTH=32'00000000000000000000000000010000 for cells of type $lcu.
Using template $paramod\_90_fa\WIDTH=32'00000000000000000000000000000011 for cells of type $fa.
Using template $paramod\_90_lcu_brent_kung\WIDTH=32'00000000000000000000000000000011 for cells of type $lcu.
Using template $paramod\_90_fa\WIDTH=32'00000000000000000000000000011111 for cells of type $fa.
Using template $paramod\_90_lcu_brent_kung\WIDTH=32'00000000000000000000000000011111 for cells of type $lcu.
Using template $paramod\_90_lcu_brent_kung\WIDTH=32'00000000000000000000000001000010 for cells of type $lcu.
No more expansions possible.
<suppressed ~7460 debug messages>

3.22. Executing OPT pass (performing simple optimizations).

3.22.1. Executing OPT_EXPR pass (perform const folding).
Optimizing module exec_top.
<suppressed ~17828 debug messages>

3.22.2. Executing OPT_MERGE pass (detect identical cells).
Finding identical cells in module `\exec_top'.
<suppressed ~17937 debug messages>
Removed a total of 5979 cells.

3.22.3. Executing OPT_DFF pass (perform DFF optimizations).

3.22.4. Executing OPT_CLEAN pass (remove unused cells and wires).
Finding unused cells or wires in module \exec_top..
Removed 2358 unused cells and 6840 unused wires.
<suppressed ~2359 debug messages>

3.22.5. Finished fast OPT passes.

3.23. Executing ABC pass (technology mapping using ABC).

3.23.1. Extracting gate netlist of module `\exec_top' to `<abc-temp-dir>/input.blif'..
Replacing 64 occurrences of constant undef bits with constant zero bits

3.23.1.1. Executed ABC.
Extracted 28239 gates and 32389 wires to a netlist network with 4147 inputs and 2219 outputs.
Running ABC script: <abc-temp-dir>/abc.script
ABC: UC Berkeley, ABC 1.01 (compiled Sep 15 2026 16:59:37)
ABC: abc 01> empty
ABC: abc 01> source <abc-temp-dir>/abc.script
ABC: + read_blif <abc-temp-dir>/input.blif 
ABC: + read_library /tmp/yosys-abc-7SuAle/stdcells.genlib 
ABC: + strash 
ABC: + dretime 
ABC: + map 
ABC: + write_blif <abc-temp-dir>/output.blif 

3.23.1.2. Re-integrating ABC results.
ABC RESULTS:               AND cells:     2524
ABC RESULTS:            ANDNOT cells:     7992
ABC RESULTS:               MUX cells:     4111
ABC RESULTS:              NAND cells:     1175
ABC RESULTS:               NOR cells:     1184
ABC RESULTS:               NOT cells:      707
ABC RESULTS:                OR cells:     3532
ABC RESULTS:             ORNOT cells:      402
ABC RESULTS:              XNOR cells:     1657
ABC RESULTS:               XOR cells:     4760
ABC RESULTS:        internal signals:    26023
ABC RESULTS:           input signals:     4147
ABC RESULTS:          output signals:     2219
Removing temp directory.
Removing global temp directory.

3.24. Executing OPT pass (performing simple optimizations).

3.24.1. Executing OPT_EXPR pass (perform const folding).
Optimizing module exec_top.
<suppressed ~1211 debug messages>

3.24.2. Executing OPT_MERGE pass (detect identical cells).
Finding identical cells in module `\exec_top'.
<suppressed ~84 debug messages>
Removed a total of 28 cells.

3.24.3. Executing OPT_DFF pass (perform DFF optimizations).

3.24.4. Executing OPT_CLEAN pass (remove unused cells and wires).
Finding unused cells or wires in module \exec_top..
Removed 18 unused cells and 9139 unused wires.
<suppressed ~314 debug messages>

3.24.5. Finished fast OPT passes.

3.25. Executing HIERARCHY pass (managing design hierarchy).
Attribute `top' found on module `exec_top'. Setting top module to exec_top.

3.25.1. Analyzing design hierarchy..
Top module:  \exec_top

3.25.2. Analyzing design hierarchy..
Top module:  \exec_top
Removed 0 unused modules.

3.26. Printing statistics.

=== exec_top ===

        +----------Local Count, excluding submodules.
        | 
    28471 wires
    74141 wire bits
     1639 public wires
    47303 public wire bits
       76 ports
     2433 port bits
    31848 cells
     7974   $_ANDNOT_
     2523   $_AND_
     3468   $_DFFE_PP_
      125   $_DFF_P_
     4111   $_MUX_
     1175   $_NAND_
     1181   $_NOR_
      689   $_NOT_
      399   $_ORNOT_
     3529   $_OR_
       87   $_SDFFE_PP0P_
       16   $_SDFFE_PP1P_
        2   $_SDFF_PP0_
        6   $_SDFF_PP1_
     1657   $_XNOR_
     4760   $_XOR_
      146   $scopeinfo

3.27. Executing CHECK pass (checking for obvious problems).
Checking module exec_top...
Found and reported 0 problems.

4. Executing DFFLIBMAP pass (mapping DFF cells to sequential cells from liberty file).
  cell sg13g2_dfrbpq_1 (noninv, pins=4, area=48.99) is a direct match for cell type $_DFF_PN0_.
  final dff cell mappings:
    unmapped dff cell: $_DFF_N_
    unmapped dff cell: $_DFF_P_
    unmapped dff cell: $_DFF_NN0_
    unmapped dff cell: $_DFF_NN1_
    unmapped dff cell: $_DFF_NP0_
    unmapped dff cell: $_DFF_NP1_
    \sg13g2_dfrbpq_1 _DFF_PN0_ (.CLK( C), .D( D), .Q( Q), .RESET_B( R));
    unmapped dff cell: $_DFF_PN1_
    unmapped dff cell: $_DFF_PP0_
    unmapped dff cell: $_DFF_PP1_
    unmapped dff cell: $_DFFE_NN_
    unmapped dff cell: $_DFFE_NP_
    unmapped dff cell: $_DFFE_PN_
    unmapped dff cell: $_DFFE_PP_
    unmapped dff cell: $_DFFSR_NNN_
    unmapped dff cell: $_DFFSR_NNP_
    unmapped dff cell: $_DFFSR_NPN_
    unmapped dff cell: $_DFFSR_NPP_
    unmapped dff cell: $_DFFSR_PNN_
    unmapped dff cell: $_DFFSR_PNP_
    unmapped dff cell: $_DFFSR_PPN_
    unmapped dff cell: $_DFFSR_PPP_

4.1. Executing DFFLEGALIZE pass (convert FFs to types supported by the target).
<suppressed ~4 debug messages>
Mapping DFF cells in module `\exec_top':
  mapped 3704 $_DFF_PN0_ cells to \sg13g2_dfrbpq_1 cells.

5. Executing ABC pass (technology mapping using ABC).

5.1. Extracting gate netlist of module `\exec_top' to `<abc-temp-dir>/input.blif'..

5.1.1. Executed ABC.
Extracted 31680 gates and 36638 wires to a netlist network with 4956 inputs and 3894 outputs.
Running ABC script: <abc-temp-dir>/abc.script
ABC: UC Berkeley, ABC 1.01 (compiled Sep 15 2026 16:59:37)
ABC: abc 01> empty
ABC: abc 01> source <abc-temp-dir>/abc.script
ABC: + read_blif <abc-temp-dir>/input.blif 
ABC: + read_lib -w /usr/local/src/IHP-Open-PDK/ihp-sg13g2/libs.ref/sg13g2_stdcell/lib/sg13g2_stdcell_typ_1p20V_25C.lib 
ABC: Parsing finished successfully.  Parsing time =     0.01 sec
ABC: Scl_LibertyReadGenlib() skipped cell "sg13g2_antennanp" due to dont_use attribute.
ABC: Scl_LibertyReadGenlib() skipped cell "sg13g2_decap_4" due to dont_use attribute.
ABC: Scl_LibertyReadGenlib() skipped cell "sg13g2_decap_8" due to dont_use attribute.
ABC: Scl_LibertyReadGenlib() skipped sequential cell "sg13g2_dfrbp_1".
ABC: Scl_LibertyReadGenlib() skipped sequential cell "sg13g2_dfrbp_2".
ABC: Scl_LibertyReadGenlib() skipped sequential cell "sg13g2_dfrbpq_1".
ABC: Scl_LibertyReadGenlib() skipped sequential cell "sg13g2_dfrbpq_2".
ABC: Scl_LibertyReadGenlib() skipped sequential cell "sg13g2_dlhq_1".
ABC: Scl_LibertyReadGenlib() skipped sequential cell "sg13g2_dlhr_1".
ABC: Scl_LibertyReadGenlib() skipped sequential cell "sg13g2_dlhrq_1".
ABC: Scl_LibertyReadGenlib() skipped sequential cell "sg13g2_dllr_1".
ABC: Scl_LibertyReadGenlib() skipped sequential cell "sg13g2_dllrq_1".
ABC: Scl_LibertyReadGenlib() skipped three-state cell "sg13g2_ebufn_2".
ABC: Scl_LibertyReadGenlib() skipped three-state cell "sg13g2_ebufn_4".
ABC: Scl_LibertyReadGenlib() skipped three-state cell "sg13g2_ebufn_8".
ABC: Scl_LibertyReadGenlib() skipped three-state cell "sg13g2_einvn_2".
ABC: Scl_LibertyReadGenlib() skipped three-state cell "sg13g2_einvn_4".
ABC: Scl_LibertyReadGenlib() skipped three-state cell "sg13g2_einvn_8".
ABC: Scl_LibertyReadGenlib() skipped cell "sg13g2_fill_1" due to dont_use attribute.
ABC: Scl_LibertyReadGenlib() skipped cell "sg13g2_fill_2" due to dont_use attribute.
ABC: Scl_LibertyReadGenlib() skipped cell "sg13g2_fill_4" due to dont_use attribute.
ABC: Scl_LibertyReadGenlib() skipped cell "sg13g2_fill_8" due to dont_use attribute.
ABC: Scl_LibertyReadGenlib() skipped cell "sg13g2_lgcp_1" due to dont_use attribute.
ABC: Scl_LibertyReadGenlib() skipped sequential cell "sg13g2_sdfbbp_1".
ABC: Scl_LibertyReadGenlib() skipped sequential cell "sg13g2_sdfrbp_1".
ABC: Scl_LibertyReadGenlib() skipped sequential cell "sg13g2_sdfrbp_2".
ABC: Scl_LibertyReadGenlib() skipped sequential cell "sg13g2_sdfrbpq_1".
ABC: Scl_LibertyReadGenlib() skipped sequential cell "sg13g2_sdfrbpq_2".
ABC: Scl_LibertyReadGenlib() skipped cell "sg13g2_sighold" due to dont_use attribute.
ABC: Scl_LibertyReadGenlib() skipped cell "sg13g2_slgcp_1" due to dont_use attribute.
ABC: Library "sg13g2_stdcell_typ_1p20V_25C" from "/usr/local/src/IHP-Open-PDK/ihp-sg13g2/libs.ref/sg13g2_stdcell/lib/sg13g2_stdcell_typ_1p20V_25C.lib" has 54 cells (30 skipped: 14 seq; 6 tri-state; 0 no func; 10 dont_use; 0 with 2 outputs; 0 with 3+ outputs).  Time =     0.02 sec
ABC: Memory =    2.86 MB. Time =     0.02 sec
ABC: + strash 
ABC: + &get -n 
ABC: + &fraig -x 
ABC: + &put 
ABC: + scorr 
ABC: Warning: The network is combinational (run "fraig" or "fraig_sweep").
ABC: + dc2 
ABC: + dretime 
ABC: + strash 
ABC: + &get -n 
ABC: + &dch -f 
ABC: + &nf 
ABC: + &put 
ABC: + write_blif <abc-temp-dir>/output.blif 

5.1.2. Re-integrating ABC results.
ABC RESULTS:     sg13g2_a21o_1 cells:      601
ABC RESULTS:    sg13g2_a21oi_1 cells:     3884
ABC RESULTS:   sg13g2_a221oi_1 cells:      171
ABC RESULTS:    sg13g2_a22oi_1 cells:     1242
ABC RESULTS:     sg13g2_and2_1 cells:     1001
ABC RESULTS:     sg13g2_and3_1 cells:      120
ABC RESULTS:     sg13g2_and4_1 cells:      119
ABC RESULTS:      sg13g2_buf_1 cells:        2
ABC RESULTS:      sg13g2_inv_1 cells:     1081
ABC RESULTS:     sg13g2_mux2_1 cells:     2127
ABC RESULTS:     sg13g2_mux4_1 cells:       23
ABC RESULTS:    sg13g2_nand2_1 cells:     3826
ABC RESULTS:   sg13g2_nand2b_1 cells:     1076
ABC RESULTS:    sg13g2_nand3_1 cells:      654
ABC RESULTS:   sg13g2_nand3b_1 cells:       24
ABC RESULTS:    sg13g2_nand4_1 cells:      314
ABC RESULTS:     sg13g2_nor2_1 cells:     2604
ABC RESULTS:    sg13g2_nor2b_1 cells:     2040
ABC RESULTS:     sg13g2_nor3_1 cells:      569
ABC RESULTS:     sg13g2_nor4_1 cells:       57
ABC RESULTS:    sg13g2_o21ai_1 cells:     3261
ABC RESULTS:      sg13g2_or2_1 cells:      295
ABC RESULTS:      sg13g2_or3_1 cells:      375
ABC RESULTS:      sg13g2_or4_1 cells:       13
ABC RESULTS:    sg13g2_xnor2_1 cells:     2965
ABC RESULTS:     sg13g2_xor2_1 cells:     1537
ABC RESULTS:        internal signals:    27788
ABC RESULTS:           input signals:     4956
ABC RESULTS:          output signals:     3894
Removing temp directory.
Removing global temp directory.

6. Executing OPT_CLEAN pass (remove unused cells and wires).
Finding unused cells or wires in module \exec_top..
Removed 0 unused cells and 35865 unused wires.
<suppressed ~80 debug messages>

7. Printing statistics.

=== exec_top ===

        +----------Local Count, excluding submodules.
        |        +-Local Area, excluding submodules.
        |        | 
    31225        - wires
    74244        - wire bits
     1559        - public wires
    44578        - public wire bits
       76        - ports
     2433        - port bits
    33831 4.91E+05 cells
      146        -   $scopeinfo
      601 7.63E+03   sg13g2_a21o_1
     3884 3.52E+04   sg13g2_a21oi_1
      171 2.48E+03   sg13g2_a221oi_1
     1242 1.35E+04   sg13g2_a22oi_1
     1001 9.08E+03   sg13g2_and2_1
      120 1.52E+03   sg13g2_and3_1
      119 1.73E+03   sg13g2_and4_1
        2   14.515   sg13g2_buf_1
     3704 1.81E+05   sg13g2_dfrbpq_1
     1081 5.88E+03   sg13g2_inv_1
     2127 3.86E+04   sg13g2_mux2_1
       23  876.355   sg13g2_mux4_1
     3826 2.78E+04   sg13g2_nand2_1
     1076 9.76E+03   sg13g2_nand2b_1
      654 5.93E+03   sg13g2_nand3_1
       24  304.819   sg13g2_nand3b_1
      314  3418.33   sg13g2_nand4_1
     2604 1.89E+04   sg13g2_nor2_1
     2040 1.85E+04   sg13g2_nor2b_1
      569 5.16E+03   sg13g2_nor3_1
       57  620.525   sg13g2_nor4_1
     3261 2.96E+04   sg13g2_o21ai_1
      295  2676.24   sg13g2_or2_1
      375   4762.8   sg13g2_or3_1
       13  188.698   sg13g2_or4_1
     2965  4.3E+04   sg13g2_xnor2_1
     1537 2.23E+04   sg13g2_xor2_1

   Area for cell type $scopeinfo is unknown!

   Chip area for module '\exec_top': 490911.548400
     of which used for sequential elements: 181454.515200 (36.96%)

8. Executing Verilog backend.

8.1. Executing BMUXMAP pass.

8.2. Executing DEMUXMAP pass.
Dumping module `\exec_top'.

Warnings: 13 unique messages, 13 total
End of script. Logfile hash: 4d347232e4, CPU: user 10.66s system 0.13s, MEM: 194.67 MB peak
Yosys 0.58 (git sha1 157aabb58, g++ 14.2.0-19 -fPIC -O3)
Time spent: 49% 2x abc (9 sec), 14% 34x opt_clean (2 sec), ...
