      TIME             V(CLK)             V(DT)             V(AQ)             V(BQ)      
   0.00000000e+00    0.00000000e+00    0.00000000e+00    9.46342928e-08    9.46342931e-08
   2.00000000e-12    0.00000000e+00    0.00000000e+00    9.46342928e-08    9.46342931e-08
   6.00000000e-12    0.00000000e+00    0.00000000e+00    9.46342929e-08    9.46342930e-08
   1.40000000e-11    0.00000000e+00    0.00000000e+00    9.46342929e-08    9.46342931e-08
   3.00000000e-11    0.00000000e+00    0.00000000e+00    9.46342930e-08    9.46342930e-08
   6.20000000e-11    0.00000000e+00    0.00000000e+00    9.46342930e-08    9.46342929e-08
   1.12000000e-10    0.00000000e+00    0.00000000e+00    9.46342930e-08    9.46342929e-08
   1.62000000e-10    0.00000000e+00    0.00000000e+00    9.46342930e-08    9.46342929e-08
   2.12000000e-10    0.00000000e+00    0.00000000e+00    9.46342929e-08    9.46342930e-08
   2.62000000e-10    0.00000000e+00    0.00000000e+00    9.46342929e-08    9.46342929e-08
   3.12000000e-10    0.00000000e+00    0.00000000e+00    9.46342929e-08    9.46342929e-08
   3.62000000e-10    0.00000000e+00    0.00000000e+00    9.46342929e-08    9.46342930e-08
   4.12000000e-10    0.00000000e+00    0.00000000e+00    9.46342929e-08    9.46342929e-08
   4.62000000e-10    0.00000000e+00    0.00000000e+00    9.46342929e-08    9.46342929e-08
   5.00000000e-10    0.00000000e+00    0.00000000e+00    9.46342929e-08    9.46342929e-08
   5.00209375e-10    7.50000000e-03    0.00000000e+00    7.86916199e-07    7.86916199e-07
   5.00418750e-10    1.50000000e-02    0.00000000e+00    1.45449972e-06    1.45449972e-06
   5.00628125e-10    2.25000000e-02    0.00000000e+00    2.10990442e-06    2.10990442e-06
   5.01046875e-10    3.75000000e-02    0.00000000e+00    3.34848633e-06    3.34848633e-06
   5.01884375e-10    6.75000000e-02    0.00000000e+00    5.54923344e-06    5.54923344e-06
   5.03559375e-10    1.27500000e-01    0.00000000e+00    8.95250915e-06    8.95250915e-06
   5.06909375e-10    2.47500000e-01    0.00000000e+00    1.26309306e-05    1.26309306e-05
   5.10259375e-10    3.67500000e-01    0.00000000e+00    1.34107877e-05    1.34107877e-05
   5.13609375e-10    4.87500000e-01    0.00000000e+00    1.26666506e-05    1.26666506e-05
   5.14665769e-10    5.25340964e-01    0.00000000e+00    1.22213240e-05    1.22213240e-05
   5.16778556e-10    6.01022893e-01    0.00000000e+00    1.11319502e-05    1.11319502e-05
   5.17467417e-10    6.25698523e-01    0.00000000e+00    1.06340012e-05    1.06340012e-05
   5.18845140e-10    6.75049781e-01    0.00000000e+00    9.40814251e-06    9.40814251e-06
   5.21600585e-10    7.73752298e-01    0.00000000e+00    4.92043805e-06    4.92043805e-06
   5.22017872e-10    7.88699884e-01    0.00000000e+00    3.88904266e-06    3.88904266e-06
   5.22435158e-10    8.03647469e-01    0.00000000e+00    2.78144473e-06    2.78144473e-06
   5.23269732e-10    8.33542639e-01    0.00000000e+00    1.76485889e-07    1.76485889e-07
   5.24104305e-10    8.63437809e-01    0.00000000e+00   -3.01328781e-06   -3.01328781e-06
   5.24938879e-10    8.93332979e-01    0.00000000e+00   -6.84799425e-06   -6.84799425e-06
   5.25773452e-10    9.23228149e-01    0.00000000e+00   -1.13220060e-05   -1.13220060e-05
   5.26608026e-10    9.53123319e-01    0.00000000e+00   -1.63632873e-05   -1.63632873e-05
   5.27442599e-10    9.83018489e-01    0.00000000e+00   -2.18962437e-05   -2.18962437e-05
   5.28277173e-10    1.01291366e+00    0.00000000e+00   -2.78755671e-05   -2.78755671e-05
   5.29111746e-10    1.04280883e+00    0.00000000e+00   -3.42758808e-05   -3.42758808e-05
   5.29946320e-10    1.07270400e+00    0.00000000e+00   -4.10766384e-05   -4.10766384e-05
   5.30780893e-10    1.10259917e+00    0.00000000e+00   -4.82543658e-05   -4.82543658e-05
   5.31615467e-10    1.13249434e+00    0.00000000e+00   -5.57797157e-05   -5.57797157e-05
   5.32450040e-10    1.16238951e+00    0.00000000e+00   -6.36165522e-05   -6.36165522e-05
   5.33284614e-10    1.19228468e+00    0.00000000e+00   -7.17217719e-05   -7.17217719e-05
   5.33500000e-10    1.20000000e+00    0.00000000e+00   -7.38524412e-05   -7.38524412e-05
   5.33547131e-10    1.20000000e+00    0.00000000e+00   -7.44159362e-05   -7.44159362e-05
   5.33588735e-10    1.20000000e+00    0.00000000e+00   -7.49094530e-05   -7.49094530e-05
   5.33630339e-10    1.20000000e+00    0.00000000e+00   -7.54010881e-05   -7.54010881e-05
   5.33713547e-10    1.20000000e+00    0.00000000e+00   -7.63726784e-05   -7.63726784e-05
   5.33879964e-10    1.20000000e+00    0.00000000e+00   -7.82695014e-05   -7.82695014e-05
   5.34212797e-10    1.20000000e+00    0.00000000e+00   -8.18807026e-05   -8.18807026e-05
   5.34878462e-10    1.20000000e+00    0.00000000e+00   -8.83982964e-05   -8.83982964e-05
   5.36209794e-10    1.20000000e+00    0.00000000e+00   -9.88241620e-05   -9.88241620e-05
   5.38872457e-10    1.20000000e+00    0.00000000e+00   -1.10926216e-04   -1.10926216e-04
   5.41535120e-10    1.20000000e+00    0.00000000e+00   -1.13776529e-04   -1.13776529e-04
   5.44197784e-10    1.20000000e+00    0.00000000e+00   -1.09792274e-04   -1.09792274e-04
   5.46594180e-10    1.20000000e+00    0.00000000e+00   -1.01982113e-04   -1.01982113e-04
   5.48990577e-10    1.20000000e+00    0.00000000e+00   -9.15356624e-05   -9.15356624e-05
   5.51386974e-10    1.20000000e+00    0.00000000e+00   -7.91752201e-05   -7.91752201e-05
   5.53783371e-10    1.20000000e+00    0.00000000e+00   -6.50383784e-05   -6.50383784e-05
   5.56179768e-10    1.20000000e+00    0.00000000e+00   -4.96330419e-05   -4.96330419e-05
   5.58576165e-10    1.20000000e+00    0.00000000e+00   -3.40077613e-05   -3.40077613e-05
   5.60732922e-10    1.20000000e+00    0.00000000e+00   -2.02438486e-05   -2.02438486e-05
   5.62674003e-10    1.20000000e+00    0.00000000e+00   -8.22549202e-06   -8.22549202e-06
   5.64615085e-10    1.20000000e+00    0.00000000e+00    3.37367600e-06    3.37367600e-06
   5.66556166e-10    1.20000000e+00    0.00000000e+00    1.44871391e-05    1.44871391e-05
   5.68497248e-10    1.20000000e+00    0.00000000e+00    2.50391628e-05    2.50391628e-05
   5.70438329e-10    1.20000000e+00    0.00000000e+00    3.49437033e-05    3.49437033e-05
   5.72379411e-10    1.20000000e+00    0.00000000e+00    4.41077512e-05    4.41077512e-05
   5.74320492e-10    1.20000000e+00    0.00000000e+00    5.24378562e-05    5.24378562e-05
   5.76261574e-10    1.20000000e+00    0.00000000e+00    5.98482972e-05    5.98482972e-05
   5.78202655e-10    1.20000000e+00    0.00000000e+00    6.62691207e-05    6.62691207e-05
   5.80143736e-10    1.20000000e+00    0.00000000e+00    7.16525458e-05    7.16525458e-05
   5.82084818e-10    1.20000000e+00    0.00000000e+00    7.59769480e-05    7.59769480e-05
   5.84025899e-10    1.20000000e+00    0.00000000e+00    7.92485603e-05    7.92485603e-05
   5.85966981e-10    1.20000000e+00    0.00000000e+00    8.15021553e-05    8.15021553e-05
   5.87908062e-10    1.20000000e+00    0.00000000e+00    8.28036843e-05    8.28036843e-05
   5.89849144e-10    1.20000000e+00    0.00000000e+00    8.32610483e-05    8.32610483e-05
   5.91790225e-10    1.20000000e+00    0.00000000e+00    8.30532013e-05    8.30532013e-05
   5.93731307e-10    1.20000000e+00    0.00000000e+00    8.24786958e-05    8.24786958e-05
   5.95672388e-10    1.20000000e+00    0.00000000e+00    8.19621886e-05    8.19621886e-05
   5.97613470e-10    1.20000000e+00    0.00000000e+00    8.19039489e-05    8.19039489e-05
   5.99554551e-10    1.20000000e+00    0.00000000e+00    8.24828925e-05    8.24828925e-05
   6.01495633e-10    1.20000000e+00    0.00000000e+00    8.36668474e-05    8.36668474e-05
   6.03436714e-10    1.20000000e+00    0.00000000e+00    8.53271376e-05    8.53271376e-05
   6.05377795e-10    1.20000000e+00    0.00000000e+00    8.72824366e-05    8.72824366e-05
   6.07318877e-10    1.20000000e+00    0.00000000e+00    8.92904017e-05    8.92904017e-05
   6.09259958e-10    1.20000000e+00    0.00000000e+00    9.10409699e-05    9.10409700e-05
   6.11201040e-10    1.20000000e+00    0.00000000e+00    9.21673951e-05    9.21673952e-05
   6.13142121e-10    1.20000000e+00    0.00000000e+00    9.22716851e-05    9.22716851e-05
   6.15083203e-10    1.20000000e+00    0.00000000e+00    9.09683999e-05    9.09684000e-05
   6.17024284e-10    1.20000000e+00    0.00000000e+00    8.79599862e-05    8.79599862e-05
   6.18965366e-10    1.20000000e+00    0.00000000e+00    8.31092463e-05    8.31092463e-05
   6.20906447e-10    1.20000000e+00    0.00000000e+00    7.64580181e-05    7.64580181e-05
   6.22847529e-10    1.20000000e+00    0.00000000e+00    6.81991583e-05    6.81991583e-05
   6.24788610e-10    1.20000000e+00    0.00000000e+00    5.86316463e-05    5.86316463e-05
   6.26729691e-10    1.20000000e+00    0.00000000e+00    4.81149818e-05    4.81149818e-05
   6.28670773e-10    1.20000000e+00    0.00000000e+00    3.70291462e-05    3.70291462e-05
   6.30611854e-10    1.20000000e+00    0.00000000e+00    2.57428398e-05    2.57428397e-05
   6.32552936e-10    1.20000000e+00    0.00000000e+00    1.45908237e-05    1.45908237e-05
   6.34494017e-10    1.20000000e+00    0.00000000e+00    3.85984248e-06    3.85984248e-06
   6.36435099e-10    1.20000000e+00    0.00000000e+00   -6.21822724e-06   -6.21822724e-06
   6.38376180e-10    1.20000000e+00    0.00000000e+00   -1.54676803e-05   -1.54676803e-05
   6.40317262e-10    1.20000000e+00    0.00000000e+00   -2.37663787e-05   -2.37663787e-05
   6.42258343e-10    1.20000000e+00    0.00000000e+00   -3.10406494e-05   -3.10406494e-05
   6.44199425e-10    1.20000000e+00    0.00000000e+00   -3.72588028e-05   -3.72588028e-05
   6.46140506e-10    1.20000000e+00    0.00000000e+00   -4.24240995e-05   -4.24240995e-05
   6.48081587e-10    1.20000000e+00    0.00000000e+00   -4.65677477e-05   -4.65677477e-05
   6.50022669e-10    1.20000000e+00    0.00000000e+00   -4.97423174e-05   -4.97423174e-05
   6.51963750e-10    1.20000000e+00    0.00000000e+00   -5.20158046e-05   -5.20158046e-05
   6.53904832e-10    1.20000000e+00    0.00000000e+00   -5.34664657e-05   -5.34664657e-05
   6.55845913e-10    1.20000000e+00    0.00000000e+00   -5.41784611e-05   -5.41784611e-05
   6.57786995e-10    1.20000000e+00    0.00000000e+00   -5.42382902e-05   -5.42382902e-05
   6.59728076e-10    1.20000000e+00    0.00000000e+00   -5.37319624e-05   -5.37319625e-05
   6.63610239e-10    1.20000000e+00    0.00000000e+00   -5.13855959e-05   -5.13855959e-05
   6.67492402e-10    1.20000000e+00    0.00000000e+00   -4.77007868e-05   -4.77007868e-05
   6.71374565e-10    1.20000000e+00    0.00000000e+00   -4.31923083e-05   -4.31923083e-05
   6.75256728e-10    1.20000000e+00    0.00000000e+00   -3.82748612e-05   -3.82748612e-05
   6.79138891e-10    1.20000000e+00    0.00000000e+00   -3.32652599e-05   -3.32652599e-05
   6.83021054e-10    1.20000000e+00    0.00000000e+00   -2.83926747e-05   -2.83926747e-05
   6.86903217e-10    1.20000000e+00    0.00000000e+00   -2.38124093e-05   -2.38124093e-05
   6.90785380e-10    1.20000000e+00    0.00000000e+00   -1.96203943e-05   -1.96203943e-05
   6.94667542e-10    1.20000000e+00    0.00000000e+00   -1.58667858e-05   -1.58667858e-05
   6.98549705e-10    1.20000000e+00    0.00000000e+00   -1.25678683e-05   -1.25678683e-05
   7.02431868e-10    1.20000000e+00    0.00000000e+00   -9.71597289e-06   -9.71597289e-06
   7.06314031e-10    1.20000000e+00    0.00000000e+00   -7.28742612e-06   -7.28742612e-06
   7.10196194e-10    1.20000000e+00    0.00000000e+00   -5.24870642e-06   -5.24870641e-06
   7.14078357e-10    1.20000000e+00    0.00000000e+00   -3.56105973e-06   -3.56105972e-06
   7.17960520e-10    1.20000000e+00    0.00000000e+00   -2.18384217e-06   -2.18384216e-06
   7.21842683e-10    1.20000000e+00    0.00000000e+00   -1.07684562e-06   -1.07684562e-06
   7.25724846e-10    1.20000000e+00    0.00000000e+00   -2.01833457e-07   -2.01833453e-07
   7.29607009e-10    1.20000000e+00    0.00000000e+00    4.76520826e-07    4.76520831e-07
   7.33489172e-10    1.20000000e+00    0.00000000e+00    9.90133918e-07    9.90133922e-07
   7.37371335e-10    1.20000000e+00    0.00000000e+00    1.36732608e-06    1.36732608e-06
   7.41253497e-10    1.20000000e+00    0.00000000e+00    1.63284955e-06    1.63284956e-06
   7.45135660e-10    1.20000000e+00    0.00000000e+00    1.80805750e-06    1.80805751e-06
   7.49017823e-10    1.20000000e+00    0.00000000e+00    1.91115816e-06    1.91115816e-06
   7.52899986e-10    1.20000000e+00    0.00000000e+00    1.95751398e-06    1.95751398e-06
   7.56782149e-10    1.20000000e+00    0.00000000e+00    1.95995766e-06    1.95995766e-06
   7.60664312e-10    1.20000000e+00    0.00000000e+00    1.92910569e-06    1.92910570e-06
   7.64546475e-10    1.20000000e+00    0.00000000e+00    1.87365710e-06    1.87365710e-06
   7.68428638e-10    1.20000000e+00    0.00000000e+00    1.80066985e-06    1.80066985e-06
   7.72310801e-10    1.20000000e+00    0.00000000e+00    1.71581108e-06    1.71581108e-06
   7.76192964e-10    1.20000000e+00    0.00000000e+00    1.62357971e-06    1.62357971e-06
   7.80075127e-10    1.20000000e+00    0.00000000e+00    1.52750166e-06    1.52750166e-06
   7.83957290e-10    1.20000000e+00    0.00000000e+00    1.43029910e-06    1.43029910e-06
   7.87839452e-10    1.20000000e+00    0.00000000e+00    1.33403554e-06    1.33403554e-06
   7.91721615e-10    1.20000000e+00    0.00000000e+00    1.24023924e-06    1.24023924e-06
   7.95603778e-10    1.20000000e+00    0.00000000e+00    1.15000718e-06    1.15000719e-06
   7.99485941e-10    1.20000000e+00    0.00000000e+00    1.06409210e-06    1.06409210e-06
   8.03368104e-10    1.20000000e+00    0.00000000e+00    9.82974668e-07    9.82974668e-07
   8.07250267e-10    1.20000000e+00    0.00000000e+00    9.06923167e-07    9.06923167e-07
   8.11132430e-10    1.20000000e+00    0.00000000e+00    8.36042248e-07    8.36042248e-07
   8.15014593e-10    1.20000000e+00    0.00000000e+00    7.70312645e-07    7.70312645e-07
   8.18896756e-10    1.20000000e+00    0.00000000e+00    7.09623233e-07    7.09623233e-07
   8.22778919e-10    1.20000000e+00    0.00000000e+00    6.53796706e-07    6.53796706e-07
   8.26661082e-10    1.20000000e+00    0.00000000e+00    6.02609986e-07    6.02609985e-07
   8.30543244e-10    1.20000000e+00    0.00000000e+00    5.55810282e-07    5.55810282e-07
   8.34425407e-10    1.20000000e+00    0.00000000e+00    5.13127594e-07    5.13127594e-07
   8.38307570e-10    1.20000000e+00    0.00000000e+00    4.74284319e-07    4.74284319e-07
   8.42189733e-10    1.20000000e+00    0.00000000e+00    4.39002521e-07    4.39002521e-07
   8.46071896e-10    1.20000000e+00    0.00000000e+00    4.07009322e-07    4.07009322e-07
   8.49954059e-10    1.20000000e+00    0.00000000e+00    3.78040787e-07    3.78040787e-07
   8.53836222e-10    1.20000000e+00    0.00000000e+00    3.51844632e-07    3.51844632e-07
   8.57718385e-10    1.20000000e+00    0.00000000e+00    3.28181994e-07    3.28181994e-07
   8.61600548e-10    1.20000000e+00    0.00000000e+00    3.06828482e-07    3.06828482e-07
   8.65482711e-10    1.20000000e+00    0.00000000e+00    2.87574673e-07    2.87574672e-07
   8.69364874e-10    1.20000000e+00    0.00000000e+00    2.70226187e-07    2.70226187e-07
   8.73247037e-10    1.20000000e+00    0.00000000e+00    2.54603459e-07    2.54603459e-07
   8.77129199e-10    1.20000000e+00    0.00000000e+00    2.40541278e-07    2.40541277e-07
   8.81011362e-10    1.20000000e+00    0.00000000e+00    2.27888171e-07    2.27888171e-07
   8.84893525e-10    1.20000000e+00    0.00000000e+00    2.16505696e-07    2.16505695e-07
   8.88775688e-10    1.20000000e+00    0.00000000e+00    2.06267652e-07    2.06267652e-07
   8.92657851e-10    1.20000000e+00    0.00000000e+00    1.97059280e-07    1.97059279e-07
   8.96540014e-10    1.20000000e+00    0.00000000e+00    1.88776440e-07    1.88776440e-07
   9.00422177e-10    1.20000000e+00    0.00000000e+00    1.81324813e-07    1.81324813e-07
   9.04304340e-10    1.20000000e+00    0.00000000e+00    1.74619116e-07    1.74619116e-07
   9.08186503e-10    1.20000000e+00    0.00000000e+00    1.68582355e-07    1.68582355e-07
   9.12068666e-10    1.20000000e+00    0.00000000e+00    1.63145114e-07    1.63145113e-07
   9.15950829e-10    1.20000000e+00    0.00000000e+00    1.58244888e-07    1.58244888e-07
   9.19832992e-10    1.20000000e+00    0.00000000e+00    1.53825462e-07    1.53825462e-07
   9.23715154e-10    1.20000000e+00    0.00000000e+00    1.49836323e-07    1.49836323e-07
   9.27597317e-10    1.20000000e+00    0.00000000e+00    1.46232133e-07    1.46232133e-07
   9.31479480e-10    1.20000000e+00    0.00000000e+00    1.42972229e-07    1.42972229e-07
   9.35361643e-10    1.20000000e+00    0.00000000e+00    1.40020172e-07    1.40020172e-07
   9.39243806e-10    1.20000000e+00    0.00000000e+00    1.37343333e-07    1.37343332e-07
   9.43125969e-10    1.20000000e+00    0.00000000e+00    1.34912513e-07    1.34912512e-07
   9.50890295e-10    1.20000000e+00    0.00000000e+00    1.30676957e-07    1.30676957e-07
   9.66418947e-10    1.20000000e+00    0.00000000e+00    1.24139656e-07    1.24139656e-07
   9.81947598e-10    1.20000000e+00    0.00000000e+00    1.19481209e-07    1.19481209e-07
   9.97476250e-10    1.20000000e+00    0.00000000e+00    1.16019840e-07    1.16019840e-07
   1.00000000e-09    1.20000000e+00    0.00000000e+00    1.15543884e-07    1.15543884e-07
   1.00040261e-09    1.20000000e+00    5.79757520e-03    1.15469986e-07    1.24034259e-07
   1.00072199e-09    1.20000000e+00    1.03967099e-02    1.15411621e-07    1.30224010e-07
   1.00136076e-09    1.20000000e+00    1.95949792e-02    1.15295306e-07    1.41564979e-07
   1.00263830e-09    1.20000000e+00    3.79915179e-02    1.15066000e-07    1.58578706e-07
   1.00519337e-09    1.20000000e+00    7.47845953e-02    1.14620192e-07    1.74980596e-07
   1.01030352e-09    1.20000000e+00    1.48370750e-01    1.13776148e-07    1.66899718e-07
   1.02052382e-09    1.20000000e+00    2.95543060e-01    1.12252550e-07    1.10201773e-07
   1.04096441e-09    1.20000000e+00    5.89887679e-01    1.09706397e-07    6.83066235e-08
   1.04764086e-09    1.20000000e+00    6.86028679e-01    1.09021192e-07    6.42279380e-08
   1.05059487e-09    1.20000000e+00    7.28566466e-01    1.08721210e-07    5.39503107e-08
   1.05354889e-09    1.20000000e+00    7.71104253e-01    1.08422581e-07    3.57286372e-08
   1.05945691e-09    1.20000000e+00    8.56179828e-01    1.07853439e-07   -2.44815055e-08
   1.06463313e-09    1.20000000e+00    9.30717430e-01    1.07380803e-07   -7.91590176e-08
   1.06929173e-09    1.20000000e+00    9.97801271e-01    1.06972739e-07   -1.12865379e-07
   1.07395033e-09    1.20000000e+00    1.06488511e+00    1.06579382e-07   -1.26381867e-07
   1.07860892e-09    1.20000000e+00    1.13196895e+00    1.06199698e-07   -1.18138356e-07
   1.08326752e-09    1.20000000e+00    1.19905280e+00    1.05832900e-07   -8.98295414e-08
   1.08333330e-09    1.20000000e+00    1.20000000e+00    1.05827811e-07   -8.92996757e-08
   1.08339908e-09    1.20000000e+00    1.20000000e+00    1.05822728e-07   -8.97396032e-08
   1.08346486e-09    1.20000000e+00    1.20000000e+00    1.05817647e-07   -9.01035745e-08
   1.08359641e-09    1.20000000e+00    1.20000000e+00    1.05807487e-07   -9.06826114e-08
   1.08385952e-09    1.20000000e+00    1.20000000e+00    1.05787196e-07   -9.09814372e-08
   1.08438575e-09    1.20000000e+00    1.20000000e+00    1.05746728e-07   -8.84654621e-08
   1.08543820e-09    1.20000000e+00    1.20000000e+00    1.05666252e-07   -7.32487221e-08
   1.08754310e-09    1.20000000e+00    1.20000000e+00    1.05507108e-07   -1.61828484e-08
   1.08964799e-09    1.20000000e+00    1.20000000e+00    1.05350347e-07    5.95114511e-08
   1.09175289e-09    1.20000000e+00    1.20000000e+00    1.05195923e-07    1.38299610e-07
   1.09596269e-09    1.20000000e+00    1.20000000e+00    1.04893861e-07    2.73553265e-07
   1.10017248e-09    1.20000000e+00    1.20000000e+00    1.04600634e-07    3.64017340e-07
   1.10438228e-09    1.20000000e+00    1.20000000e+00    1.04315895e-07    4.08028599e-07
   1.11280187e-09    1.20000000e+00    1.20000000e+00    1.03770410e-07    4.01995445e-07
   1.12122146e-09    1.20000000e+00    1.20000000e+00    1.03255511e-07    3.29394743e-07
   1.13806064e-09    1.20000000e+00    1.20000000e+00    1.02308135e-07    1.75956225e-07
   1.15489982e-09    1.20000000e+00    1.20000000e+00    1.01462218e-07    8.86817311e-08
   1.17173900e-09    1.20000000e+00    1.20000000e+00    1.00705607e-07    7.07374094e-08
   1.17420226e-09    1.20000000e+00    1.20000000e+00    1.00603576e-07    7.21751331e-08
   1.17666552e-09    1.20000000e+00    1.20000000e+00    1.00501328e-07    7.42547351e-08
   1.18159203e-09    1.20000000e+00    1.20000000e+00    1.00302123e-07    7.99356220e-08
   1.18651855e-09    1.20000000e+00    1.20000000e+00    1.00109650e-07    8.59256265e-08
   1.19144506e-09    1.20000000e+00    1.20000000e+00    9.99235667e-08    9.05719946e-08
   1.19637157e-09    1.20000000e+00    1.20000000e+00    9.97436195e-08    9.28087106e-08
   1.20129809e-09    1.20000000e+00    1.20000000e+00    9.95695987e-08    9.21110899e-08
   1.20622460e-09    1.20000000e+00    1.20000000e+00    9.94013181e-08    8.85185993e-08
   1.21115112e-09    1.20000000e+00    1.20000000e+00    9.92386037e-08    8.25596143e-08
   1.21607763e-09    1.20000000e+00    1.20000000e+00    9.90812893e-08    7.50745852e-08
   1.22100414e-09    1.20000000e+00    1.20000000e+00    9.89292141e-08    6.70075866e-08
   1.22593066e-09    1.20000000e+00    1.20000000e+00    9.87822221e-08    5.92328986e-08
   1.23085717e-09    1.20000000e+00    1.20000000e+00    9.86401600e-08    5.24472026e-08
   1.23578369e-09    1.20000000e+00    1.20000000e+00    9.85028791e-08    4.71257493e-08
   1.24071020e-09    1.20000000e+00    1.20000000e+00    9.83702333e-08    4.35252451e-08
   1.24563671e-09    1.20000000e+00    1.20000000e+00    9.82420798e-08    4.17139922e-08
   1.25056323e-09    1.20000000e+00    1.20000000e+00    9.81182792e-08    4.16138790e-08
   1.26041626e-09    1.20000000e+00    1.20000000e+00    9.78830937e-08    4.56466919e-08
   1.27026928e-09    1.20000000e+00    1.20000000e+00    9.76637974e-08    5.37202008e-08
   1.28012231e-09    1.20000000e+00    1.20000000e+00    9.74593121e-08    6.37838171e-08
   1.28997534e-09    1.20000000e+00    1.20000000e+00    9.72686986e-08    7.41398400e-08
   1.29982837e-09    1.20000000e+00    1.20000000e+00    9.70910705e-08    8.35755907e-08
   1.31953442e-09    1.20000000e+00    1.20000000e+00    9.67709728e-08    9.74784007e-08
   1.35894654e-09    1.20000000e+00    1.20000000e+00    9.62505766e-08    1.07567832e-07
   1.39835865e-09    1.20000000e+00    1.20000000e+00    9.58610866e-08    1.04466626e-07
   1.43777076e-09    1.20000000e+00    1.20000000e+00    9.55686797e-08    9.97021660e-08
   1.47718287e-09    1.20000000e+00    1.20000000e+00    9.53500065e-08    9.69478188e-08
   1.55600709e-09    1.20000000e+00    1.20000000e+00    9.50566402e-08    9.50706524e-08
   1.63483132e-09    1.20000000e+00    1.20000000e+00    9.48933906e-08    9.48616424e-08
   1.79247977e-09    1.20000000e+00    1.20000000e+00    9.47353739e-08    9.47350671e-08
   2.10777666e-09    1.20000000e+00    1.20000000e+00    9.46566463e-08    9.46570106e-08
   2.42307355e-09    1.20000000e+00    1.20000000e+00    9.46447621e-08    9.46446595e-08
   2.73837045e-09    1.20000000e+00    1.20000000e+00    9.46400944e-08    9.46408108e-08
   2.87500000e-09    1.20000000e+00    1.20000000e+00    9.46407573e-08    9.46396522e-08
   2.87520938e-09    1.19250000e+00    1.20000000e+00   -3.05668706e-07   -3.04668956e-07
   2.87541875e-09    1.18500000e+00    1.20000000e+00   -6.85489980e-07   -6.83553583e-07
   2.87562813e-09    1.17750000e+00    1.20000000e+00   -1.05528879e-06   -1.05244696e-06
   2.87604688e-09    1.16250000e+00    1.20000000e+00   -1.73690499e-06   -1.73243044e-06
   2.87688438e-09    1.13250000e+00    1.20000000e+00   -2.88889874e-06   -2.88178908e-06
   2.87855938e-09    1.07250000e+00    1.20000000e+00   -4.49537954e-06   -4.48495630e-06
   2.88190938e-09    9.52500000e-01    1.20000000e+00   -5.85619878e-06   -5.84363291e-06
   2.88860938e-09    7.12500000e-01    1.20000000e+00   -6.08479911e-06   -6.07040724e-06
   2.89463938e-09    4.96500000e-01    1.20000000e+00   -2.85555297e-06   -2.84440548e-06
   2.89517685e-09    4.77247143e-01    1.20000000e+00   -2.09359322e-06   -2.08388760e-06
   2.89571433e-09    4.57994285e-01    1.20000000e+00   -1.28015250e-06   -1.27206963e-06
   2.89678928e-09    4.19488570e-01    1.20000000e+00    5.94361793e-07    5.98229905e-07
   2.89786423e-09    3.80982856e-01    1.20000000e+00    2.74927782e-06    2.74773381e-06
   2.89893918e-09    3.42477141e-01    1.20000000e+00    5.12410648e-06    5.11615325e-06
   2.90001413e-09    3.03971426e-01    1.20000000e+00    7.66961061e-06    7.65443449e-06
   2.90108908e-09    2.65465711e-01    1.20000000e+00    1.03441220e-05    1.03210575e-05
   2.90216403e-09    2.26959997e-01    1.20000000e+00    1.31095230e-05    1.30780358e-05
   2.90323898e-09    1.88454282e-01    1.20000000e+00    1.59298309e-05    1.58895108e-05
   2.90431394e-09    1.49948567e-01    1.20000000e+00    1.87710695e-05    1.87216269e-05
   2.90538889e-09    1.11442852e-01    1.20000000e+00    2.16014969e-05    2.15427595e-05
   2.90646384e-09    7.29371374e-02    1.20000000e+00    2.43918364e-05    2.43237451e-05
   2.90753879e-09    3.44314226e-02    1.20000000e+00    2.71154133e-05    2.70380186e-05
   2.90850000e-09    2.22044605e-15    1.20000000e+00    2.94748567e-05    2.93892709e-05
   2.90860750e-09    0.00000000e+00    1.20000000e+00    3.00178752e-05    2.99306409e-05
   2.90868412e-09    0.00000000e+00    1.20000000e+00    3.03982020e-05    3.03098078e-05
   2.90876075e-09    0.00000000e+00    1.20000000e+00    3.07751604e-05    3.06856139e-05
   2.90891400e-09    0.00000000e+00    1.20000000e+00    3.15090733e-05    3.14172676e-05
   2.90922050e-09    0.00000000e+00    1.20000000e+00    3.28985589e-05    3.28024158e-05
   2.90983351e-09    0.00000000e+00    1.20000000e+00    3.53773301e-05    3.52732230e-05
   2.91105953e-09    0.00000000e+00    1.20000000e+00    3.92351566e-05    3.91178492e-05
   2.91351157e-09    0.00000000e+00    1.20000000e+00    4.32883828e-05    4.31545209e-05
   2.91596361e-09    0.00000000e+00    1.20000000e+00    4.35049419e-05    4.33658495e-05
   2.91841564e-09    0.00000000e+00    1.20000000e+00    4.10769680e-05    4.09415151e-05
   2.92331972e-09    0.00000000e+00    1.20000000e+00    3.20465861e-05    3.19353058e-05
   2.92822379e-09    0.00000000e+00    1.20000000e+00    2.07716156e-05    2.06969466e-05
   2.93312786e-09    0.00000000e+00    1.20000000e+00    1.00296213e-05    9.99387792e-06
   2.93803194e-09    0.00000000e+00    1.20000000e+00    1.00044571e-06    9.98412885e-07
   2.94293601e-09    0.00000000e+00    1.20000000e+00   -6.07434446e-06   -6.07340391e-06
   2.94784009e-09    0.00000000e+00    1.20000000e+00   -1.13107916e-05   -1.13939657e-05
   2.95274416e-09    0.00000000e+00    1.20000000e+00   -1.59468046e-05   -1.61760739e-05
   2.95715783e-09    0.00000000e+00    1.20000000e+00   -2.11508232e-05   -2.15237188e-05
   2.96113013e-09    0.00000000e+00    1.20000000e+00   -2.71030765e-05   -2.76184177e-05
   2.96464273e-09    0.00000000e+00    1.20000000e+00   -3.32712623e-05   -3.39280219e-05
   2.96772010e-09    0.00000000e+00    1.20000000e+00   -3.92140200e-05   -4.00180574e-05
   2.97048290e-09    0.00000000e+00    1.20000000e+00   -4.47215802e-05   -4.56910622e-05
   2.97296942e-09    0.00000000e+00    1.20000000e+00   -4.94855162e-05   -5.06297062e-05
   2.97545594e-09    0.00000000e+00    1.20000000e+00   -5.37394410e-05   -5.50697396e-05
   2.97794246e-09    0.00000000e+00    1.20000000e+00   -5.72222663e-05   -5.87331810e-05
   2.98042898e-09    0.00000000e+00    1.20000000e+00   -5.97400994e-05   -6.14083736e-05
   2.98291550e-09    0.00000000e+00    1.20000000e+00   -6.11688131e-05   -6.29538614e-05
   2.98540202e-09    0.00000000e+00    1.20000000e+00   -6.14491959e-05   -6.32946683e-05
   2.98788854e-09    0.00000000e+00    1.20000000e+00   -6.05738075e-05   -6.24151421e-05
   2.99037505e-09    0.00000000e+00    1.20000000e+00   -5.85485907e-05   -6.03483512e-05
   2.99286157e-09    0.00000000e+00    1.20000000e+00   -5.53219501e-05   -5.71582304e-05
   2.99534809e-09    0.00000000e+00    1.20000000e+00   -5.08701387e-05   -5.29045756e-05
   2.99783461e-09    0.00000000e+00    1.20000000e+00   -4.54066752e-05   -4.75845327e-05
   3.00032113e-09    0.00000000e+00    1.20000000e+00   -3.90975145e-05   -4.10832120e-05
   3.00280765e-09    0.00000000e+00    1.20000000e+00   -3.16751851e-05   -3.31026896e-05
   3.00529417e-09    0.00000000e+00    1.20000000e+00   -2.25949312e-05   -2.32142625e-05
   3.00778069e-09    0.00000000e+00    1.20000000e+00   -1.24511387e-05   -1.21665313e-05
   3.01026721e-09    0.00000000e+00    1.20000000e+00   -3.00701591e-06   -1.93710042e-06
   3.01275373e-09    0.00000000e+00    1.20000000e+00    5.16780869e-06    6.84986194e-06
   3.01524024e-09    0.00000000e+00    1.20000000e+00    1.24217914e-05    1.45864950e-05
   3.01772676e-09    0.00000000e+00    1.20000000e+00    1.91724715e-05    2.17323539e-05
   3.01996463e-09    0.00000000e+00    1.20000000e+00    2.50117721e-05    2.78691753e-05
   3.02197871e-09    0.00000000e+00    1.20000000e+00    3.00927560e-05    3.31703763e-05
   3.02399279e-09    0.00000000e+00    1.20000000e+00    3.49221861e-05    3.81665573e-05
   3.02600687e-09    0.00000000e+00    1.20000000e+00    3.93624409e-05    4.27105816e-05
   3.02802095e-09    0.00000000e+00    1.20000000e+00    4.32606999e-05    4.66433607e-05
   3.03003503e-09    0.00000000e+00    1.20000000e+00    4.64811842e-05    4.98283901e-05
   3.03204911e-09    0.00000000e+00    1.20000000e+00    4.89265845e-05    5.21732442e-05
   3.03406319e-09    0.00000000e+00    1.20000000e+00    5.05473305e-05    5.36374839e-05
   3.03607727e-09    0.00000000e+00    1.20000000e+00    5.13409704e-05    5.42301846e-05
   3.03809135e-09    0.00000000e+00    1.20000000e+00    5.13452848e-05    5.40013569e-05
   3.04010543e-09    0.00000000e+00    1.20000000e+00    5.06285098e-05    5.30309191e-05
   3.04211951e-09    0.00000000e+00    1.20000000e+00    4.92791031e-05    5.14176952e-05
   3.04413360e-09    0.00000000e+00    1.20000000e+00    4.73964966e-05    4.92698007e-05
   3.04614768e-09    0.00000000e+00    1.20000000e+00    4.50835101e-05    4.66969735e-05
   3.04816176e-09    0.00000000e+00    1.20000000e+00    4.24405963e-05    4.38049120e-05
   3.05218992e-09    0.00000000e+00    1.20000000e+00    3.65669475e-05    3.74793577e-05
   3.05621808e-09    0.00000000e+00    1.20000000e+00    3.03567283e-05    3.08887519e-05
   3.06024624e-09    0.00000000e+00    1.20000000e+00    2.42814487e-05    2.45084121e-05
   3.06427440e-09    0.00000000e+00    1.20000000e+00    1.86550269e-05    1.86478307e-05
   3.06830256e-09    0.00000000e+00    1.20000000e+00    1.36577222e-05    1.34786421e-05
   3.07635888e-09    0.00000000e+00    1.20000000e+00    5.76643038e-06    5.38536534e-06
   3.08441520e-09    0.00000000e+00    1.20000000e+00    5.16048118e-07    6.78911939e-08
   3.09247152e-09    0.00000000e+00    1.20000000e+00   -2.59481702e-06   -3.03331057e-06
   3.10052785e-09    0.00000000e+00    1.20000000e+00   -4.18203472e-06   -4.57308378e-06
   3.10858417e-09    0.00000000e+00    1.20000000e+00   -4.78183000e-06   -5.11141388e-06
   3.11664049e-09    0.00000000e+00    1.20000000e+00   -4.79449429e-06   -5.06390530e-06
   3.12469681e-09    0.00000000e+00    1.20000000e+00   -4.49169450e-06   -4.71520401e-06
   3.13275313e-09    0.00000000e+00    1.20000000e+00   -4.04489217e-06   -4.24557725e-06
   3.14080945e-09    0.00000000e+00    1.20000000e+00   -3.55524803e-06   -3.75017803e-06
   3.14886578e-09    0.00000000e+00    1.20000000e+00   -3.07798515e-06   -3.26850903e-06
   3.15692210e-09    0.00000000e+00    1.20000000e+00   -2.63998706e-06   -2.81874528e-06
   3.16497842e-09    0.00000000e+00    1.20000000e+00   -2.25159668e-06   -2.41208796e-06
   3.17303474e-09    0.00000000e+00    1.20000000e+00   -1.91410346e-06   -2.05401869e-06
   3.18109106e-09    0.00000000e+00    1.20000000e+00   -1.62427472e-06   -1.74467156e-06
   3.18914738e-09    0.00000000e+00    1.20000000e+00   -1.37697059e-06   -1.48059274e-06
   3.19720370e-09    0.00000000e+00    1.20000000e+00   -1.16657068e-06   -1.25667441e-06
   3.20526003e-09    0.00000000e+00    1.20000000e+00   -9.87693082e-07   -1.06748970e-06
   3.21331635e-09    0.00000000e+00    1.20000000e+00   -8.35509567e-07   -9.08051562e-07
   3.22137267e-09    0.00000000e+00    1.20000000e+00   -7.05841707e-07   -7.74472945e-07
   3.22942899e-09    0.00000000e+00    1.20000000e+00   -5.95146682e-07   -6.64766485e-07
   3.23748531e-09    0.00000000e+00    1.20000000e+00   -5.00453985e-07   -5.77508303e-07
   3.24554163e-09    0.00000000e+00    1.20000000e+00   -4.19286055e-07   -5.09575203e-07
   3.25359795e-09    0.00000000e+00    1.20000000e+00   -3.49579358e-07   -4.57918430e-07
   3.26084864e-09    0.00000000e+00    1.20000000e+00   -2.95233584e-07   -4.23629367e-07
   3.26737426e-09    0.00000000e+00    1.20000000e+00   -2.52195431e-07   -4.00523188e-07
   3.27324732e-09    0.00000000e+00    1.20000000e+00   -2.17641589e-07   -3.81626529e-07
   3.27912038e-09    0.00000000e+00    1.20000000e+00   -1.86600363e-07   -3.59624103e-07
   3.28499344e-09    0.00000000e+00    1.20000000e+00   -1.58699557e-07   -3.31326861e-07
   3.29086650e-09    0.00000000e+00    1.20000000e+00   -1.33609526e-07   -2.94625697e-07
   3.29673956e-09    0.00000000e+00    1.20000000e+00   -1.11037732e-07   -2.46970633e-07
   3.30261262e-09    0.00000000e+00    1.20000000e+00   -9.07240818e-08   -1.84546479e-07
   3.30848567e-09    0.00000000e+00    1.20000000e+00   -7.24369317e-08   -1.05842838e-07
   3.31377143e-09    0.00000000e+00    1.20000000e+00   -5.75424199e-08   -2.83775062e-08
   3.31852860e-09    0.00000000e+00    1.20000000e+00   -4.52866577e-08    3.36709496e-08
   3.32328578e-09    0.00000000e+00    1.20000000e+00   -3.40247283e-08    7.80947870e-08
   3.32804296e-09    0.00000000e+00    1.20000000e+00   -2.36748041e-08    1.03047636e-07
   3.33280014e-09    0.00000000e+00    1.20000000e+00   -1.41620239e-08    1.12823635e-07
   3.33755731e-09    0.00000000e+00    1.20000000e+00   -5.41785786e-09    1.13682753e-07
   3.34231449e-09    0.00000000e+00    1.20000000e+00    2.62046068e-09    1.10893263e-07
   3.34707167e-09    0.00000000e+00    1.20000000e+00    1.00104500e-08    1.07783205e-07
   3.35182884e-09    0.00000000e+00    1.20000000e+00    1.68048398e-08    1.05942397e-07
   3.35658602e-09    0.00000000e+00    1.20000000e+00    2.30519898e-08    1.05773266e-07
   3.36134320e-09    0.00000000e+00    1.20000000e+00    2.87962670e-08    1.07011284e-07
   3.37085755e-09    0.00000000e+00    1.20000000e+00    3.89522136e-08    1.11229820e-07
   3.38988626e-09    0.00000000e+00    1.20000000e+00    5.48935189e-08    1.15323960e-07
   3.40891497e-09    0.00000000e+00    1.20000000e+00    6.62647062e-08    1.07707660e-07
   3.42794368e-09    0.00000000e+00    1.20000000e+00    7.43786321e-08    9.27336751e-08
   3.44697239e-09    0.00000000e+00    1.20000000e+00    8.01695742e-08    7.93199951e-08
   3.46600110e-09    0.00000000e+00    1.20000000e+00    8.43032255e-08    7.20375306e-08
   3.48502981e-09    0.00000000e+00    1.20000000e+00    8.72542510e-08    7.06228269e-08
   3.52308723e-09    0.00000000e+00    1.20000000e+00    9.09411864e-08    7.62619421e-08
   3.56114465e-09    0.00000000e+00    1.20000000e+00    9.27837941e-08    8.45219396e-08
   3.59920206e-09    0.00000000e+00    1.20000000e+00    9.37053362e-08    9.01899095e-08
   3.67531690e-09    0.00000000e+00    1.20000000e+00    9.44439772e-08    9.47535718e-08
   3.75143174e-09    0.00000000e+00    1.20000000e+00    9.45934632e-08    9.51698180e-08
   3.82754657e-09    0.00000000e+00    1.20000000e+00    9.46245821e-08    9.49542981e-08
   3.97977625e-09    0.00000000e+00    1.20000000e+00    9.46347096e-08    9.46860286e-08
   4.13200592e-09    0.00000000e+00    1.20000000e+00    9.46339946e-08    9.46378520e-08
   4.28423560e-09    0.00000000e+00    1.20000000e+00    9.46342785e-08    9.46341055e-08
   4.58869494e-09    0.00000000e+00    1.20000000e+00    9.46342867e-08    9.46347522e-08
   5.06369494e-09    0.00000000e+00    1.20000000e+00    9.46342981e-08    9.46338275e-08
   5.25000000e-09    0.00000000e+00    1.20000000e+00    9.46342913e-08    9.46346691e-08
   5.25020938e-09    7.50000000e-03    1.20000000e+00    7.87068845e-07    7.68075048e-07
   5.25041875e-09    1.50000000e-02    1.20000000e+00    1.45479012e-06    1.41746680e-06
   5.25062813e-09    2.25000000e-02    1.20000000e+00    2.11032535e-06    2.05500659e-06
   5.25104688e-09    3.75000000e-02    1.20000000e+00    3.34912763e-06    3.25979194e-06
   5.25188438e-09    6.75000000e-02    1.20000000e+00    5.55017629e-06    5.40055188e-06
   5.25355938e-09    1.27500000e-01    1.20000000e+00    8.95365219e-06    8.71236392e-06
   5.25690938e-09    2.47500000e-01    1.20000000e+00    1.26316738e-05    1.22998761e-05
   5.26025938e-09    3.67500000e-01    1.20000000e+00    1.34108433e-05    1.30730900e-05
   5.26360938e-09    4.87500000e-01    1.20000000e+00    1.26662183e-05    1.23602786e-05
   5.26467021e-09    5.25500214e-01    1.20000000e+00    1.22186533e-05    1.19257346e-05
   5.26679189e-09    6.01500642e-01    1.20000000e+00    1.11224917e-05    1.08577277e-05
   5.26747893e-09    6.26110930e-01    1.20000000e+00    1.06244409e-05    1.03708217e-05
   5.26885300e-09    6.75331505e-01    1.20000000e+00    9.39872736e-06    9.17179817e-06
   5.27160115e-09    7.73772655e-01    1.20000000e+00    4.91851614e-06    4.78998909e-06
   5.27201902e-09    7.88741192e-01    1.20000000e+00    3.88526767e-06    3.77978925e-06
   5.27243690e-09    8.03709730e-01    1.20000000e+00    2.77557197e-06    2.69473877e-06
   5.27327264e-09    8.33646804e-01    1.20000000e+00    1.65150694e-07    1.43763632e-07
   5.27410838e-09    8.63583879e-01    1.20000000e+00   -3.03203038e-06   -2.97683471e-06
   5.27494413e-09    8.93520953e-01    1.20000000e+00   -6.87614310e-06   -6.72080894e-06
   5.27577987e-09    9.23458028e-01    1.20000000e+00   -1.13610730e-05   -1.10768177e-05
   5.27661561e-09    9.53395102e-01    1.20000000e+00   -1.64142175e-05   -1.59736904e-05
   5.27745136e-09    9.83332177e-01    1.20000000e+00   -2.19598574e-05   -2.13409223e-05
   5.27828710e-09    1.01326925e+00    1.20000000e+00   -2.79527611e-05   -2.71370710e-05
   5.27912284e-09    1.04320633e+00    1.20000000e+00   -3.43675652e-05   -3.33387109e-05
   5.27995859e-09    1.07314340e+00    1.20000000e+00   -4.11836358e-05   -3.99264166e-05
   5.28079433e-09    1.10308047e+00    1.20000000e+00   -4.83773345e-05   -4.68777141e-05
   5.28163007e-09    1.13301755e+00    1.20000000e+00   -5.59190949e-05   -5.41644440e-05
   5.28246582e-09    1.16295462e+00    1.20000000e+00   -6.37725181e-05   -6.17519877e-05
   5.28330156e-09    1.19289170e+00    1.20000000e+00   -7.18941993e-05   -6.95991875e-05
   5.28350000e-09    1.20000000e+00    1.20000000e+00   -7.38578456e-05   -7.14966299e-05
   5.28354836e-09    1.20000000e+00    1.20000000e+00   -7.44359494e-05   -7.20556167e-05
   5.28359125e-09    1.20000000e+00    1.20000000e+00   -7.49444491e-05   -7.25472819e-05
   5.28363413e-09    1.20000000e+00    1.20000000e+00   -7.54509493e-05   -7.30370018e-05
   5.28371990e-09    1.20000000e+00    1.20000000e+00   -7.64515402e-05   -7.40043894e-05
   5.28389144e-09    1.20000000e+00    1.20000000e+00   -7.84034813e-05   -7.58913560e-05
   5.28423452e-09    1.20000000e+00    1.20000000e+00   -8.21136809e-05   -7.94773529e-05
   5.28492067e-09    1.20000000e+00    1.20000000e+00   -8.87867963e-05   -8.59250374e-05
   5.28629298e-09    1.20000000e+00    1.20000000e+00   -9.93744180e-05   -9.61521493e-05
   5.28903760e-09    1.20000000e+00    1.20000000e+00   -1.11359984e-04   -1.07773466e-04
   5.29178222e-09    1.20000000e+00    1.20000000e+00   -1.13695284e-04   -1.10570666e-04
   5.29452684e-09    1.20000000e+00    1.20000000e+00   -1.08959522e-04   -1.08670615e-04
   5.29699700e-09    1.20000000e+00    1.20000000e+00   -1.00420702e-04   -1.03928756e-04
   5.29922015e-09    1.20000000e+00    1.20000000e+00   -9.04543198e-05   -9.44120899e-05
   5.30144329e-09    1.20000000e+00    1.20000000e+00   -7.88786255e-05   -7.75198203e-05
   5.30366643e-09    1.20000000e+00    1.20000000e+00   -6.57728417e-05   -5.20386896e-05
   5.30588958e-09    1.20000000e+00    1.20000000e+00   -5.15281125e-05   -1.77867490e-05
   5.30811272e-09    1.20000000e+00    1.20000000e+00   -3.70010580e-05    2.41486117e-05
   5.31033586e-09    1.20000000e+00    1.20000000e+00   -2.27272081e-05    7.18625423e-05
   5.31233669e-09    1.20000000e+00    1.20000000e+00   -1.02547278e-05    1.18088689e-04
   5.31433752e-09    1.20000000e+00    1.20000000e+00    1.78416987e-06    1.65807141e-04
   5.31633835e-09    1.20000000e+00    1.20000000e+00    1.33172595e-05    2.13516285e-04
   5.31833918e-09    1.20000000e+00    1.20000000e+00    2.42627372e-05    2.59842666e-04
   5.32034001e-09    1.20000000e+00    1.20000000e+00    3.45271324e-05    3.03598135e-04
   5.32234083e-09    1.20000000e+00    1.20000000e+00    4.40087487e-05    3.43804751e-04
   5.32434166e-09    1.20000000e+00    1.20000000e+00    5.26050293e-05    3.79703401e-04
   5.32634249e-09    1.20000000e+00    1.20000000e+00    6.02219933e-05    4.10753537e-04
   5.32834332e-09    1.20000000e+00    1.20000000e+00    6.67835628e-05    4.36626323e-04
   5.33034415e-09    1.20000000e+00    1.20000000e+00    7.22389385e-05    4.57191453e-04
   5.33234498e-09    1.20000000e+00    1.20000000e+00    7.65670801e-05    4.72497617e-04
   5.33434581e-09    1.20000000e+00    1.20000000e+00    7.97785500e-05    4.82747369e-04
   5.33634663e-09    1.20000000e+00    1.20000000e+00    8.19164681e-05    4.88267997e-04
   5.33834746e-09    1.20000000e+00    1.20000000e+00    8.30607310e-05    4.89480593e-04
   5.34034829e-09    1.20000000e+00    1.20000000e+00    8.33441398e-05    4.86869515e-04
   5.34234912e-09    1.20000000e+00    1.20000000e+00    8.29930688e-05    4.80954009e-04
   5.34434995e-09    1.20000000e+00    1.20000000e+00    8.23820817e-05    4.72262921e-04
   5.34635078e-09    1.20000000e+00    1.20000000e+00    8.19955991e-05    4.61312434e-04
   5.34835161e-09    1.20000000e+00    1.20000000e+00    8.22024851e-05    4.48586752e-04
   5.35035244e-09    1.20000000e+00    1.20000000e+00    8.30989215e-05    4.34527897e-04
   5.35235326e-09    1.20000000e+00    1.20000000e+00    8.46011381e-05    4.19547527e-04
   5.35435409e-09    1.20000000e+00    1.20000000e+00    8.65520219e-05    4.04043791e-04
   5.35635492e-09    1.20000000e+00    1.20000000e+00    8.87274917e-05    3.88389801e-04
   5.35835575e-09    1.20000000e+00    1.20000000e+00    9.08150839e-05    3.72913764e-04
   5.36035658e-09    1.20000000e+00    1.20000000e+00    9.24187997e-05    3.57894255e-04
   5.36235741e-09    1.20000000e+00    1.20000000e+00    9.30896115e-05    3.43563656e-04
   5.36435824e-09    1.20000000e+00    1.20000000e+00    9.23722509e-05    3.30108562e-04
   5.36635907e-09    1.20000000e+00    1.20000000e+00    8.98846474e-05    3.17663715e-04
   5.36835989e-09    1.20000000e+00    1.20000000e+00    8.54133270e-05    3.06303152e-04
   5.37036072e-09    1.20000000e+00    1.20000000e+00    7.89557580e-05    2.96035148e-04
   5.37236155e-09    1.20000000e+00    1.20000000e+00    7.06965839e-05    2.86804393e-04
   5.37436238e-09    1.20000000e+00    1.20000000e+00    6.09547111e-05    2.78498992e-04
   5.37636321e-09    1.20000000e+00    1.20000000e+00    5.01268385e-05    2.70956914e-04
   5.37836404e-09    1.20000000e+00    1.20000000e+00    3.86375003e-05    2.63968017e-04
   5.38036487e-09    1.20000000e+00    1.20000000e+00    2.68996759e-05    2.57271052e-04
   5.38236569e-09    1.20000000e+00    1.20000000e+00    1.52871539e-05    2.50547874e-04
   5.38436652e-09    1.20000000e+00    1.20000000e+00    4.11787952e-06    2.43418975e-04
   5.38636735e-09    1.20000000e+00    1.20000000e+00   -6.35362681e-06    2.35445250e-04
   5.38836818e-09    1.20000000e+00    1.20000000e+00   -1.59370884e-05    2.26139915e-04
   5.39036901e-09    1.20000000e+00    1.20000000e+00   -2.45027172e-05    2.14990756e-04
   5.39236984e-09    1.20000000e+00    1.20000000e+00   -3.19747003e-05    2.01487426e-04
   5.39437067e-09    1.20000000e+00    1.20000000e+00   -3.83233082e-05    1.85144485e-04
   5.39637150e-09    1.20000000e+00    1.20000000e+00   -4.35565995e-05    1.65511689e-04
   5.39837232e-09    1.20000000e+00    1.20000000e+00   -4.77123690e-05    1.42168697e-04
   5.40037315e-09    1.20000000e+00    1.20000000e+00   -5.08507360e-05    1.14707948e-04
   5.40237398e-09    1.20000000e+00    1.20000000e+00   -5.30475916e-05    8.27128627e-05
   5.40437481e-09    1.20000000e+00    1.20000000e+00   -5.43889916e-05    4.57378142e-05
   5.40637564e-09    1.20000000e+00    1.20000000e+00   -5.49665023e-05    3.29336953e-06
   5.41037730e-09    1.20000000e+00    1.20000000e+00   -5.42455824e-05   -1.00441342e-04
   5.41437895e-09    1.20000000e+00    1.20000000e+00   -5.15492295e-05   -2.33234023e-04
   5.41838061e-09    1.20000000e+00    1.20000000e+00   -4.75175569e-05   -4.00991686e-04
   5.42238227e-09    1.20000000e+00    1.20000000e+00   -4.26910880e-05   -6.10479633e-04
   5.42638393e-09    1.20000000e+00    1.20000000e+00   -3.75002411e-05   -8.69406967e-04
   5.43038558e-09    1.20000000e+00    1.20000000e+00   -3.22697054e-05   -1.18671236e-03
   5.43438724e-09    1.20000000e+00    1.20000000e+00   -2.72306965e-05   -1.57307345e-03
   5.43838890e-09    1.20000000e+00    1.20000000e+00   -2.25364710e-05   -2.04123410e-03
   5.44239056e-09    1.20000000e+00    1.20000000e+00   -1.82782526e-05   -2.60202835e-03
   5.44639221e-09    1.20000000e+00    1.20000000e+00   -1.44999646e-05   -3.25709007e-03
   5.45039387e-09    1.20000000e+00    1.20000000e+00   -1.12109918e-05   -4.00098327e-03
   5.45439553e-09    1.20000000e+00    1.20000000e+00   -8.39672007e-06   -4.83103950e-03
   5.45839719e-09    1.20000000e+00    1.20000000e+00   -6.02690558e-06   -5.75110585e-03
   5.46239884e-09    1.20000000e+00    1.20000000e+00   -4.06209298e-06   -6.77136297e-03
   5.46640050e-09    1.20000000e+00    1.20000000e+00   -2.45836917e-06   -7.90890466e-03
   5.47040216e-09    1.20000000e+00    1.20000000e+00   -1.17075411e-06   -9.19014794e-03
   5.47440382e-09    1.20000000e+00    1.20000000e+00   -1.55511666e-07   -1.06566522e-02
   5.47840547e-09    1.20000000e+00    1.20000000e+00    6.28370168e-07   -1.23729142e-02
   5.48240713e-09    1.20000000e+00    1.20000000e+00    1.21832000e-06   -1.43873371e-02
   5.48640879e-09    1.20000000e+00    1.20000000e+00    1.64777388e-06   -1.65764435e-02
   5.49041045e-09    1.20000000e+00    1.20000000e+00    1.94608143e-06   -1.85653827e-02
   5.49441210e-09    1.20000000e+00    1.20000000e+00    2.13862327e-06   -1.98070118e-02
   5.49841376e-09    1.20000000e+00    1.20000000e+00    2.24706156e-06   -1.96252421e-02
   5.50241542e-09    1.20000000e+00    1.20000000e+00    2.28966642e-06   -1.72207042e-02
   5.50641707e-09    1.20000000e+00    1.20000000e+00    2.28167717e-06   -1.17325188e-02
   5.51041873e-09    1.20000000e+00    1.20000000e+00    2.23567051e-06   -2.46936556e-03
   5.51442039e-09    1.20000000e+00    1.20000000e+00    2.16191670e-06    1.09571940e-02
   5.51842205e-09    1.20000000e+00    1.20000000e+00    2.06871250e-06    2.87860591e-02
   5.52242370e-09    1.20000000e+00    1.20000000e+00    1.96268434e-06    5.11386616e-02
   5.52642536e-09    1.20000000e+00    1.20000000e+00    1.84905883e-06    7.79881386e-02
   5.53042702e-09    1.20000000e+00    1.20000000e+00    1.73190048e-06    1.09138379e-01
   5.53442868e-09    1.20000000e+00    1.20000000e+00    1.61431761e-06    1.44216344e-01
   5.53843033e-09    1.20000000e+00    1.20000000e+00    1.49863872e-06    1.82691912e-01
   5.54243199e-09    1.20000000e+00    1.20000000e+00    1.38656216e-06    2.23932626e-01
   5.54643365e-09    1.20000000e+00    1.20000000e+00    1.27928180e-06    2.67278187e-01
   5.55043531e-09    1.20000000e+00    1.20000000e+00    1.17759177e-06    3.12107076e-01
   5.55443696e-09    1.20000000e+00    1.20000000e+00    1.08197312e-06    3.57876874e-01
   5.55843862e-09    1.20000000e+00    1.20000000e+00    9.92664826e-07    4.04136938e-01
   5.56244028e-09    1.20000000e+00    1.20000000e+00    9.09721645e-07    4.50522147e-01
   5.56644194e-09    1.20000000e+00    1.20000000e+00    8.33060864e-07    4.96737461e-01
   5.57044359e-09    1.20000000e+00    1.20000000e+00    7.62499750e-07    5.42540052e-01
   5.57444525e-09    1.20000000e+00    1.20000000e+00    6.97785317e-07    5.87722616e-01
   5.57844691e-09    1.20000000e+00    1.20000000e+00    6.38617746e-07    6.32099340e-01
   5.58244857e-09    1.20000000e+00    1.20000000e+00    5.84668635e-07    6.75495007e-01
   5.58645022e-09    1.20000000e+00    1.20000000e+00    5.35595013e-07    7.17737249e-01
   5.59045188e-09    1.20000000e+00    1.20000000e+00    4.91049972e-07    7.58651940e-01
   5.59445354e-09    1.20000000e+00    1.20000000e+00    4.50690558e-07    7.98061795e-01
   5.59845520e-09    1.20000000e+00    1.20000000e+00    4.14183487e-07    8.35788209e-01
   5.60245685e-09    1.20000000e+00    1.20000000e+00    3.81209158e-07    8.71656301e-01
   5.60645851e-09    1.20000000e+00    1.20000000e+00    3.51464312e-07    9.05502737e-01
   5.61046017e-09    1.20000000e+00    1.20000000e+00    3.24663658e-07    9.37185430e-01
   5.61446182e-09    1.20000000e+00    1.20000000e+00    3.00540700e-07    9.66593689e-01
   5.61846348e-09    1.20000000e+00    1.20000000e+00    2.78847969e-07    9.93657053e-01
   5.62246514e-09    1.20000000e+00    1.20000000e+00    2.59356805e-07    1.01835112e+00
   5.62646680e-09    1.20000000e+00    1.20000000e+00    2.41856827e-07    1.04069921e+00
   5.63046845e-09    1.20000000e+00    1.20000000e+00    2.26155174e-07    1.06076960e+00
   5.63447011e-09    1.20000000e+00    1.20000000e+00    2.12075603e-07    1.07866898e+00
   5.63847177e-09    1.20000000e+00    1.20000000e+00    1.99457494e-07    1.09453347e+00
   5.64247343e-09    1.20000000e+00    1.20000000e+00    1.88154815e-07    1.10851880e+00
   5.64647508e-09    1.20000000e+00    1.20000000e+00    1.78035067e-07    1.12079097e+00
   5.65047674e-09    1.20000000e+00    1.20000000e+00    1.68978258e-07    1.13151823e+00
   5.65447840e-09    1.20000000e+00    1.20000000e+00    1.60875888e-07    1.14086492e+00
   5.65848006e-09    1.20000000e+00    1.20000000e+00    1.53629990e-07    1.14898715e+00
   5.66248171e-09    1.20000000e+00    1.20000000e+00    1.47152219e-07    1.15603000e+00
   5.66648337e-09    1.20000000e+00    1.20000000e+00    1.41362990e-07    1.16212607e+00
   5.67048503e-09    1.20000000e+00    1.20000000e+00    1.36190687e-07    1.16739502e+00
   5.67448669e-09    1.20000000e+00    1.20000000e+00    1.31570911e-07    1.17194373e+00
   5.67848834e-09    1.20000000e+00    1.20000000e+00    1.27445806e-07    1.17586687e+00
   5.68249000e-09    1.20000000e+00    1.20000000e+00    1.23763423e-07    1.17924782e+00
   5.68649166e-09    1.20000000e+00    1.20000000e+00    1.20477149e-07    1.18215965e+00
   5.69049332e-09    1.20000000e+00    1.20000000e+00    1.17545180e-07    1.18466612e+00
   5.69449497e-09    1.20000000e+00    1.20000000e+00    1.14930043e-07    1.18682271e+00
   5.69849663e-09    1.20000000e+00    1.20000000e+00    1.12598161e-07    1.18867759e+00
   5.70649995e-09    1.20000000e+00    1.20000000e+00    1.08655565e-07    1.19165800e+00
   5.72250658e-09    1.20000000e+00    1.20000000e+00    1.02992162e-07    1.19554204e+00
   5.73851320e-09    1.20000000e+00    1.20000000e+00    9.94719633e-08    1.19761872e+00
   5.75000030e-09    1.20000000e+00    1.20000000e+00    9.78239917e-08    1.19847055e+00
   5.75040877e-09    1.20000000e+00    1.19411796e+00    9.77760597e-08    1.19849386e+00
   5.75073219e-09    1.20000000e+00    1.18946077e+00    9.77384765e-08    1.19851209e+00
   5.75137902e-09    1.20000000e+00    1.18014640e+00    9.76640389e-08    1.19854812e+00
   5.75267268e-09    1.20000000e+00    1.16151766e+00    9.75194566e-08    1.19861758e+00
   5.75526001e-09    1.20000000e+00    1.12426018e+00    9.72466958e-08    1.19874675e+00
   5.76043466e-09    1.20000000e+00    1.04974522e+00    9.67611112e-08    1.19897044e+00
   5.77078395e-09    1.20000000e+00    9.00715302e-01    9.59907965e-08    1.19930762e+00
   5.78113325e-09    1.20000000e+00    7.51685381e-01    9.54359853e-08    1.19953401e+00
   5.79148254e-09    1.20000000e+00    6.02655460e-01    9.50403116e-08    1.19968605e+00
   5.80183184e-09    1.20000000e+00    4.53625539e-01    9.47618420e-08    1.19978826e+00
   5.81038324e-09    1.20000000e+00    3.30485382e-01    9.45982138e-08    1.19984671e+00
   5.81752617e-09    1.20000000e+00    2.27627057e-01    9.44967286e-08    1.19988275e+00
   5.82395481e-09    1.20000000e+00    1.35054565e-01    9.44271101e-08    1.19990776e+00
   5.83038346e-09    1.20000000e+00    4.24820722e-02    9.43741583e-08    1.19992735e+00
   5.83333360e-09    1.20000000e+00   -2.66453526e-15    9.43546597e-08    1.19993483e+00
   5.83368414e-09    1.20000000e+00    0.00000000e+00    9.43525405e-08    1.19993567e+00
   5.83399216e-09    1.20000000e+00    0.00000000e+00    9.43507058e-08    1.19993639e+00
   5.83460821e-09    1.20000000e+00    0.00000000e+00    9.43470912e-08    1.19993782e+00
   5.83584029e-09    1.20000000e+00    0.00000000e+00    9.43401844e-08    1.19994058e+00
   5.83830447e-09    1.20000000e+00    0.00000000e+00    9.43275983e-08    1.19994570e+00
   5.84323282e-09    1.20000000e+00    0.00000000e+00    9.43068861e-08    1.19995457e+00
   5.85308952e-09    1.20000000e+00    0.00000000e+00    9.42801957e-08    1.19996812e+00
   5.87280292e-09    1.20000000e+00    0.00000000e+00    9.42672311e-08    1.19998444e+00
   5.89251631e-09    1.20000000e+00    0.00000000e+00    9.42869442e-08    1.19999224e+00
   5.91222971e-09    1.20000000e+00    0.00000000e+00    9.43208249e-08    1.19999598e+00
   5.92997177e-09    1.20000000e+00    0.00000000e+00    9.43552691e-08    1.19999766e+00
   5.94593962e-09    1.20000000e+00    0.00000000e+00    9.43860993e-08    1.19999849e+00
   5.96031069e-09    1.20000000e+00    0.00000000e+00    9.44124459e-08    1.19999894e+00
   5.97324465e-09    1.20000000e+00    0.00000000e+00    9.44345630e-08    1.19999921e+00
   5.98488521e-09    1.20000000e+00    0.00000000e+00    9.44530262e-08    1.19999938e+00
   5.99652578e-09    1.20000000e+00    0.00000000e+00    9.44700853e-08    1.19999952e+00
   6.00816634e-09    1.20000000e+00    0.00000000e+00    9.44857586e-08    1.19999962e+00
   6.01980690e-09    1.20000000e+00    0.00000000e+00    9.45000972e-08    1.19999971e+00
   6.03144747e-09    1.20000000e+00    0.00000000e+00    9.45131704e-08    1.19999977e+00
   6.04308803e-09    1.20000000e+00    0.00000000e+00    9.45250588e-08    1.19999982e+00
   6.05472860e-09    1.20000000e+00    0.00000000e+00    9.45358473e-08    1.19999985e+00
   6.06636916e-09    1.20000000e+00    0.00000000e+00    9.45456222e-08    1.19999987e+00
   6.07800973e-09    1.20000000e+00    0.00000000e+00    9.45544669e-08    1.19999989e+00
   6.08965029e-09    1.20000000e+00    0.00000000e+00    9.45624618e-08    1.19999990e+00
   6.11293142e-09    1.20000000e+00    0.00000000e+00    9.45762307e-08    1.19999992e+00
   6.15949367e-09    1.20000000e+00    0.00000000e+00    9.45967077e-08    1.19999994e+00
   6.25261819e-09    1.20000000e+00    0.00000000e+00    9.46195818e-08    1.19999998e+00
   6.33643025e-09    1.20000000e+00    0.00000000e+00    9.46282392e-08    1.19999999e+00
   6.42024231e-09    1.20000000e+00    0.00000000e+00    9.46320978e-08    1.19999999e+00
   6.50405437e-09    1.20000000e+00    0.00000000e+00    9.46338035e-08    1.19999999e+00
   6.67167850e-09    1.20000000e+00    0.00000000e+00    9.46349273e-08    1.19999999e+00
   7.00692675e-09    1.20000000e+00    0.00000000e+00    9.46349667e-08    1.19999999e+00
   7.34217499e-09    1.20000000e+00    0.00000000e+00    9.46347546e-08    1.19999999e+00
   7.62500000e-09    1.20000000e+00    0.00000000e+00    9.46346613e-08    1.19999999e+00
   7.62520938e-09    1.19250000e+00    0.00000000e+00   -3.05699178e-07    1.19999927e+00
   7.62541875e-09    1.18500000e+00    0.00000000e+00   -6.85542961e-07    1.19999858e+00
   7.62562813e-09    1.17750000e+00    0.00000000e+00   -1.05536334e-06    1.19999790e+00
   7.62604688e-09    1.16250000e+00    0.00000000e+00   -1.73701739e-06    1.19999666e+00
   7.62688438e-09    1.13250000e+00    0.00000000e+00   -2.88906767e-06    1.19999455e+00
   7.62855938e-09    1.07250000e+00    0.00000000e+00   -4.49559941e-06    1.19999153e+00
   7.63190938e-09    9.52500000e-01    0.00000000e+00   -5.85636804e-06    1.19998865e+00
   7.63860938e-09    7.12500000e-01    0.00000000e+00   -6.08471890e-06    1.19998698e+00
   7.64463938e-09    4.96500000e-01    0.00000000e+00   -2.85518855e-06    1.19999177e+00
   7.64518126e-09    4.77089341e-01    0.00000000e+00   -2.08631657e-06    1.19999309e+00
   7.64572314e-09    4.57678681e-01    0.00000000e+00   -1.26514459e-06    1.19999450e+00
   7.64680690e-09    4.18857363e-01    0.00000000e+00    6.28476153e-07    1.19999781e+00
   7.64789066e-09    3.80036044e-01    0.00000000e+00    2.80606070e-06    1.20000166e+00
   7.64897442e-09    3.41214726e-01    0.00000000e+00    5.20584256e-06    1.20000595e+00
   7.65005818e-09    3.02393407e-01    0.00000000e+00    7.77765045e-06    1.20001062e+00
   7.65114195e-09    2.63572089e-01    0.00000000e+00    1.04789611e-05    1.20001560e+00
   7.65222571e-09    2.24750770e-01    0.00000000e+00    1.32708218e-05    1.20002082e+00
   7.65330947e-09    1.85929451e-01    0.00000000e+00    1.61164625e-05    1.20002624e+00
   7.65439323e-09    1.47108133e-01    0.00000000e+00    1.89811963e-05    1.20003179e+00
   7.65547699e-09    1.08286814e-01    0.00000000e+00    2.18326623e-05    1.20003742e+00
   7.65656075e-09    6.94654958e-02    0.00000000e+00    2.46410606e-05    1.20004309e+00
   7.65764452e-09    3.06441772e-02    0.00000000e+00    2.73792867e-05    1.20004874e+00
   7.65850000e-09    1.70974346e-14    0.00000000e+00    2.94755709e-05    1.20005317e+00
   7.65860838e-09    0.00000000e+00    0.00000000e+00    3.00229474e-05    1.20005425e+00
   7.65868595e-09    0.00000000e+00    0.00000000e+00    3.04078373e-05    1.20005501e+00
   7.65876353e-09    0.00000000e+00    0.00000000e+00    3.07892756e-05    1.20005577e+00
   7.65891868e-09    0.00000000e+00    0.00000000e+00    3.15316550e-05    1.20005724e+00
   7.65922898e-09    0.00000000e+00    0.00000000e+00    3.29361636e-05    1.20006005e+00
   7.65984959e-09    0.00000000e+00    0.00000000e+00    3.54378308e-05    1.20006514e+00
   7.66109080e-09    0.00000000e+00    0.00000000e+00    3.93165437e-05    1.20007340e+00
   7.66357323e-09    0.00000000e+00    0.00000000e+00    4.33377816e-05    1.20008363e+00
   7.66605565e-09    0.00000000e+00    0.00000000e+00    4.34587978e-05    1.20008733e+00
   7.66853808e-09    0.00000000e+00    0.00000000e+00    4.09082887e-05    1.20008651e+00
   7.67350293e-09    0.00000000e+00    0.00000000e+00    3.16452524e-05    1.20007730e+00
   7.67846778e-09    0.00000000e+00    0.00000000e+00    2.02132189e-05    1.20006316e+00
   7.68343263e-09    0.00000000e+00    0.00000000e+00    9.41356700e-06    1.20004843e+00
   7.68839748e-09    0.00000000e+00    0.00000000e+00    4.02871774e-07    1.20003504e+00
   7.69336233e-09    0.00000000e+00    0.00000000e+00   -6.60339656e-06    1.20002315e+00
   7.69832718e-09    0.00000000e+00    0.00000000e+00   -1.17725035e-05    1.20001142e+00
   7.70329203e-09    0.00000000e+00    0.00000000e+00   -1.65270026e-05    1.19999799e+00
   7.70776040e-09    0.00000000e+00    0.00000000e+00   -2.19831942e-05    1.19998315e+00
   7.71178193e-09    0.00000000e+00    0.00000000e+00   -2.81931608e-05    1.19996693e+00
   7.71537069e-09    0.00000000e+00    0.00000000e+00   -3.46399840e-05    1.19995003e+00
   7.71852191e-09    0.00000000e+00    0.00000000e+00   -4.08066453e-05    1.19993331e+00
   7.72134386e-09    0.00000000e+00    0.00000000e+00   -4.63992841e-05    1.19991689e+00
   7.72388361e-09    0.00000000e+00    0.00000000e+00   -5.11119997e-05    1.19990133e+00
   7.72642336e-09    0.00000000e+00    0.00000000e+00   -5.51856040e-05    1.19988621e+00
   7.72896311e-09    0.00000000e+00    0.00000000e+00   -5.83682172e-05    1.19987288e+00
   7.73150286e-09    0.00000000e+00    0.00000000e+00   -6.04832115e-05    1.19986225e+00
   7.73404261e-09    0.00000000e+00    0.00000000e+00   -6.14282717e-05    1.19985470e+00
   7.73658236e-09    0.00000000e+00    0.00000000e+00   -6.11670425e-05    1.19985026e+00
   7.73912211e-09    0.00000000e+00    0.00000000e+00   -5.97053802e-05    1.19984873e+00
   7.74166186e-09    0.00000000e+00    0.00000000e+00   -5.70262668e-05    1.19984975e+00
   7.74420162e-09    0.00000000e+00    0.00000000e+00   -5.30580060e-05    1.19985271e+00
   7.74674137e-09    0.00000000e+00    0.00000000e+00   -4.79095021e-05    1.19985638e+00
   7.74928112e-09    0.00000000e+00    0.00000000e+00   -4.18419277e-05    1.19985924e+00
   7.75182087e-09    0.00000000e+00    0.00000000e+00   -3.47931678e-05    1.19986151e+00
   7.75436062e-09    0.00000000e+00    0.00000000e+00   -2.62123676e-05    1.19986470e+00
   7.75690037e-09    0.00000000e+00    0.00000000e+00   -1.60492674e-05    1.19986979e+00
   7.75944012e-09    0.00000000e+00    0.00000000e+00   -6.00937629e-06    1.19987718e+00
   7.76197987e-09    0.00000000e+00    0.00000000e+00    2.74010478e-06    1.19988696e+00
   7.76451962e-09    0.00000000e+00    0.00000000e+00    1.03829321e-05    1.19989909e+00
   7.76705937e-09    0.00000000e+00    0.00000000e+00    1.73887233e-05    1.19991342e+00
   7.76959912e-09    0.00000000e+00    0.00000000e+00    2.40665784e-05    1.19992975e+00
   7.77188490e-09    0.00000000e+00    0.00000000e+00    2.98547409e-05    1.19994588e+00
   7.77394210e-09    0.00000000e+00    0.00000000e+00    3.47991685e-05    1.19996124e+00
   7.77599930e-09    0.00000000e+00    0.00000000e+00    3.93417376e-05    1.19997703e+00
   7.77805649e-09    0.00000000e+00    0.00000000e+00    4.33197231e-05    1.19999282e+00
   7.78011369e-09    0.00000000e+00    0.00000000e+00    4.65887078e-05    1.20000820e+00
   7.78217089e-09    0.00000000e+00    0.00000000e+00    4.90463131e-05    1.20002278e+00
   7.78422809e-09    0.00000000e+00    0.00000000e+00    5.06421956e-05    1.20003621e+00
   7.78628529e-09    0.00000000e+00    0.00000000e+00    5.13769680e-05    1.20004827e+00
   7.78834249e-09    0.00000000e+00    0.00000000e+00    5.12942452e-05    1.20005880e+00
   7.79039968e-09    0.00000000e+00    0.00000000e+00    5.04696554e-05    1.20006773e+00
   7.79245688e-09    0.00000000e+00    0.00000000e+00    4.89995347e-05    1.20007507e+00
   7.79451408e-09    0.00000000e+00    0.00000000e+00    4.69908664e-05    1.20008088e+00
   7.79657128e-09    0.00000000e+00    0.00000000e+00    4.45531591e-05    1.20008526e+00
   7.79862848e-09    0.00000000e+00    0.00000000e+00    4.17923964e-05    1.20008834e+00
   7.80274287e-09    0.00000000e+00    0.00000000e+00    3.57201909e-05    1.20009122e+00
   7.80685727e-09    0.00000000e+00    0.00000000e+00    2.93729716e-05    1.20009057e+00
   7.81097167e-09    0.00000000e+00    0.00000000e+00    2.32275438e-05    1.20008741e+00
   7.81508606e-09    0.00000000e+00    0.00000000e+00    1.75925883e-05    1.20008261e+00
   7.81920046e-09    0.00000000e+00    0.00000000e+00    1.26372932e-05    1.20007685e+00
   7.82742925e-09    0.00000000e+00    0.00000000e+00    4.92383192e-06    1.20006441e+00
   7.83565804e-09    0.00000000e+00    0.00000000e+00   -9.01993283e-08    1.20005228e+00
   7.84388684e-09    0.00000000e+00    0.00000000e+00   -2.97111665e-06    1.20004156e+00
   7.85211563e-09    0.00000000e+00    0.00000000e+00   -4.36821777e-06    1.20003255e+00
   7.86857322e-09    0.00000000e+00    0.00000000e+00   -4.85559126e-06    1.20001907e+00
   7.88503080e-09    0.00000000e+00    0.00000000e+00   -3.98170522e-06    1.20001040e+00
   7.90148839e-09    0.00000000e+00    0.00000000e+00   -2.95101934e-06    1.20000499e+00
   7.91794597e-09    0.00000000e+00    0.00000000e+00   -2.11373132e-06    1.20000165e+00
   7.93440356e-09    0.00000000e+00    0.00000000e+00   -1.50107428e-06    1.19999962e+00
   7.94921538e-09    0.00000000e+00    0.00000000e+00   -1.10296754e-06    1.19999851e+00
   7.96254603e-09    0.00000000e+00    0.00000000e+00   -8.35598991e-07    1.19999791e+00
   7.97452032e-09    0.00000000e+00    0.00000000e+00   -6.49784316e-07    1.19999758e+00
   7.98529718e-09    0.00000000e+00    0.00000000e+00   -5.16169204e-07    1.19999742e+00
   7.99607404e-09    0.00000000e+00    0.00000000e+00   -4.07493737e-07    1.19999734e+00
   8.00685090e-09    0.00000000e+00    0.00000000e+00   -3.18774489e-07    1.19999733e+00
   8.01762776e-09    0.00000000e+00    0.00000000e+00   -2.46126469e-07    1.19999737e+00
   8.02840462e-09    0.00000000e+00    0.00000000e+00   -1.86494366e-07    1.19999743e+00
   8.03918148e-09    0.00000000e+00    0.00000000e+00   -1.37453857e-07    1.19999753e+00
   8.04995834e-09    0.00000000e+00    0.00000000e+00   -9.70653404e-08    1.19999764e+00
   8.06073520e-09    0.00000000e+00    0.00000000e+00   -6.37658553e-08    1.19999776e+00
   8.06936760e-09    0.00000000e+00    0.00000000e+00   -4.13675232e-08    1.19999787e+00
   8.07642317e-09    0.00000000e+00    0.00000000e+00   -2.54568443e-08    1.19999796e+00
   8.08277318e-09    0.00000000e+00    0.00000000e+00   -1.27455041e-08    1.19999805e+00
   8.08848819e-09    0.00000000e+00    0.00000000e+00   -2.46643187e-09    1.19999812e+00
   8.09420320e-09    0.00000000e+00    0.00000000e+00    6.82523541e-09    1.19999820e+00
   8.09991821e-09    0.00000000e+00    0.00000000e+00    1.52250500e-08    1.19999828e+00
   8.10563322e-09    0.00000000e+00    0.00000000e+00    2.28191629e-08    1.19999836e+00
   8.11134823e-09    0.00000000e+00    0.00000000e+00    2.96852824e-08    1.19999843e+00
   8.11706325e-09    0.00000000e+00    0.00000000e+00    3.58935293e-08    1.19999846e+00
   8.12277826e-09    0.00000000e+00    0.00000000e+00    4.15071979e-08    1.19999845e+00
   8.12849327e-09    0.00000000e+00    0.00000000e+00    4.65834376e-08    1.19999841e+00
   8.13420828e-09    0.00000000e+00    0.00000000e+00    5.11738601e-08    1.19999835e+00
   8.13935179e-09    0.00000000e+00    0.00000000e+00    5.49279197e-08    1.19999829e+00
   8.14449530e-09    0.00000000e+00    0.00000000e+00    5.83572444e-08    1.19999825e+00
   8.14963881e-09    0.00000000e+00    0.00000000e+00    6.14899858e-08    1.19999823e+00
   8.15478232e-09    0.00000000e+00    0.00000000e+00    6.43518439e-08    1.19999824e+00
   8.15992583e-09    0.00000000e+00    0.00000000e+00    6.69662826e-08    1.19999827e+00
   8.16506934e-09    0.00000000e+00    0.00000000e+00    6.93547268e-08    1.19999833e+00
   8.17021285e-09    0.00000000e+00    0.00000000e+00    7.15367397e-08    1.19999840e+00
   8.17535636e-09    0.00000000e+00    0.00000000e+00    7.35301871e-08    1.19999847e+00
   8.18049987e-09    0.00000000e+00    0.00000000e+00    7.53513845e-08    1.19999855e+00
   8.19078689e-09    0.00000000e+00    0.00000000e+00    7.85412987e-08    1.19999870e+00
   8.21136093e-09    0.00000000e+00    0.00000000e+00    8.34575495e-08    1.19999896e+00
   8.23193497e-09    0.00000000e+00    0.00000000e+00    8.68703646e-08    1.19999914e+00
   8.25250900e-09    0.00000000e+00    0.00000000e+00    8.92398308e-08    1.19999927e+00
   8.27308304e-09    0.00000000e+00    0.00000000e+00    9.08851396e-08    1.19999937e+00
   8.29365708e-09    0.00000000e+00    0.00000000e+00    9.20277781e-08    1.19999945e+00
   8.31423112e-09    0.00000000e+00    0.00000000e+00    9.28214570e-08    1.19999951e+00
   8.33480516e-09    0.00000000e+00    0.00000000e+00    9.33728598e-08    1.19999957e+00
   8.37595324e-09    0.00000000e+00    0.00000000e+00    9.40378652e-08    1.19999967e+00
   8.41710132e-09    0.00000000e+00    0.00000000e+00    9.43511769e-08    1.19999974e+00
   8.45824940e-09    0.00000000e+00    0.00000000e+00    9.44991088e-08    1.19999980e+00
   8.49939748e-09    0.00000000e+00    0.00000000e+00    9.45691828e-08    1.19999984e+00
   8.58169363e-09    0.00000000e+00    0.00000000e+00    9.46221368e-08    1.19999990e+00
   8.74628595e-09    0.00000000e+00    0.00000000e+00    9.46355553e-08    1.19999996e+00
   8.91087826e-09    0.00000000e+00    0.00000000e+00    9.46338680e-08    1.19999998e+00
   9.07547058e-09    0.00000000e+00    0.00000000e+00    9.46343303e-08    1.19999999e+00
   9.24006289e-09    0.00000000e+00    0.00000000e+00    9.46342779e-08    1.19999999e+00
   9.56924752e-09    0.00000000e+00    0.00000000e+00    9.46342990e-08    1.19999999e+00
   1.00000000e-08    0.00000000e+00    0.00000000e+00    9.46342897e-08    1.19999999e+00
   1.00002094e-08    7.50000000e-03    0.00000000e+00    7.87074965e-07    1.20000062e+00
   1.00004188e-08    1.50000000e-02    0.00000000e+00    1.45480176e-06    1.20000121e+00
   1.00006281e-08    2.25000000e-02    0.00000000e+00    2.11034223e-06    1.20000179e+00
   1.00010469e-08    3.75000000e-02    0.00000000e+00    3.34915334e-06    1.20000286e+00
   1.00018844e-08    6.75000000e-02    0.00000000e+00    5.55021410e-06    1.20000469e+00
   1.00035594e-08    1.27500000e-01    0.00000000e+00    8.95369801e-06    1.20000731e+00
   1.00069094e-08    2.47500000e-01    0.00000000e+00    1.26317036e-05    1.20000966e+00
   1.00102594e-08    3.67500000e-01    0.00000000e+00    1.34108454e-05    1.20000970e+00
   1.00136094e-08    4.87500000e-01    0.00000000e+00    1.26662009e-05    1.20000878e+00
   1.00146629e-08    5.25239983e-01    0.00000000e+00    1.22221511e-05    1.20000839e+00
   1.00167701e-08    6.00719950e-01    0.00000000e+00    1.11368259e-05    1.20000747e+00
   1.00174581e-08    6.25364389e-01    0.00000000e+00    1.06405499e-05    1.20000707e+00
   1.00188341e-08    6.74653267e-01    0.00000000e+00    9.41943877e-06    1.20000609e+00
   1.00215860e-08    7.73231023e-01    0.00000000e+00    4.95276902e-06    1.20000253e+00
   1.00220022e-08    7.88137101e-01    0.00000000e+00    3.92824423e-06    1.20000172e+00
   1.00224183e-08    8.03043179e-01    0.00000000e+00    2.82822101e-06    1.20000084e+00
   1.00232505e-08    8.32855335e-01    0.00000000e+00    2.41835062e-07    1.19999880e+00
   1.00240828e-08    8.62667491e-01    0.00000000e+00   -2.92439186e-06    1.19999631e+00
   1.00249151e-08    8.92479647e-01    0.00000000e+00   -6.73115026e-06    1.19999333e+00
   1.00257473e-08    9.22291803e-01    0.00000000e+00   -1.11750212e-05    1.19998987e+00
   1.00265796e-08    9.52103960e-01    0.00000000e+00   -1.61856633e-05    1.19998600e+00
   1.00274118e-08    9.81916116e-01    0.00000000e+00   -2.16873073e-05    1.19998180e+00
   1.00282441e-08    1.01172827e+00    0.00000000e+00   -2.76340070e-05    1.19997730e+00
   1.00290763e-08    1.04154043e+00    0.00000000e+00   -3.40001698e-05    1.19997250e+00
   1.00299086e-08    1.07135258e+00    0.00000000e+00   -4.07654297e-05    1.19996742e+00
   1.00307408e-08    1.10116474e+00    0.00000000e+00   -4.79067251e-05    1.19996206e+00
   1.00315731e-08    1.13097690e+00    0.00000000e+00   -5.53952594e-05    1.19995643e+00
   1.00324054e-08    1.16078905e+00    0.00000000e+00   -6.31955428e-05    1.19995054e+00
   1.00332376e-08    1.19060121e+00    0.00000000e+00   -7.12651975e-05    1.19994442e+00
   1.00335000e-08    1.20000000e+00    0.00000000e+00   -7.38589269e-05    1.19994245e+00
   1.00335467e-08    1.20000000e+00    0.00000000e+00   -7.44173963e-05    1.19994201e+00
   1.00335879e-08    1.20000000e+00    0.00000000e+00   -7.49060024e-05    1.19994162e+00
   1.00336291e-08    1.20000000e+00    0.00000000e+00   -7.53927642e-05    1.19994124e+00
   1.00337114e-08    1.20000000e+00    0.00000000e+00   -7.63548398e-05    1.19994048e+00
   1.00338761e-08    1.20000000e+00    0.00000000e+00   -7.82335508e-05    1.19993902e+00
   1.00342056e-08    1.20000000e+00    0.00000000e+00   -8.18121088e-05    1.19993625e+00
   1.00348645e-08    1.20000000e+00    0.00000000e+00   -8.82779969e-05    1.19993132e+00
   1.00361822e-08    1.20000000e+00    0.00000000e+00   -9.86484989e-05    1.19992364e+00
   1.00388178e-08    1.20000000e+00    0.00000000e+00   -1.10783344e-04    1.19991492e+00
   1.00414533e-08    1.20000000e+00    0.00000000e+00   -1.13798166e-04    1.19991148e+00
   1.00440889e-08    1.20000000e+00    0.00000000e+00   -1.10059999e-04    1.19990630e+00
   1.00464609e-08    1.20000000e+00    0.00000000e+00   -1.02492216e-04    1.19989763e+00
   1.00485956e-08    1.20000000e+00    0.00000000e+00   -9.33865363e-05    1.19988843e+00
   1.00507304e-08    1.20000000e+00    0.00000000e+00   -8.27252252e-05    1.19987812e+00
   1.00528652e-08    1.20000000e+00    0.00000000e+00   -7.06375837e-05    1.19986641e+00
   1.00550000e-08    1.20000000e+00    0.00000000e+00   -5.72891245e-05    1.19985322e+00
   1.00571348e-08    1.20000000e+00    0.00000000e+00   -4.33640596e-05    1.19983885e+00
   1.00592696e-08    1.20000000e+00    0.00000000e+00   -2.95137131e-05    1.19982393e+00
   1.00614044e-08    1.20000000e+00    0.00000000e+00   -1.60076805e-05    1.19980922e+00
   1.00635392e-08    1.20000000e+00    0.00000000e+00   -2.95685172e-06    1.19979545e+00
   1.00656739e-08    1.20000000e+00    0.00000000e+00    9.55234089e-06    1.19978326e+00
   1.00678087e-08    1.20000000e+00    0.00000000e+00    2.14254117e-05    1.19977316e+00
   1.00699435e-08    1.20000000e+00    0.00000000e+00    3.25529498e-05    1.19976550e+00
   1.00720783e-08    1.20000000e+00    0.00000000e+00    4.28132963e-05    1.19976045e+00
   1.00742131e-08    1.20000000e+00    0.00000000e+00    5.20815606e-05    1.19975800e+00
   1.00763479e-08    1.20000000e+00    0.00000000e+00    6.02422659e-05    1.19975799e+00
   1.00784827e-08    1.20000000e+00    0.00000000e+00    6.72022810e-05    1.19976013e+00
   1.00806175e-08    1.20000000e+00    0.00000000e+00    7.29010897e-05    1.19976401e+00
   1.00827522e-08    1.20000000e+00    0.00000000e+00    7.73168713e-05    1.19976919e+00
   1.00848870e-08    1.20000000e+00    0.00000000e+00    8.04688767e-05    1.19977518e+00
   1.00870218e-08    1.20000000e+00    0.00000000e+00    8.24191908e-05    1.19978152e+00
   1.00891566e-08    1.20000000e+00    0.00000000e+00    8.32814959e-05    1.19978778e+00
   1.00912914e-08    1.20000000e+00    0.00000000e+00    8.32524888e-05    1.19979363e+00
   1.00934262e-08    1.20000000e+00    0.00000000e+00    8.26806272e-05    1.19979884e+00
   1.00955610e-08    1.20000000e+00    0.00000000e+00    8.21066504e-05    1.19980330e+00
   1.00976958e-08    1.20000000e+00    0.00000000e+00    8.20731882e-05    1.19980705e+00
   1.00998305e-08    1.20000000e+00    0.00000000e+00    8.28169459e-05    1.19981022e+00
   1.01019653e-08    1.20000000e+00    0.00000000e+00    8.42838597e-05    1.19981300e+00
   1.01041001e-08    1.20000000e+00    0.00000000e+00    8.62987492e-05    1.19981552e+00
   1.01062349e-08    1.20000000e+00    0.00000000e+00    8.86040574e-05    1.19981767e+00
   1.01083697e-08    1.20000000e+00    0.00000000e+00    9.08316121e-05    1.19981904e+00
   1.01105045e-08    1.20000000e+00    0.00000000e+00    9.25046939e-05    1.19981887e+00
   1.01126393e-08    1.20000000e+00    0.00000000e+00    9.30785205e-05    1.19981607e+00
   1.01147741e-08    1.20000000e+00    0.00000000e+00    9.20067384e-05    1.19980935e+00
   1.01169088e-08    1.20000000e+00    0.00000000e+00    8.88555152e-05    1.19979737e+00
   1.01190436e-08    1.20000000e+00    0.00000000e+00    8.34259797e-05    1.19977899e+00
   1.01211784e-08    1.20000000e+00    0.00000000e+00    7.57887889e-05    1.19975336e+00
   1.01233132e-08    1.20000000e+00    0.00000000e+00    6.62352982e-05    1.19972019e+00
   1.01254480e-08    1.20000000e+00    0.00000000e+00    5.52008695e-05    1.19967983e+00
   1.01275828e-08    1.20000000e+00    0.00000000e+00    4.31900632e-05    1.19963339e+00
   1.01297176e-08    1.20000000e+00    0.00000000e+00    3.07146460e-05    1.19958288e+00
   1.01318524e-08    1.20000000e+00    0.00000000e+00    1.82483823e-05    1.19953127e+00
   1.01339871e-08    1.20000000e+00    0.00000000e+00    6.19865306e-06    1.19948233e+00
   1.01361219e-08    1.20000000e+00    0.00000000e+00   -5.10753090e-06    1.19944055e+00
   1.01382567e-08    1.20000000e+00    0.00000000e+00   -1.54266264e-05    1.19941083e+00
   1.01403915e-08    1.20000000e+00    0.00000000e+00   -2.45942836e-05    1.19939833e+00
   1.01425263e-08    1.20000000e+00    0.00000000e+00   -3.25166623e-05    1.19940827e+00
   1.01446611e-08    1.20000000e+00    0.00000000e+00   -3.91595842e-05    1.19944591e+00
   1.01467959e-08    1.20000000e+00    0.00000000e+00   -4.45370778e-05    1.19951646e+00
   1.01489307e-08    1.20000000e+00    0.00000000e+00   -4.87003250e-05    1.19962511e+00
   1.01510654e-08    1.20000000e+00    0.00000000e+00   -5.17276052e-05    1.19977696e+00
   1.01532002e-08    1.20000000e+00    0.00000000e+00   -5.37155410e-05    1.19997706e+00
   1.01553350e-08    1.20000000e+00    0.00000000e+00   -5.47717512e-05    1.20023037e+00
   1.01574698e-08    1.20000000e+00    0.00000000e+00   -5.50088894e-05    1.20054163e+00
   1.01596046e-08    1.20000000e+00    0.00000000e+00   -5.45399654e-05    1.20091518e+00
   1.01617394e-08    1.20000000e+00    0.00000000e+00   -5.34748077e-05    1.20135453e+00
   1.01638742e-08    1.20000000e+00    0.00000000e+00   -5.19175063e-05    1.20186182e+00
   1.01660090e-08    1.20000000e+00    0.00000000e+00   -4.99646742e-05    1.20243732e+00
   1.01681437e-08    1.20000000e+00    0.00000000e+00   -4.77043762e-05    1.20307976e+00
   1.01702785e-08    1.20000000e+00    0.00000000e+00   -4.52155867e-05    1.20378710e+00
   1.01724133e-08    1.20000000e+00    0.00000000e+00   -4.25680570e-05    1.20455703e+00
   1.01745481e-08    1.20000000e+00    0.00000000e+00   -3.98224886e-05    1.20538710e+00
   1.01766829e-08    1.20000000e+00    0.00000000e+00   -3.70309277e-05    1.20627463e+00
   1.01788177e-08    1.20000000e+00    0.00000000e+00   -3.42373109e-05    1.20721675e+00
   1.01809525e-08    1.20000000e+00    0.00000000e+00   -3.14781059e-05    1.20821042e+00
   1.01830873e-08    1.20000000e+00    0.00000000e+00   -2.87830036e-05    1.20925257e+00
   1.01852220e-08    1.20000000e+00    0.00000000e+00   -2.61756280e-05    1.21034019e+00
   1.01873568e-08    1.20000000e+00    0.00000000e+00   -2.36742390e-05    1.21147041e+00
   1.01894916e-08    1.20000000e+00    0.00000000e+00   -2.12924090e-05    1.21264063e+00
   1.01916264e-08    1.20000000e+00    0.00000000e+00   -1.90396622e-05    1.21384856e+00
   1.01937612e-08    1.20000000e+00    0.00000000e+00   -1.69220680e-05    1.21509236e+00
   1.01958960e-08    1.20000000e+00    0.00000000e+00   -1.49427831e-05    1.21637071e+00
   1.02001656e-08    1.20000000e+00    0.00000000e+00   -1.13983766e-05    1.21902889e+00
   1.02044351e-08    1.20000000e+00    0.00000000e+00   -8.39051316e-06    1.22182523e+00
   1.02087047e-08    1.20000000e+00    0.00000000e+00   -5.88447801e-06    1.22477021e+00
   1.02129743e-08    1.20000000e+00    0.00000000e+00   -3.83329501e-06    1.22787356e+00
   1.02172439e-08    1.20000000e+00    0.00000000e+00   -2.18426817e-06    1.23110312e+00
   1.02215134e-08    1.20000000e+00    0.00000000e+00   -8.83550320e-07    1.23429442e+00
   1.02257830e-08    1.20000000e+00    0.00000000e+00    1.20827887e-07    1.23707667e+00
   1.02300526e-08    1.20000000e+00    0.00000000e+00    8.77091735e-07    1.23881287e+00
   1.02343222e-08    1.20000000e+00    0.00000000e+00    1.42870575e-06    1.23850447e+00
   1.02385917e-08    1.20000000e+00    0.00000000e+00    1.81395625e-06    1.23471592e+00
   1.02428613e-08    1.20000000e+00    0.00000000e+00    2.06593925e-06    1.22553968e+00
   1.02471309e-08    1.20000000e+00    0.00000000e+00    2.21280778e-06    1.20878597e+00
   1.02509735e-08    1.20000000e+00    0.00000000e+00    2.27445997e-06    1.18610415e+00
   1.02544319e-08    1.20000000e+00    0.00000000e+00    2.28539658e-06    1.15927585e+00
   1.02578902e-08    1.20000000e+00    0.00000000e+00    2.26351585e-06    1.12638324e+00
   1.02613486e-08    1.20000000e+00    0.00000000e+00    2.21624471e-06    1.08767747e+00
   1.02648069e-08    1.20000000e+00    0.00000000e+00    2.14979690e-06    1.04362404e+00
   1.02682653e-08    1.20000000e+00    0.00000000e+00    2.06932901e-06    9.94845610e-01
   1.02717236e-08    1.20000000e+00    0.00000000e+00    1.97908376e-06    9.42057436e-01
   1.02751820e-08    1.20000000e+00    0.00000000e+00    1.88251957e-06    8.86011333e-01
   1.02786404e-08    1.20000000e+00    0.00000000e+00    1.78242644e-06    8.27454702e-01
   1.02820987e-08    1.20000000e+00    0.00000000e+00    1.68102852e-06    7.67106039e-01
   1.02855571e-08    1.20000000e+00    0.00000000e+00    1.58007409e-06    7.05645422e-01
   1.02890154e-08    1.20000000e+00    0.00000000e+00    1.48091391e-06    6.43717324e-01
   1.02924738e-08    1.20000000e+00    0.00000000e+00    1.38456892e-06    5.81942882e-01
   1.02959321e-08    1.20000000e+00    0.00000000e+00    1.29178838e-06    5.20938660e-01
   1.02993905e-08    1.20000000e+00    0.00000000e+00    1.20309947e-06    4.61338071e-01
   1.03028488e-08    1.20000000e+00    0.00000000e+00    1.11884941e-06    4.03809153e-01
   1.03063072e-08    1.20000000e+00    0.00000000e+00    1.03924095e-06    3.49058739e-01
   1.03097656e-08    1.20000000e+00    0.00000000e+00    9.64362149e-07    2.97810532e-01
   1.03132239e-08    1.20000000e+00    0.00000000e+00    8.94211229e-07    2.50748599e-01
   1.03166823e-08    1.20000000e+00    0.00000000e+00    8.28717166e-07    2.08432346e-01
   1.03201406e-08    1.20000000e+00    0.00000000e+00    7.67756665e-07    1.71209169e-01
   1.03235990e-08    1.20000000e+00    0.00000000e+00    7.11168056e-07    1.39160649e-01
   1.03270573e-08    1.20000000e+00    0.00000000e+00    6.58762593e-07    1.12105060e-01
   1.03305157e-08    1.20000000e+00    0.00000000e+00    6.10333562e-07    8.96513377e-02
   1.03339741e-08    1.20000000e+00    0.00000000e+00    5.65663560e-07    7.12788953e-02
   1.03374324e-08    1.20000000e+00    0.00000000e+00    5.24530248e-07    5.64156763e-02
   1.03408908e-08    1.20000000e+00    0.00000000e+00    4.86710850e-07    4.44978347e-02
   1.03443491e-08    1.20000000e+00    0.00000000e+00    4.51985598e-07    3.50069342e-02
   1.03478075e-08    1.20000000e+00    0.00000000e+00    4.20140333e-07    2.74881068e-02
   1.03512658e-08    1.20000000e+00    0.00000000e+00    3.90968410e-07    2.15550275e-02
   1.03547242e-08    1.20000000e+00    0.00000000e+00    3.64272041e-07    1.68870571e-02
   1.03581825e-08    1.20000000e+00    0.00000000e+00    3.39863183e-07    1.32224470e-02
   1.03616409e-08    1.20000000e+00    0.00000000e+00    3.17564071e-07    1.03500862e-02
   1.03650993e-08    1.20000000e+00    0.00000000e+00    2.97207469e-07    8.10121051e-03
   1.03685576e-08    1.20000000e+00    0.00000000e+00    2.78636701e-07    6.34179596e-03
   1.03754743e-08    1.20000000e+00    0.00000000e+00    2.46216902e-07    3.86091087e-03
   1.03823910e-08    1.20000000e+00    0.00000000e+00    2.19332895e-07    2.35602852e-03
   1.03893078e-08    1.20000000e+00    0.00000000e+00    1.97080959e-07    1.44243410e-03
   1.03962245e-08    1.20000000e+00    0.00000000e+00    1.78691934e-07    8.86770303e-04
   1.04031412e-08    1.20000000e+00    0.00000000e+00    1.63515587e-07    5.47913323e-04
   1.04169746e-08    1.20000000e+00    0.00000000e+00    1.40526828e-07    2.00230068e-04
   1.04446414e-08    1.20000000e+00    0.00000000e+00    1.13883379e-07    1.24518719e-05
   1.04723083e-08    1.20000000e+00    0.00000000e+00    1.02304216e-07    4.29252762e-06
   1.04999751e-08    1.20000000e+00    0.00000000e+00    9.73743025e-08    1.98253706e-06
   1.05000000e-08    1.20000000e+00    0.00000000e+00    9.73716908e-08    1.98142082e-06
   1.05000249e-08    1.20000000e+00    3.57937693e-04    9.73690822e-08    1.98088599e-06
   1.05000746e-08    1.20000000e+00    1.07381308e-03    9.73638725e-08    1.97980448e-06
   1.05001740e-08    1.20000000e+00    2.50556385e-03    9.73534689e-08    1.97761801e-06
   1.05003729e-08    1.20000000e+00    5.36906540e-03    9.73327558e-08    1.97310654e-06
   1.05007706e-08    1.20000000e+00    1.10960685e-02    9.72917035e-08    1.96355297e-06
   1.05015660e-08    1.20000000e+00    2.25500747e-02    9.72110736e-08    1.94250345e-06
   1.05031568e-08    1.20000000e+00    4.54580871e-02    9.70555474e-08    1.89395569e-06
   1.05063385e-08    1.20000000e+00    9.12741118e-02    9.67661745e-08    1.77981778e-06
   1.05127018e-08    1.20000000e+00    1.82906161e-01    9.62650397e-08    1.53001537e-06
   1.05254285e-08    1.20000000e+00    3.66170260e-01    9.55128640e-08    1.09922253e-06
   1.05379288e-08    1.20000000e+00    5.46174365e-01    9.50967453e-08    8.57477242e-07
   1.05504290e-08    1.20000000e+00    7.26178469e-01    9.47540293e-08    6.24489861e-07
   1.05517835e-08    1.20000000e+00    7.45682896e-01    9.47261992e-08    5.98193108e-07
   1.05531380e-08    1.20000000e+00    7.65187322e-01    9.46990305e-08    5.70474925e-07
   1.05558469e-08    1.20000000e+00    8.04196175e-01    9.46485068e-08    5.10920556e-07
   1.05585559e-08    1.20000000e+00    8.43205028e-01    9.46027697e-08    4.48474771e-07
   1.05612648e-08    1.20000000e+00    8.82213880e-01    9.45614431e-08    3.87575555e-07
   1.05639738e-08    1.20000000e+00    9.21222733e-01    9.45241791e-08    3.31643055e-07
   1.05666827e-08    1.20000000e+00    9.60231586e-01    9.44906561e-08    2.82524912e-07
   1.05693917e-08    1.20000000e+00    9.99240439e-01    9.44605762e-08    2.41249422e-07
   1.05721006e-08    1.20000000e+00    1.03824929e+00    9.44336647e-08    2.08457366e-07
   1.05748096e-08    1.20000000e+00    1.07725814e+00    9.44096665e-08    1.84461250e-07
   1.05775185e-08    1.20000000e+00    1.11626700e+00    9.43883465e-08    1.69197299e-07
   1.05802275e-08    1.20000000e+00    1.15527585e+00    9.43694869e-08    1.62216972e-07
   1.05829364e-08    1.20000000e+00    1.19428470e+00    9.43528867e-08    1.62766597e-07
   1.05833333e-08    1.20000000e+00    1.20000000e+00    9.43506350e-08    1.63434804e-07
   1.05836042e-08    1.20000000e+00    1.20000000e+00    9.43491337e-08    1.60873473e-07
   1.05838012e-08    1.20000000e+00    1.20000000e+00    9.43480524e-08    1.59631858e-07
   1.05841952e-08    1.20000000e+00    1.20000000e+00    9.43459112e-08    1.58318527e-07
   1.05849832e-08    1.20000000e+00    1.20000000e+00    9.43417538e-08    1.61931174e-07
   1.05865591e-08    1.20000000e+00    1.20000000e+00    9.43339254e-08    1.87518891e-07
   1.05881351e-08    1.20000000e+00    1.20000000e+00    9.43267213e-08    2.29110741e-07
   1.05897110e-08    1.20000000e+00    1.20000000e+00    9.43201105e-08    2.78103200e-07
   1.05928629e-08    1.20000000e+00    1.20000000e+00    9.43085387e-08    3.76149156e-07
   1.05991668e-08    1.20000000e+00    1.20000000e+00    9.42912199e-08    5.16053257e-07
   1.06117744e-08    1.20000000e+00    1.20000000e+00    9.42747733e-08    5.46455997e-07
   1.06243821e-08    1.20000000e+00    1.20000000e+00    9.42760205e-08    3.97255802e-07
   1.06369898e-08    1.20000000e+00    1.20000000e+00    9.42882974e-08    2.47910210e-07
   1.06495974e-08    1.20000000e+00    1.20000000e+00    9.43070819e-08    1.54587975e-07
   1.06622051e-08    1.20000000e+00    1.20000000e+00    9.43293366e-08    1.10602939e-07
   1.06748128e-08    1.20000000e+00    1.20000000e+00    9.43530493e-08    9.97759810e-08
   1.06861597e-08    1.20000000e+00    1.20000000e+00    9.43745571e-08    1.04617618e-07
   1.06963719e-08    1.20000000e+00    1.20000000e+00    9.43935028e-08    1.07842905e-07
   1.07055629e-08    1.20000000e+00    1.20000000e+00    9.44099650e-08    1.01990831e-07
   1.07147538e-08    1.20000000e+00    1.20000000e+00    9.44257254e-08    8.79449420e-08
   1.07239448e-08    1.20000000e+00    1.20000000e+00    9.44407028e-08    7.09225795e-08
   1.07331358e-08    1.20000000e+00    1.20000000e+00    9.44548530e-08    5.64006043e-08
   1.07423268e-08    1.20000000e+00    1.20000000e+00    9.44681595e-08    4.76505542e-08
   1.07515178e-08    1.20000000e+00    1.20000000e+00    9.44806259e-08    4.54099923e-08
   1.07607088e-08    1.20000000e+00    1.20000000e+00    9.44922705e-08    4.87048888e-08
   1.07698998e-08    1.20000000e+00    1.20000000e+00    9.45031196e-08    5.57921744e-08
   1.07790908e-08    1.20000000e+00    1.20000000e+00    9.45132077e-08    6.48447399e-08
   1.07882817e-08    1.20000000e+00    1.20000000e+00    9.45225722e-08    7.43347054e-08
   1.07974727e-08    1.20000000e+00    1.20000000e+00    9.45312531e-08    8.31804511e-08
   1.08158547e-08    1.20000000e+00    1.20000000e+00    9.45467466e-08    9.67761354e-08
   1.08526187e-08    1.20000000e+00    1.20000000e+00    9.45713957e-08    1.07998507e-07
   1.08893826e-08    1.20000000e+00    1.20000000e+00    9.45892186e-08    1.06021765e-07
   1.09261466e-08    1.20000000e+00    1.20000000e+00    9.46020377e-08    1.01268629e-07
   1.09629105e-08    1.20000000e+00    1.20000000e+00    9.46112359e-08    9.80140945e-08
   1.10364384e-08    1.20000000e+00    1.20000000e+00    9.46227833e-08    9.54094872e-08
   1.11099663e-08    1.20000000e+00    1.20000000e+00    9.46285915e-08    9.49804970e-08
   1.12570221e-08    1.20000000e+00    1.20000000e+00    9.46332624e-08    9.47745490e-08
   1.15511337e-08    1.20000000e+00    1.20000000e+00    9.46346045e-08    9.46644799e-08
   1.18452453e-08    1.20000000e+00    1.20000000e+00    9.46343941e-08    9.46465977e-08
   1.21393569e-08    1.20000000e+00    1.20000000e+00    9.46344017e-08    9.46430411e-08
   1.23750000e-08    1.20000000e+00    1.20000000e+00    9.46343901e-08    9.46395437e-08
   1.23752094e-08    1.19250000e+00    1.20000000e+00   -3.05708056e-07   -3.04408285e-07
   1.23754188e-08    1.18500000e+00    1.20000000e+00   -6.85559860e-07   -6.83052135e-07
   1.23756281e-08    1.17750000e+00    1.20000000e+00   -1.05538796e-06   -1.05171447e-06
   1.23760469e-08    1.16250000e+00    1.20000000e+00   -1.73705580e-06   -1.73129148e-06
   1.23768844e-08    1.13250000e+00    1.20000000e+00   -2.88912747e-06   -2.88003353e-06
   1.23785594e-08    1.07250000e+00    1.20000000e+00   -4.49568143e-06   -4.48257517e-06
   1.23819094e-08    9.52500000e-01    1.20000000e+00   -5.85644139e-06   -5.84139930e-06
   1.23886094e-08    7.12500000e-01    1.20000000e+00   -6.08471570e-06   -6.06966333e-06
   1.23946394e-08    4.96500000e-01    1.20000000e+00   -2.85508281e-06   -2.84599087e-06
   1.23951897e-08    4.76785203e-01    1.20000000e+00   -2.07292280e-06   -2.06579978e-06
   1.23957401e-08    4.57070407e-01    1.20000000e+00   -1.23687016e-06   -1.23192861e-06
   1.23968409e-08    4.17640813e-01    1.20000000e+00    6.93578089e-07    6.93062533e-07
   1.23979416e-08    3.78211220e-01    1.20000000e+00    2.91486810e-06    2.90759530e-06
   1.23990423e-08    3.38781627e-01    1.20000000e+00    5.36274754e-06    5.34769076e-06
   1.24001431e-08    2.99352033e-01    1.20000000e+00    7.98522003e-06    7.96158732e-06
   1.24012438e-08    2.59922440e-01    1.20000000e+00    1.07380808e-05    1.07052667e-05
   1.24023446e-08    2.20492847e-01    1.20000000e+00    1.35807364e-05    1.35382976e-05
   1.24034453e-08    1.81063254e-01    1.20000000e+00    1.64748749e-05    1.64225180e-05
   1.24045461e-08    1.41633660e-01    1.20000000e+00    1.93844231e-05    1.93219959e-05
   1.24056468e-08    1.02204067e-01    1.20000000e+00    2.22758177e-05    2.22033007e-05
   1.24067475e-08    6.27744736e-02    1.20000000e+00    2.51182479e-05    2.50357457e-05
   1.24078483e-08    2.33448803e-02    1.20000000e+00    2.78837815e-05    2.77915149e-05
   1.24085000e-08    1.70974346e-14    1.20000000e+00    2.94752639e-05    2.93773617e-05
   1.24086101e-08    0.00000000e+00    1.20000000e+00    3.00310127e-05    2.99311907e-05
   1.24086894e-08    0.00000000e+00    1.20000000e+00    3.04240386e-05    3.03228570e-05
   1.24087686e-08    0.00000000e+00    1.20000000e+00    3.08134614e-05    3.07109318e-05
   1.24089272e-08    0.00000000e+00    1.20000000e+00    3.15709151e-05    3.14657583e-05
   1.24092443e-08    0.00000000e+00    1.20000000e+00    3.30021089e-05    3.28919694e-05
   1.24098785e-08    0.00000000e+00    1.20000000e+00    3.55441966e-05    3.54251404e-05
   1.24111469e-08    0.00000000e+00    1.20000000e+00    3.94587673e-05    3.93257759e-05
   1.24136837e-08    0.00000000e+00    1.20000000e+00    4.34193315e-05    4.32717308e-05
   1.24162206e-08    0.00000000e+00    1.20000000e+00    4.33668573e-05    4.32188512e-05
   1.24187574e-08    0.00000000e+00    1.20000000e+00    4.05965779e-05    4.04581765e-05
   1.24238311e-08    0.00000000e+00    1.20000000e+00    3.09226120e-05    3.08194249e-05
   1.24289047e-08    0.00000000e+00    1.20000000e+00    1.92210080e-05    1.91617227e-05
   1.24339784e-08    0.00000000e+00    1.20000000e+00    8.33097254e-06    8.31317385e-06
   1.24390521e-08    0.00000000e+00    1.20000000e+00   -6.37683288e-07   -6.24289750e-07
   1.24441257e-08    0.00000000e+00    1.20000000e+00   -7.51257397e-06   -7.51351123e-06
   1.24491994e-08    0.00000000e+00    1.20000000e+00   -1.25862388e-05   -1.26964841e-05
   1.24542731e-08    0.00000000e+00    1.20000000e+00   -1.76067422e-05   -1.78675255e-05
   1.24588393e-08    0.00000000e+00    1.20000000e+00   -2.35329298e-05   -2.39345152e-05
   1.24628122e-08    0.00000000e+00    1.20000000e+00   -2.99624466e-05   -3.04981191e-05
   1.24662075e-08    0.00000000e+00    1.20000000e+00   -3.62409501e-05   -3.69084286e-05
   1.24691574e-08    0.00000000e+00    1.20000000e+00   -4.20756534e-05   -4.28888304e-05
   1.24718123e-08    0.00000000e+00    1.20000000e+00   -4.73026371e-05   -4.82811399e-05
   1.24742018e-08    0.00000000e+00    1.20000000e+00   -5.16632587e-05   -5.28109211e-05
   1.24765912e-08    0.00000000e+00    1.20000000e+00   -5.54251561e-05   -5.67472462e-05
   1.24789806e-08    0.00000000e+00    1.20000000e+00   -5.83845371e-05   -5.98714074e-05
   1.24813701e-08    0.00000000e+00    1.20000000e+00   -6.03968933e-05   -6.20252523e-05
   1.24837595e-08    0.00000000e+00    1.20000000e+00   -6.13759493e-05   -6.31142404e-05
   1.24861489e-08    0.00000000e+00    1.20000000e+00   -6.12877423e-05   -6.31164746e-05
   1.24885384e-08    0.00000000e+00    1.20000000e+00   -6.01350465e-05   -6.21178046e-05
   1.24909278e-08    0.00000000e+00    1.20000000e+00   -5.79142832e-05   -6.03317077e-05
   1.24933172e-08    0.00000000e+00    1.20000000e+00   -5.45656756e-05   -5.77709786e-05
   1.24957067e-08    0.00000000e+00    1.20000000e+00   -5.01066157e-05   -5.37594181e-05
   1.24980961e-08    0.00000000e+00    1.20000000e+00   -4.47544019e-05   -4.72779752e-05
   1.25004855e-08    0.00000000e+00    1.20000000e+00   -3.86216419e-05   -3.74862613e-05
   1.25028750e-08    0.00000000e+00    1.20000000e+00   -3.14289424e-05   -2.38034963e-05
   1.25052644e-08    0.00000000e+00    1.20000000e+00   -2.26887995e-05   -5.87745174e-06
   1.25076538e-08    0.00000000e+00    1.20000000e+00   -1.29448792e-05    1.55377423e-05
   1.25100433e-08    0.00000000e+00    1.20000000e+00   -3.79490489e-06    3.80656118e-05
   1.25124327e-08    0.00000000e+00    1.20000000e+00    4.17534434e-06    5.98916507e-05
   1.25148221e-08    0.00000000e+00    1.20000000e+00    1.12443102e-05    8.02008462e-05
   1.25172116e-08    0.00000000e+00    1.20000000e+00    1.77978654e-05    9.84440424e-05
   1.25196010e-08    0.00000000e+00    1.20000000e+00    2.40753845e-05    1.14079022e-04
   1.25217515e-08    0.00000000e+00    1.20000000e+00    2.95307960e-05    1.25466326e-04
   1.25239020e-08    0.00000000e+00    1.20000000e+00    3.47126215e-05    1.33905058e-04
   1.25260525e-08    0.00000000e+00    1.20000000e+00    3.94580951e-05    1.39095396e-04
   1.25282029e-08    0.00000000e+00    1.20000000e+00    4.35822350e-05    1.40873910e-04
   1.25303534e-08    0.00000000e+00    1.20000000e+00    4.69224125e-05    1.39249110e-04
   1.25325039e-08    0.00000000e+00    1.20000000e+00    4.93671490e-05    1.34406201e-04
   1.25346544e-08    0.00000000e+00    1.20000000e+00    5.08672514e-05    1.26683322e-04
   1.25368049e-08    0.00000000e+00    1.20000000e+00    5.14331197e-05    1.16529932e-04
   1.25389554e-08    0.00000000e+00    1.20000000e+00    5.11239241e-05    1.04459367e-04
   1.25411059e-08    0.00000000e+00    1.20000000e+00    5.00336291e-05    9.10046797e-05
   1.25432564e-08    0.00000000e+00    1.20000000e+00    4.82771986e-05    7.66828075e-05
   1.25454069e-08    0.00000000e+00    1.20000000e+00    4.59787650e-05    6.19687384e-05
   1.25475573e-08    0.00000000e+00    1.20000000e+00    4.32624336e-05    4.72792378e-05
   1.25497078e-08    0.00000000e+00    1.20000000e+00    4.02457315e-05    3.29646195e-05
   1.25518583e-08    0.00000000e+00    1.20000000e+00    3.70353765e-05    1.93067128e-05
   1.25561593e-08    0.00000000e+00    1.20000000e+00    3.04233849e-05   -5.19586398e-06
   1.25604603e-08    0.00000000e+00    1.20000000e+00    2.39530649e-05   -2.53088649e-05
   1.25647613e-08    0.00000000e+00    1.20000000e+00    1.80036703e-05   -4.06922033e-05
   1.25690622e-08    0.00000000e+00    1.20000000e+00    1.27839590e-05   -5.15184817e-05
   1.25733632e-08    0.00000000e+00    1.20000000e+00    8.37495825e-06   -5.82708817e-05
   1.25776642e-08    0.00000000e+00    1.20000000e+00    4.77096665e-06   -6.15855026e-05
   1.25819652e-08    0.00000000e+00    1.20000000e+00    1.91321471e-06   -6.21406109e-05
   1.25862662e-08    0.00000000e+00    1.20000000e+00   -2.85027076e-07   -6.05860688e-05
   1.25948681e-08    0.00000000e+00    1.20000000e+00   -3.13395191e-06   -5.35668356e-05
   1.26034701e-08    0.00000000e+00    1.20000000e+00   -4.44784754e-06   -4.37949323e-05
   1.26120720e-08    0.00000000e+00    1.20000000e+00   -4.81516247e-06   -3.36147067e-05
   1.26206740e-08    0.00000000e+00    1.20000000e+00   -4.65584823e-06   -2.43163917e-05
   1.26292760e-08    0.00000000e+00    1.20000000e+00   -4.24073352e-06   -1.64687117e-05
   1.26378779e-08    0.00000000e+00    1.20000000e+00   -3.73087864e-06   -1.01924782e-05
   1.26464799e-08    0.00000000e+00    1.20000000e+00   -3.21452223e-06   -5.36192979e-06
   1.26550818e-08    0.00000000e+00    1.20000000e+00   -2.73505772e-06   -1.76072456e-06
   1.26636838e-08    0.00000000e+00    1.20000000e+00   -2.30999520e-06    8.34977784e-07
   1.26722858e-08    0.00000000e+00    1.20000000e+00   -1.94290876e-06    2.63176379e-06
   1.26808877e-08    0.00000000e+00    1.20000000e+00   -1.63054070e-06    3.81148268e-06
   1.26894897e-08    0.00000000e+00    1.20000000e+00   -1.36680083e-06    4.52736747e-06
   1.26980916e-08    0.00000000e+00    1.20000000e+00   -1.14488131e-06    4.90332044e-06
   1.27066936e-08    0.00000000e+00    1.20000000e+00   -9.58281705e-07    5.03614926e-06
   1.27152955e-08    0.00000000e+00    1.20000000e+00   -8.01233508e-07    4.99938849e-06
   1.27238975e-08    0.00000000e+00    1.20000000e+00   -6.68813040e-07    4.84707563e-06
   1.27324995e-08    0.00000000e+00    1.20000000e+00   -5.56905872e-07    4.61730283e-06
   1.27411014e-08    0.00000000e+00    1.20000000e+00   -4.62110942e-07    4.33870893e-06
   1.27497034e-08    0.00000000e+00    1.20000000e+00   -3.81629256e-07    4.03419058e-06
   1.27574451e-08    0.00000000e+00    1.20000000e+00   -3.19546594e-07    3.75126332e-06
   1.27643819e-08    0.00000000e+00    1.20000000e+00   -2.71038710e-07    3.49770354e-06
   1.27706249e-08    0.00000000e+00    1.20000000e+00   -2.32389122e-07    3.27554203e-06
   1.27762437e-08    0.00000000e+00    1.20000000e+00   -2.01192331e-07    3.08612511e-06
   1.27818624e-08    0.00000000e+00    1.20000000e+00   -1.73028147e-07    2.91031345e-06
   1.27874812e-08    0.00000000e+00    1.20000000e+00   -1.47589977e-07    2.74955849e-06
   1.27931000e-08    0.00000000e+00    1.20000000e+00   -1.24604587e-07    2.60478220e-06
   1.27987187e-08    0.00000000e+00    1.20000000e+00   -1.03828039e-07    2.47780444e-06
   1.28043375e-08    0.00000000e+00    1.20000000e+00   -8.50421908e-08    2.37097285e-06
   1.28099562e-08    0.00000000e+00    1.20000000e+00   -6.80516703e-08    2.28192983e-06
   1.28150131e-08    0.00000000e+00    1.20000000e+00   -5.41521542e-08    2.20614550e-06
   1.28195643e-08    0.00000000e+00    1.20000000e+00   -4.26699910e-08    2.12887622e-06
   1.28241155e-08    0.00000000e+00    1.20000000e+00   -3.20798655e-08    2.03663909e-06
   1.28286667e-08    0.00000000e+00    1.20000000e+00   -2.23114382e-08    1.93154717e-06
   1.28332179e-08    0.00000000e+00    1.20000000e+00   -1.33001012e-08    1.82022599e-06
   1.28377691e-08    0.00000000e+00    1.20000000e+00   -4.98647882e-09    1.70973722e-06
   1.28423202e-08    0.00000000e+00    1.20000000e+00    2.68402289e-09    1.60523545e-06
   1.28468714e-08    0.00000000e+00    1.20000000e+00    9.76162406e-09    1.50947501e-06
   1.28514226e-08    0.00000000e+00    1.20000000e+00    1.62925387e-08    1.42325895e-06
   1.28559738e-08    0.00000000e+00    1.20000000e+00    2.23193097e-08    1.34612338e-06
   1.28605250e-08    0.00000000e+00    1.20000000e+00    2.78811131e-08    1.27693704e-06
   1.28696274e-08    0.00000000e+00    1.20000000e+00    3.77660634e-08    1.15643752e-06
   1.28878322e-08    0.00000000e+00    1.20000000e+00    5.34403888e-08    9.58477372e-07
   1.29060369e-08    0.00000000e+00    1.20000000e+00    6.47884246e-08    7.93043364e-07
   1.29242417e-08    0.00000000e+00    1.20000000e+00    7.30068376e-08    6.49624497e-07
   1.29424465e-08    0.00000000e+00    1.20000000e+00    7.89599494e-08    5.30933016e-07
   1.29606512e-08    0.00000000e+00    1.20000000e+00    8.32727883e-08    4.38108511e-07
   1.29788560e-08    0.00000000e+00    1.20000000e+00    8.63976656e-08    3.67986334e-07
   1.30152655e-08    0.00000000e+00    1.20000000e+00    9.03785080e-08    2.74453665e-07
   1.30516751e-08    0.00000000e+00    1.20000000e+00    9.24330544e-08    2.20208113e-07
   1.30880846e-08    0.00000000e+00    1.20000000e+00    9.34940534e-08    1.85653731e-07
   1.31244941e-08    0.00000000e+00    1.20000000e+00    9.40424066e-08    1.62374204e-07
   1.31973132e-08    0.00000000e+00    1.20000000e+00    9.44997506e-08    1.33727199e-07
   1.33429513e-08    0.00000000e+00    1.20000000e+00    9.46479604e-08    1.09214327e-07
   1.34885894e-08    0.00000000e+00    1.20000000e+00    9.46318871e-08    1.01250277e-07
   1.36342275e-08    0.00000000e+00    1.20000000e+00    9.46343939e-08    9.90061424e-08
   1.37798657e-08    0.00000000e+00    1.20000000e+00    9.46342299e-08    9.73004325e-08
   1.40711419e-08    0.00000000e+00    1.20000000e+00    9.46343078e-08    9.57050353e-08
   1.45461419e-08    0.00000000e+00    1.20000000e+00    9.46342849e-08    9.50959329e-08
   1.47500000e-08    0.00000000e+00    1.20000000e+00    9.46342947e-08    9.47099414e-08
   1.47502094e-08    7.50000000e-03    1.20000000e+00    7.87078412e-07    7.69638182e-07
   1.47504188e-08    1.50000000e-02    1.20000000e+00    1.45480831e-06    1.42036859e-06
   1.47506281e-08    2.25000000e-02    1.20000000e+00    2.11035172e-06    2.05917264e-06
   1.47510469e-08    3.75000000e-02    1.20000000e+00    3.34916780e-06    3.26607823e-06
   1.47518844e-08    6.75000000e-02    1.20000000e+00    5.55023535e-06    5.40967078e-06
   1.47535594e-08    1.27500000e-01    1.20000000e+00    8.95372377e-06    8.72297402e-06
   1.47569094e-08    2.47500000e-01    1.20000000e+00    1.26317203e-05    1.23045602e-05
   1.47602594e-08    3.67500000e-01    1.20000000e+00    1.34108467e-05    1.30677182e-05
   1.47636094e-08    4.87500000e-01    1.20000000e+00    1.26661911e-05    1.23460350e-05
   1.47646701e-08    5.25495145e-01    1.20000000e+00    1.22186895e-05    1.19094109e-05
   1.47667915e-08    6.01485435e-01    1.20000000e+00    1.11227306e-05    1.08376780e-05
   1.47674785e-08    6.26094874e-01    1.20000000e+00    1.06247471e-05    1.03496995e-05
   1.47688525e-08    6.75313752e-01    1.20000000e+00    9.39922188e-06    9.14851518e-06
   1.47716006e-08    7.73751507e-01    1.20000000e+00    4.91980290e-06    4.76195469e-06
   1.47720184e-08    7.88719040e-01    1.20000000e+00    3.88678156e-06    3.75095526e-06
   1.47724363e-08    8.03686574e-01    1.20000000e+00    2.77733414e-06    2.66505082e-06
   1.47732719e-08    8.33621641e-01    1.20000000e+00    1.67509399e-07    1.12229390e-07
   1.47741076e-08    8.63556708e-01    1.20000000e+00   -3.02893387e-06   -3.01042927e-06
   1.47749433e-08    8.93491775e-01    1.20000000e+00   -6.87219464e-06   -6.75669174e-06
   1.47757790e-08    9.23426842e-01    1.20000000e+00   -1.13562351e-05   -1.11151523e-05
   1.47766147e-08    9.53361909e-01    1.20000000e+00   -1.64085031e-05   -1.60144546e-05
   1.47774504e-08    9.83296976e-01    1.20000000e+00   -2.19532666e-05   -2.13838966e-05
   1.47782861e-08    1.01323204e+00    1.20000000e+00   -2.79452701e-05   -2.71819280e-05
   1.47791217e-08    1.04316711e+00    1.20000000e+00   -3.43591424e-05   -3.33850897e-05
   1.47799574e-08    1.07310218e+00    1.20000000e+00   -4.11742543e-05   -3.99739548e-05
   1.47807931e-08    1.10303724e+00    1.20000000e+00   -4.83669792e-05   -4.69260567e-05
   1.47816288e-08    1.13297231e+00    1.20000000e+00   -5.59077663e-05   -5.42132443e-05
   1.47824645e-08    1.16290738e+00    1.20000000e+00   -6.37602345e-05   -6.18009065e-05
   1.47833002e-08    1.19284245e+00    1.20000000e+00   -7.18809993e-05   -6.96478942e-05
   1.47835000e-08    1.20000000e+00    1.20000000e+00   -7.38582134e-05   -7.15585589e-05
   1.47835484e-08    1.20000000e+00    1.20000000e+00   -7.44362877e-05   -7.21178237e-05
   1.47835912e-08    1.20000000e+00    1.20000000e+00   -7.49447625e-05   -7.26097207e-05
   1.47836341e-08    1.20000000e+00    1.20000000e+00   -7.54512382e-05   -7.30996667e-05
   1.47837199e-08    1.20000000e+00    1.20000000e+00   -7.64517810e-05   -7.40674583e-05
   1.47838914e-08    1.20000000e+00    1.20000000e+00   -7.84036303e-05   -7.59550453e-05
   1.47842345e-08    1.20000000e+00    1.20000000e+00   -8.21136635e-05   -7.95415649e-05
   1.47849206e-08    1.20000000e+00    1.20000000e+00   -8.87865132e-05   -8.59876757e-05
   1.47862928e-08    1.20000000e+00    1.20000000e+00   -9.93738463e-05   -9.62029494e-05
   1.47890373e-08    1.20000000e+00    1.20000000e+00   -1.11359589e-04   -1.07776917e-04
   1.47917818e-08    1.20000000e+00    1.20000000e+00   -1.13695804e-04   -1.10508929e-04
   1.47945262e-08    1.20000000e+00    1.20000000e+00   -1.08961457e-04   -1.08540411e-04
   1.47969963e-08    1.20000000e+00    1.20000000e+00   -1.00424024e-04   -1.03731610e-04
   1.47992193e-08    1.20000000e+00    1.20000000e+00   -9.04588341e-05   -9.41350861e-05
   1.48014423e-08    1.20000000e+00    1.20000000e+00   -7.88843493e-05   -7.71325067e-05
   1.48036653e-08    1.20000000e+00    1.20000000e+00   -6.57797868e-05   -5.15060723e-05
   1.48058884e-08    1.20000000e+00    1.20000000e+00   -5.15358987e-05   -1.70797860e-05
   1.48081114e-08    1.20000000e+00    1.20000000e+00   -3.70091499e-05    2.50381882e-05
   1.48103344e-08    1.20000000e+00    1.20000000e+00   -2.27352808e-05    7.29072867e-05
   1.48123351e-08    1.20000000e+00    1.20000000e+00   -1.02626090e-05    1.19212528e-04
   1.48143358e-08    1.20000000e+00    1.20000000e+00    1.77661295e-06    1.66927027e-04
   1.48163366e-08    1.20000000e+00    1.20000000e+00    1.33101495e-05    2.14542301e-04
   1.48183373e-08    1.20000000e+00    1.20000000e+00    2.42561963e-05    2.60698209e-04
   1.48203380e-08    1.20000000e+00    1.20000000e+00    3.45212878e-05    3.04236195e-04
   1.48223387e-08    1.20000000e+00    1.20000000e+00    4.40037316e-05    3.44213260e-04
   1.48243395e-08    1.20000000e+00    1.20000000e+00    5.26009704e-05    3.79898890e-04
   1.48263402e-08    1.20000000e+00    1.20000000e+00    6.02190136e-05    4.10769208e-04
   1.48283409e-08    1.20000000e+00    1.20000000e+00    6.67817641e-05    4.36501138e-04
   1.48303416e-08    1.20000000e+00    1.20000000e+00    7.22383938e-05    4.56963101e-04
   1.48323423e-08    1.20000000e+00    1.20000000e+00    7.65678275e-05    4.72199138e-04
   1.48343431e-08    1.20000000e+00    1.20000000e+00    7.97805895e-05    4.82406138e-04
   1.48363438e-08    1.20000000e+00    1.20000000e+00    8.19197618e-05    4.87905907e-04
   1.48383445e-08    1.20000000e+00    1.20000000e+00    8.30652086e-05    4.89114716e-04
   1.48403452e-08    1.20000000e+00    1.20000000e+00    8.33497104e-05    4.86512887e-04
   1.48423459e-08    1.20000000e+00    1.20000000e+00    8.29996490e-05    4.80616373e-04
   1.48443467e-08    1.20000000e+00    1.20000000e+00    8.23896413e-05    4.71951406e-04
   1.48463474e-08    1.20000000e+00    1.20000000e+00    8.20041722e-05    4.61032154e-04
   1.48483481e-08    1.20000000e+00    1.20000000e+00    8.22120929e-05    4.48341333e-04
   1.48503488e-08    1.20000000e+00    1.20000000e+00    8.31095047e-05    4.34319678e-04
   1.48523495e-08    1.20000000e+00    1.20000000e+00    8.46125701e-05    4.19377262e-04
   1.48543503e-08    1.20000000e+00    1.20000000e+00    8.65641300e-05    4.03910519e-04
   1.48563510e-08    1.20000000e+00    1.20000000e+00    8.87400551e-05    3.88291205e-04
   1.48583517e-08    1.20000000e+00    1.20000000e+00    9.08278274e-05    3.72846382e-04
   1.48603524e-08    1.20000000e+00    1.20000000e+00    9.24313951e-05    3.57853420e-04
   1.48623531e-08    1.20000000e+00    1.20000000e+00    9.31016822e-05    3.43543530e-04
   1.48643539e-08    1.20000000e+00    1.20000000e+00    9.23833908e-05    3.30102567e-04
   1.48663546e-08    1.20000000e+00    1.20000000e+00    8.98944833e-05    3.17665404e-04
   1.48683553e-08    1.20000000e+00    1.20000000e+00    8.54215957e-05    3.06307209e-04
   1.48703560e-08    1.20000000e+00    1.20000000e+00    7.89623374e-05    2.96037994e-04
   1.48723567e-08    1.20000000e+00    1.20000000e+00    7.07014823e-05    2.86804143e-04
   1.48743575e-08    1.20000000e+00    1.20000000e+00    6.09580374e-05    2.78494859e-04
   1.48763582e-08    1.20000000e+00    1.20000000e+00    5.01287696e-05    2.70948366e-04
   1.48783589e-08    1.20000000e+00    1.20000000e+00    3.86382494e-05    2.63953903e-04
   1.48803596e-08    1.20000000e+00    1.20000000e+00    2.68994671e-05    2.57248837e-04
   1.48823603e-08    1.20000000e+00    1.20000000e+00    1.52862039e-05    2.50513026e-04
   1.48843611e-08    1.20000000e+00    1.20000000e+00    4.11638516e-06    2.43364590e-04
   1.48863618e-08    1.20000000e+00    1.20000000e+00   -6.35549508e-06    2.35362014e-04
   1.48883625e-08    1.20000000e+00    1.20000000e+00   -1.59391893e-05    2.26016439e-04
   1.48903632e-08    1.20000000e+00    1.20000000e+00   -2.45049385e-05    2.14814214e-04
   1.48923639e-08    1.20000000e+00    1.20000000e+00   -3.19769573e-05    2.01244259e-04
   1.48943647e-08    1.20000000e+00    1.20000000e+00   -3.83255407e-05    1.84820898e-04
   1.48963654e-08    1.20000000e+00    1.20000000e+00   -4.35587687e-05    1.65093744e-04
   1.48983661e-08    1.20000000e+00    1.20000000e+00   -4.77144537e-05    1.41642025e-04
   1.49003668e-08    1.20000000e+00    1.20000000e+00   -5.08527291e-05    1.14057244e-04
   1.49023675e-08    1.20000000e+00    1.20000000e+00   -5.30494962e-05    8.19213743e-05
   1.49043683e-08    1.20000000e+00    1.20000000e+00   -5.43908178e-05    4.47869519e-05
   1.49063690e-08    1.20000000e+00    1.20000000e+00   -5.49682644e-05    2.16250478e-06
   1.49103704e-08    1.20000000e+00    1.20000000e+00   -5.42472605e-05   -1.02002893e-04
   1.49143719e-08    1.20000000e+00    1.20000000e+00   -5.15508820e-05   -2.35331862e-04
   1.49183733e-08    1.20000000e+00    1.20000000e+00   -4.75192215e-05   -4.03744680e-04
   1.49223748e-08    1.20000000e+00    1.20000000e+00   -4.26927787e-05   -6.14019055e-04
   1.49263762e-08    1.20000000e+00    1.20000000e+00   -3.75019521e-05   -8.73878913e-04
   1.49303776e-08    1.20000000e+00    1.20000000e+00   -3.22714184e-05   -1.19228427e-03
   1.49343791e-08    1.20000000e+00    1.20000000e+00   -2.72323881e-05   -1.57994502e-03
   1.49383805e-08    1.20000000e+00    1.20000000e+00   -2.25381180e-05   -2.04962218e-03
   1.49423820e-08    1.20000000e+00    1.20000000e+00   -1.82798353e-05   -2.61205101e-03
   1.49463834e-08    1.20000000e+00    1.20000000e+00   -1.45014680e-05   -3.26868827e-03
   1.49503848e-08    1.20000000e+00    1.20000000e+00   -1.12124065e-05   -4.01406420e-03
   1.49543863e-08    1.20000000e+00    1.20000000e+00   -8.39804100e-06   -4.84560478e-03
   1.49583877e-08    1.20000000e+00    1.20000000e+00   -6.02813159e-06   -5.76726195e-03
   1.49623892e-08    1.20000000e+00    1.20000000e+00   -4.06322559e-06   -6.78931969e-03
   1.49663906e-08    1.20000000e+00    1.20000000e+00   -2.45941172e-06   -7.92899799e-03
   1.49703920e-08    1.20000000e+00    1.20000000e+00   -1.17171099e-06   -9.21290052e-03
   1.49743935e-08    1.20000000e+00    1.20000000e+00   -1.56387763e-07   -1.06829096e-02
   1.49783949e-08    1.20000000e+00    1.20000000e+00    6.27569860e-07   -1.24038497e-02
   1.49823964e-08    1.20000000e+00    1.20000000e+00    1.21759063e-06   -1.44228087e-02
   1.49863978e-08    1.20000000e+00    1.20000000e+00    1.64711087e-06   -1.66122489e-02
   1.49903992e-08    1.20000000e+00    1.20000000e+00    1.94548053e-06   -1.85937938e-02
   1.49944007e-08    1.20000000e+00    1.20000000e+00    2.13808057e-06   -1.98181178e-02
   1.49984021e-08    1.20000000e+00    1.20000000e+00    2.24657347e-06   -1.96071423e-02
   1.50024036e-08    1.20000000e+00    1.20000000e+00    2.28922961e-06   -1.71597803e-02
   1.50064050e-08    1.20000000e+00    1.20000000e+00    2.28128855e-06   -1.16156657e-02
   1.50104064e-08    1.20000000e+00    1.20000000e+00    2.23532717e-06   -2.28848609e-03
   1.50144079e-08    1.20000000e+00    1.20000000e+00    2.16161588e-06    1.12064407e-02
   1.50184093e-08    1.20000000e+00    1.20000000e+00    2.06845156e-06    2.91062615e-02
   1.50224108e-08    1.20000000e+00    1.20000000e+00    1.96246074e-06    5.15302312e-02
   1.50264122e-08    1.20000000e+00    1.20000000e+00    1.84887013e-06    7.84489153e-02
   1.50304137e-08    1.20000000e+00    1.20000000e+00    1.73174430e-06    1.09663406e-01
   1.50344151e-08    1.20000000e+00    1.20000000e+00    1.61419165e-06    1.44797956e-01
   1.50384165e-08    1.20000000e+00    1.20000000e+00    1.49854077e-06    1.83320371e-01
   1.50424180e-08    1.20000000e+00    1.20000000e+00    1.38649006e-06    2.24597238e-01
   1.50464194e-08    1.20000000e+00    1.20000000e+00    1.27923347e-06    2.67968494e-01
   1.50504209e-08    1.20000000e+00    1.20000000e+00    1.17756524e-06    3.12813724e-01
   1.50544223e-08    1.20000000e+00    1.20000000e+00    1.08196648e-06    3.58591995e-01
   1.50584237e-08    1.20000000e+00    1.20000000e+00    9.92676260e-07    4.04854157e-01
   1.50624252e-08    1.20000000e+00    1.20000000e+00    9.09749432e-07    4.51236374e-01
   1.50664266e-08    1.20000000e+00    1.20000000e+00    8.33103374e-07    4.97444601e-01
   1.50704281e-08    1.20000000e+00    1.20000000e+00    7.62555448e-07    5.43236725e-01
   1.50744295e-08    1.20000000e+00    1.20000000e+00    6.97852761e-07    5.88405905e-01
   1.50784309e-08    1.20000000e+00    1.20000000e+00    6.38695588e-07    6.32766599e-01
   1.50824324e-08    1.20000000e+00    1.20000000e+00    5.84755617e-07    6.76143713e-01
   1.50864338e-08    1.20000000e+00    1.20000000e+00    5.35689968e-07    7.18364908e-01
   1.50904353e-08    1.20000000e+00    1.20000000e+00    4.91151821e-07    7.59256044e-01
   1.50944367e-08    1.20000000e+00    1.20000000e+00    4.50798302e-07    7.98639821e-01
   1.50984381e-08    1.20000000e+00    1.20000000e+00    4.14296210e-07    8.36337675e-01
   1.51024396e-08    1.20000000e+00    1.20000000e+00    3.81326018e-07    8.72174863e-01
   1.51064410e-08    1.20000000e+00    1.20000000e+00    3.51584541e-07    9.05988320e-01
   1.51104425e-08    1.20000000e+00    1.20000000e+00    3.24786556e-07    9.37636375e-01
   1.51144439e-08    1.20000000e+00    1.20000000e+00    3.00665630e-07    9.67008889e-01
   1.51184453e-08    1.20000000e+00    1.20000000e+00    2.78974354e-07    9.94036060e-01
   1.51224468e-08    1.20000000e+00    1.20000000e+00    2.59484126e-07    1.01869419e+00
   1.51264482e-08    1.20000000e+00    1.20000000e+00    2.41984615e-07    1.04100727e+00
   1.51304497e-08    1.20000000e+00    1.20000000e+00    2.26283010e-07    1.06104420e+00
   1.51344511e-08    1.20000000e+00    1.20000000e+00    2.12203112e-07    1.07891212e+00
   1.51384526e-08    1.20000000e+00    1.20000000e+00    1.99584341e-07    1.09474749e+00
   1.51424540e-08    1.20000000e+00    1.20000000e+00    1.88280704e-07    1.10870624e+00
   1.51464554e-08    1.20000000e+00    1.20000000e+00    1.78159739e-07    1.12095442e+00
   1.51504569e-08    1.20000000e+00    1.20000000e+00    1.69101484e-07    1.13166026e+00
   1.51544583e-08    1.20000000e+00    1.20000000e+00    1.60997468e-07    1.14098799e+00
   1.51584598e-08    1.20000000e+00    1.20000000e+00    1.53749752e-07    1.14909355e+00
   1.51624612e-08    1.20000000e+00    1.20000000e+00    1.47270014e-07    1.15612183e+00
   1.51664626e-08    1.20000000e+00    1.20000000e+00    1.41478694e-07    1.16220524e+00
   1.51704641e-08    1.20000000e+00    1.20000000e+00    1.36304192e-07    1.16746322e+00
   1.51744655e-08    1.20000000e+00    1.20000000e+00    1.31682131e-07    1.17200242e+00
   1.51784670e-08    1.20000000e+00    1.20000000e+00    1.27554669e-07    1.17591735e+00
   1.51824684e-08    1.20000000e+00    1.20000000e+00    1.23869873e-07    1.17929121e+00
   1.51864698e-08    1.20000000e+00    1.20000000e+00    1.20581144e-07    1.18219692e+00
   1.51944727e-08    1.20000000e+00    1.20000000e+00    1.15013094e-07    1.18687240e+00
   1.52024756e-08    1.20000000e+00    1.20000000e+00    1.10587858e-07    1.19032576e+00
   1.52104785e-08    1.20000000e+00    1.20000000e+00    1.07074970e-07    1.19287345e+00
   1.52184814e-08    1.20000000e+00    1.20000000e+00    1.04289857e-07    1.19475147e+00
   1.52344871e-08    1.20000000e+00    1.20000000e+00    1.00299172e-07    1.19719623e+00
   1.52500003e-08    1.20000000e+00    1.20000000e+00    9.78917994e-08    1.19847090e+00
   1.52502004e-08    1.20000000e+00    1.19711896e+00    9.78680580e-08    1.19848241e+00
   1.52506005e-08    1.20000000e+00    1.19135688e+00    9.78211410e-08    1.19850507e+00
   1.52514008e-08    1.20000000e+00    1.17983273e+00    9.77284257e-08    1.19854972e+00
   1.52530014e-08    1.20000000e+00    1.15678442e+00    9.75495575e-08    1.19863508e+00
   1.52562025e-08    1.20000000e+00    1.11068781e+00    9.72166305e-08    1.19879113e+00
   1.52626048e-08    1.20000000e+00    1.01849457e+00    9.66395691e-08    1.19905251e+00
   1.52754094e-08    1.20000000e+00    8.34108108e-01    9.57714550e-08    1.19942191e+00
   1.52882141e-08    1.20000000e+00    6.49721643e-01    9.51952415e-08    1.19964680e+00
   1.53010187e-08    1.20000000e+00    4.65335178e-01    9.48191416e-08    1.19978382e+00
   1.53026366e-08    1.20000000e+00    4.42037415e-01    9.47838979e-08    1.19979619e+00
   1.53042545e-08    1.20000000e+00    4.18739653e-01    9.47496341e-08    1.19980818e+00
   1.53074903e-08    1.20000000e+00    3.72144127e-01    9.46867163e-08    1.19983009e+00
   1.53107261e-08    1.20000000e+00    3.25548602e-01    9.46307590e-08    1.19984948e+00
   1.53139619e-08    1.20000000e+00    2.78953077e-01    9.45811164e-08    1.19986662e+00
   1.53171977e-08    1.20000000e+00    2.32357552e-01    9.45371991e-08    1.19988179e+00
   1.53204335e-08    1.20000000e+00    1.85762027e-01    9.44984708e-08    1.19989521e+00
   1.53236693e-08    1.20000000e+00    1.39166502e-01    9.44644426e-08    1.19990708e+00
   1.53269051e-08    1.20000000e+00    9.25709764e-02    9.44346688e-08    1.19991758e+00
   1.53301409e-08    1.20000000e+00    4.59754512e-02    9.44087440e-08    1.19992686e+00
   1.53333336e-08    1.20000000e+00   -1.46549439e-14    9.43865764e-08    1.19993498e+00
   1.53336572e-08    1.20000000e+00    0.00000000e+00    9.43845239e-08    1.19993575e+00
   1.53339058e-08    1.20000000e+00    0.00000000e+00    9.43829651e-08    1.19993634e+00
   1.53344030e-08    1.20000000e+00    0.00000000e+00    9.43798835e-08    1.19993750e+00
   1.53353975e-08    1.20000000e+00    0.00000000e+00    9.43739341e-08    1.19993975e+00
   1.53373864e-08    1.20000000e+00    0.00000000e+00    9.43628556e-08    1.19994398e+00
   1.53413643e-08    1.20000000e+00    0.00000000e+00    9.43437372e-08    1.19995152e+00
   1.53493200e-08    1.20000000e+00    0.00000000e+00    9.43159236e-08    1.19996358e+00
   1.53652314e-08    1.20000000e+00    0.00000000e+00    9.42910903e-08    1.19997949e+00
   1.53811428e-08    1.20000000e+00    0.00000000e+00    9.42940347e-08    1.19998831e+00
   1.53970542e-08    1.20000000e+00    0.00000000e+00    9.43121574e-08    1.19999323e+00
   1.54129656e-08    1.20000000e+00    0.00000000e+00    9.43377756e-08    1.19999597e+00
   1.54288771e-08    1.20000000e+00    0.00000000e+00    9.43662881e-08    1.19999752e+00
   1.54447885e-08    1.20000000e+00    0.00000000e+00    9.43950164e-08    1.19999841e+00
   1.54591088e-08    1.20000000e+00    0.00000000e+00    9.44198173e-08    1.19999889e+00
   1.54719970e-08    1.20000000e+00    0.00000000e+00    9.44407656e-08    1.19999917e+00
   1.54835964e-08    1.20000000e+00    0.00000000e+00    9.44583248e-08    1.19999936e+00
   1.54951959e-08    1.20000000e+00    0.00000000e+00    9.44745974e-08    1.19999950e+00
   1.55067953e-08    1.20000000e+00    0.00000000e+00    9.44895846e-08    1.19999961e+00
   1.55183947e-08    1.20000000e+00    0.00000000e+00    9.45033230e-08    1.19999970e+00
   1.55299941e-08    1.20000000e+00    0.00000000e+00    9.45158704e-08    1.19999976e+00
   1.55415935e-08    1.20000000e+00    0.00000000e+00    9.45272972e-08    1.19999981e+00
   1.55531930e-08    1.20000000e+00    0.00000000e+00    9.45376805e-08    1.19999985e+00
   1.55647924e-08    1.20000000e+00    0.00000000e+00    9.45470986e-08    1.19999987e+00
   1.55763918e-08    1.20000000e+00    0.00000000e+00    9.45556294e-08    1.19999989e+00
   1.55879912e-08    1.20000000e+00    0.00000000e+00    9.45633481e-08    1.19999990e+00
   1.56111901e-08    1.20000000e+00    0.00000000e+00    9.45766587e-08    1.19999992e+00
   1.56575878e-08    1.20000000e+00    0.00000000e+00    9.45965009e-08    1.19999994e+00
   1.57503832e-08    1.20000000e+00    0.00000000e+00    9.46187703e-08    1.19999998e+00
   1.58338990e-08    1.20000000e+00    0.00000000e+00    9.46272821e-08    1.19999999e+00
   1.59174148e-08    1.20000000e+00    0.00000000e+00    9.46311409e-08    1.19999999e+00
   1.60009307e-08    1.20000000e+00    0.00000000e+00    9.46328919e-08    1.19999999e+00
   1.61679624e-08    1.20000000e+00    0.00000000e+00    9.46341386e-08    1.19999999e+00
   1.65020258e-08    1.20000000e+00    0.00000000e+00    9.46343809e-08    1.19999999e+00
   1.68360891e-08    1.20000000e+00    0.00000000e+00    9.46343260e-08    1.19999999e+00
   1.71250000e-08    1.20000000e+00    0.00000000e+00    9.46343306e-08    1.19999999e+00
   1.71252094e-08    1.19250000e+00    0.00000000e+00   -3.05712837e-07    1.19999927e+00
   1.71254187e-08    1.18500000e+00    0.00000000e+00   -6.85569072e-07    1.19999858e+00
   1.71256281e-08    1.17750000e+00    0.00000000e+00   -1.05540146e-06    1.19999790e+00
   1.71260469e-08    1.16250000e+00    0.00000000e+00   -1.73707702e-06    1.19999666e+00
   1.71268844e-08    1.13250000e+00    0.00000000e+00   -2.88916099e-06    1.19999455e+00
   1.71285594e-08    1.07250000e+00    0.00000000e+00   -4.49572875e-06    1.19999153e+00
   1.71319094e-08    9.52500000e-01    0.00000000e+00   -5.85648736e-06    1.19998865e+00
   1.71386094e-08    7.12500000e-01    0.00000000e+00   -6.08472366e-06    1.19998698e+00
   1.71446394e-08    4.96500000e-01    0.00000000e+00   -2.85503341e-06    1.19999177e+00
   1.71451811e-08    4.77093737e-01    0.00000000e+00   -2.08632891e-06    1.19999309e+00
   1.71457229e-08    4.57687473e-01    0.00000000e+00   -1.26534621e-06    1.19999450e+00
   1.71468064e-08    4.18874947e-01    0.00000000e+00    6.27798324e-07    1.19999781e+00
   1.71478899e-08    3.80062420e-01    0.00000000e+00    2.80481051e-06    1.20000165e+00
   1.71489734e-08    3.41249893e-01    0.00000000e+00    5.20395676e-06    1.20000595e+00
   1.71500570e-08    3.02437367e-01    0.00000000e+00    7.77508973e-06    1.20001062e+00
   1.71511405e-08    2.63624840e-01    0.00000000e+00    1.04757085e-05    1.20001559e+00
   1.71522240e-08    2.24812313e-01    0.00000000e+00    1.32668825e-05    1.20002081e+00
   1.71533075e-08    1.85999787e-01    0.00000000e+00    1.61118627e-05    1.20002623e+00
   1.71543910e-08    1.47187260e-01    0.00000000e+00    1.89759814e-05    1.20003177e+00
   1.71554745e-08    1.08374733e-01    0.00000000e+00    2.18268945e-05    1.20003741e+00
   1.71565581e-08    6.95622068e-02    0.00000000e+00    2.46348166e-05    1.20004307e+00
   1.71576416e-08    3.07496802e-02    0.00000000e+00    2.73726550e-05    1.20004873e+00
   1.71585000e-08   -7.17204074e-14    0.00000000e+00    2.94762667e-05    1.20005317e+00
   1.71586084e-08    0.00000000e+00    0.00000000e+00    3.00235341e-05    1.20005425e+00
   1.71586859e-08    0.00000000e+00    0.00000000e+00    3.04083658e-05    1.20005501e+00
   1.71587635e-08    0.00000000e+00    0.00000000e+00    3.07897469e-05    1.20005576e+00
   1.71589186e-08    0.00000000e+00    0.00000000e+00    3.15320185e-05    1.20005724e+00
   1.71592288e-08    0.00000000e+00    0.00000000e+00    3.29363367e-05    1.20006005e+00
   1.71598493e-08    0.00000000e+00    0.00000000e+00    3.54377164e-05    1.20006514e+00
   1.71610903e-08    0.00000000e+00    0.00000000e+00    3.93161757e-05    1.20007340e+00
   1.71635723e-08    0.00000000e+00    0.00000000e+00    4.33378402e-05    1.20008363e+00
   1.71660543e-08    0.00000000e+00    0.00000000e+00    4.34600644e-05    1.20008733e+00
   1.71685362e-08    0.00000000e+00    0.00000000e+00    4.09110748e-05    1.20008651e+00
   1.71735002e-08    0.00000000e+00    0.00000000e+00    3.16508616e-05    1.20007730e+00
   1.71784641e-08    0.00000000e+00    0.00000000e+00    2.02206592e-05    1.20006317e+00
   1.71834281e-08    0.00000000e+00    0.00000000e+00    9.42160089e-06    1.20004844e+00
   1.71883920e-08    0.00000000e+00    0.00000000e+00    4.10579566e-07    1.20003506e+00
   1.71933560e-08    0.00000000e+00    0.00000000e+00   -6.59671089e-06    1.20002316e+00
   1.71983199e-08    0.00000000e+00    0.00000000e+00   -1.17669595e-05    1.20001144e+00
   1.72032839e-08    0.00000000e+00    0.00000000e+00   -1.65203726e-05    1.19999801e+00
   1.72077514e-08    0.00000000e+00    0.00000000e+00   -2.19741166e-05    1.19998318e+00
   1.72117722e-08    0.00000000e+00    0.00000000e+00   -2.81815436e-05    1.19996697e+00
   1.72153613e-08    0.00000000e+00    0.00000000e+00   -3.46273661e-05    1.19995008e+00
   1.72185132e-08    0.00000000e+00    0.00000000e+00   -4.07936724e-05    1.19993336e+00
   1.72213355e-08    0.00000000e+00    0.00000000e+00   -4.63861352e-05    1.19991694e+00
   1.72238757e-08    0.00000000e+00    0.00000000e+00   -5.10995457e-05    1.19990138e+00
   1.72264158e-08    0.00000000e+00    0.00000000e+00   -5.51746694e-05    1.19988626e+00
   1.72289559e-08    0.00000000e+00    0.00000000e+00   -5.83594416e-05    1.19987291e+00
   1.72314960e-08    0.00000000e+00    0.00000000e+00   -6.04769695e-05    1.19986227e+00
   1.72340361e-08    0.00000000e+00    0.00000000e+00   -6.14246685e-05    1.19985472e+00
   1.72365762e-08    0.00000000e+00    0.00000000e+00   -6.11659408e-05    1.19985027e+00
   1.72391163e-08    0.00000000e+00    0.00000000e+00   -5.97063892e-05    1.19984873e+00
   1.72416564e-08    0.00000000e+00    0.00000000e+00   -5.70286835e-05    1.19984974e+00
   1.72441965e-08    0.00000000e+00    0.00000000e+00   -5.30613863e-05    1.19985270e+00
   1.72467366e-08    0.00000000e+00    0.00000000e+00   -4.79142620e-05    1.19985638e+00
   1.72492767e-08    0.00000000e+00    0.00000000e+00   -4.18484268e-05    1.19985924e+00
   1.72518168e-08    0.00000000e+00    0.00000000e+00   -3.48015495e-05    1.19986151e+00
   1.72543569e-08    0.00000000e+00    0.00000000e+00   -2.62223677e-05    1.19986470e+00
   1.72568970e-08    0.00000000e+00    0.00000000e+00   -1.60592017e-05    1.19986979e+00
   1.72594371e-08    0.00000000e+00    0.00000000e+00   -6.01766462e-06    1.19987717e+00
   1.72619773e-08    0.00000000e+00    0.00000000e+00    2.73357724e-06    1.19988695e+00
   1.72645174e-08    0.00000000e+00    0.00000000e+00    1.03780587e-05    1.19989907e+00
   1.72670575e-08    0.00000000e+00    0.00000000e+00    1.73855969e-05    1.19991341e+00
   1.72695976e-08    0.00000000e+00    0.00000000e+00    2.40653801e-05    1.19992974e+00
   1.72718837e-08    0.00000000e+00    0.00000000e+00    2.98553489e-05    1.19994587e+00
   1.72739412e-08    0.00000000e+00    0.00000000e+00    3.48013026e-05    1.19996123e+00
   1.72759986e-08    0.00000000e+00    0.00000000e+00    3.93451344e-05    1.19997702e+00
   1.72780561e-08    0.00000000e+00    0.00000000e+00    4.33239856e-05    1.19999282e+00
   1.72801136e-08    0.00000000e+00    0.00000000e+00    4.65933596e-05    1.20000820e+00
   1.72821711e-08    0.00000000e+00    0.00000000e+00    4.90508613e-05    1.20002278e+00
   1.72842286e-08    0.00000000e+00    0.00000000e+00    5.06461848e-05    1.20003622e+00
   1.72862861e-08    0.00000000e+00    0.00000000e+00    5.13800186e-05    1.20004828e+00
   1.72883436e-08    0.00000000e+00    0.00000000e+00    5.12960735e-05    1.20005880e+00
   1.72904010e-08    0.00000000e+00    0.00000000e+00    5.04700794e-05    1.20006774e+00
   1.72924585e-08    0.00000000e+00    0.00000000e+00    4.89984683e-05    1.20007508e+00
   1.72945160e-08    0.00000000e+00    0.00000000e+00    4.69883075e-05    1.20008089e+00
   1.72965735e-08    0.00000000e+00    0.00000000e+00    4.45491741e-05    1.20008527e+00
   1.72986310e-08    0.00000000e+00    0.00000000e+00    4.17871036e-05    1.20008835e+00
   1.73027460e-08    0.00000000e+00    0.00000000e+00    3.57127720e-05    1.20009122e+00
   1.73068609e-08    0.00000000e+00    0.00000000e+00    2.93641521e-05    1.20009057e+00
   1.73109759e-08    0.00000000e+00    0.00000000e+00    2.32180432e-05    1.20008740e+00
   1.73150909e-08    0.00000000e+00    0.00000000e+00    1.75830281e-05    1.20008260e+00
   1.73192058e-08    0.00000000e+00    0.00000000e+00    1.26281559e-05    1.20007684e+00
   1.73274358e-08    0.00000000e+00    0.00000000e+00    4.91637263e-06    1.20006440e+00
   1.73356657e-08    0.00000000e+00    0.00000000e+00   -9.55179449e-08    1.20005227e+00
   1.73438957e-08    0.00000000e+00    0.00000000e+00   -2.97442020e-06    1.20004155e+00
   1.73521256e-08    0.00000000e+00    0.00000000e+00   -4.36990083e-06    1.20003254e+00
   1.73685855e-08    0.00000000e+00    0.00000000e+00   -4.85529151e-06    1.20001906e+00
   1.73850454e-08    0.00000000e+00    0.00000000e+00   -3.98068308e-06    1.20001039e+00
   1.74015053e-08    0.00000000e+00    0.00000000e+00   -2.94992037e-06    1.20000498e+00
   1.74179652e-08    0.00000000e+00    0.00000000e+00   -2.11278208e-06    1.20000164e+00
   1.74344251e-08    0.00000000e+00    0.00000000e+00   -1.50031315e-06    1.19999962e+00
   1.74492390e-08    0.00000000e+00    0.00000000e+00   -1.10235639e-06    1.19999851e+00
   1.74625715e-08    0.00000000e+00    0.00000000e+00   -8.35098763e-07    1.19999791e+00
   1.74745457e-08    0.00000000e+00    0.00000000e+00   -6.49389843e-07    1.19999758e+00
   1.74853225e-08    0.00000000e+00    0.00000000e+00   -5.15849097e-07    1.19999742e+00
   1.74960993e-08    0.00000000e+00    0.00000000e+00   -4.07232939e-07    1.19999734e+00
   1.75068762e-08    0.00000000e+00    0.00000000e+00   -3.18561282e-07    1.19999733e+00
   1.75176530e-08    0.00000000e+00    0.00000000e+00   -2.45951671e-07    1.19999737e+00
   1.75284298e-08    0.00000000e+00    0.00000000e+00   -1.86350725e-07    1.19999744e+00
   1.75392066e-08    0.00000000e+00    0.00000000e+00   -1.37335598e-07    1.19999753e+00
   1.75499834e-08    0.00000000e+00    0.00000000e+00   -9.69678309e-08    1.19999764e+00
   1.75607602e-08    0.00000000e+00    0.00000000e+00   -6.36853555e-08    1.19999776e+00
   1.75693895e-08    0.00000000e+00    0.00000000e+00   -4.13058728e-08    1.19999787e+00
   1.75764429e-08    0.00000000e+00    0.00000000e+00   -2.54067933e-08    1.19999796e+00
   1.75827911e-08    0.00000000e+00    0.00000000e+00   -1.27042628e-08    1.19999805e+00
   1.75885044e-08    0.00000000e+00    0.00000000e+00   -2.43198428e-09    1.19999812e+00
   1.75942177e-08    0.00000000e+00    0.00000000e+00    6.85382174e-09    1.19999820e+00
   1.75999310e-08    0.00000000e+00    0.00000000e+00    1.52485899e-08    1.19999828e+00
   1.76056443e-08    0.00000000e+00    0.00000000e+00    2.28383670e-08    1.19999836e+00
   1.76113576e-08    0.00000000e+00    0.00000000e+00    2.97007709e-08    1.19999843e+00
   1.76170709e-08    0.00000000e+00    0.00000000e+00    3.59058427e-08    1.19999846e+00
   1.76227842e-08    0.00000000e+00    0.00000000e+00    4.15168068e-08    1.19999845e+00
   1.76284975e-08    0.00000000e+00    0.00000000e+00    4.65907505e-08    1.19999841e+00
   1.76342108e-08    0.00000000e+00    0.00000000e+00    5.11792328e-08    1.19999835e+00
   1.76393528e-08    0.00000000e+00    0.00000000e+00    5.49318108e-08    1.19999829e+00
   1.76444948e-08    0.00000000e+00    0.00000000e+00    5.83598728e-08    1.19999825e+00
   1.76496367e-08    0.00000000e+00    0.00000000e+00    6.14915436e-08    1.19999823e+00
   1.76547787e-08    0.00000000e+00    0.00000000e+00    6.43524989e-08    1.19999824e+00
   1.76599207e-08    0.00000000e+00    0.00000000e+00    6.69661815e-08    1.19999827e+00
   1.76650627e-08    0.00000000e+00    0.00000000e+00    6.93539977e-08    1.19999833e+00
   1.76702046e-08    0.00000000e+00    0.00000000e+00    7.15354939e-08    1.19999840e+00
   1.76753466e-08    0.00000000e+00    0.00000000e+00    7.35285214e-08    1.19999847e+00
   1.76804886e-08    0.00000000e+00    0.00000000e+00    7.53493824e-08    1.19999855e+00
   1.76907725e-08    0.00000000e+00    0.00000000e+00    7.85388274e-08    1.19999870e+00
   1.77113404e-08    0.00000000e+00    0.00000000e+00    8.34547097e-08    1.19999896e+00
   1.77319083e-08    0.00000000e+00    0.00000000e+00    8.68676308e-08    1.19999914e+00
   1.77524762e-08    0.00000000e+00    0.00000000e+00    8.92374191e-08    1.19999927e+00
   1.77730441e-08    0.00000000e+00    0.00000000e+00    9.08831213e-08    1.19999937e+00
   1.77936120e-08    0.00000000e+00    0.00000000e+00    9.20261489e-08    1.19999945e+00
   1.78141799e-08    0.00000000e+00    0.00000000e+00    9.28201768e-08    1.19999951e+00
   1.78347478e-08    0.00000000e+00    0.00000000e+00    9.33718754e-08    1.19999957e+00
   1.78758836e-08    0.00000000e+00    0.00000000e+00    9.40373162e-08    1.19999967e+00
   1.79170194e-08    0.00000000e+00    0.00000000e+00    9.43508925e-08    1.19999974e+00
   1.79581552e-08    0.00000000e+00    0.00000000e+00    9.44989729e-08    1.19999980e+00
   1.79992910e-08    0.00000000e+00    0.00000000e+00    9.45691249e-08    1.19999984e+00
   1.80815626e-08    0.00000000e+00    0.00000000e+00    9.46221393e-08    1.19999990e+00
   1.82461057e-08    0.00000000e+00    0.00000000e+00    9.46355651e-08    1.19999996e+00
   1.84106489e-08    0.00000000e+00    0.00000000e+00    9.46338687e-08    1.19999998e+00
   1.85751921e-08    0.00000000e+00    0.00000000e+00    9.46343304e-08    1.19999999e+00
   1.87397353e-08    0.00000000e+00    0.00000000e+00    9.46342780e-08    1.19999999e+00
   1.90688216e-08    0.00000000e+00    0.00000000e+00    9.46342991e-08    1.19999999e+00
   1.95000000e-08    0.00000000e+00    0.00000000e+00    9.46342896e-08    1.19999999e+00
   1.95002094e-08    7.50000000e-03    0.00000000e+00    7.87080804e-07    1.20000062e+00
   1.95004187e-08    1.50000000e-02    0.00000000e+00    1.45481287e-06    1.20000121e+00
   1.95006281e-08    2.25000000e-02    0.00000000e+00    2.11035833e-06    1.20000179e+00
   1.95010469e-08    3.75000000e-02    0.00000000e+00    3.34917787e-06    1.20000286e+00
   1.95018844e-08    6.75000000e-02    0.00000000e+00    5.55025015e-06    1.20000469e+00
   1.95035594e-08    1.27500000e-01    0.00000000e+00    8.95374170e-06    1.20000731e+00
   1.95069094e-08    2.47500000e-01    0.00000000e+00    1.26317319e-05    1.20000966e+00
   1.95102594e-08    3.67500000e-01    0.00000000e+00    1.34108475e-05    1.20000970e+00
   1.95136094e-08    4.87500000e-01    0.00000000e+00    1.26661843e-05    1.20000878e+00
   1.95146629e-08    5.25237905e-01    0.00000000e+00    1.22221594e-05    1.20000839e+00
   1.95167699e-08    6.00713715e-01    0.00000000e+00    1.11369150e-05    1.20000747e+00
   1.95174579e-08    6.25357739e-01    0.00000000e+00    1.06406674e-05    1.20000707e+00
   1.95188339e-08    6.74645789e-01    0.00000000e+00    9.41963636e-06    1.20000609e+00
   1.95215858e-08    7.73221888e-01    0.00000000e+00    4.95330990e-06    1.20000253e+00
   1.95220019e-08    7.88127480e-01    0.00000000e+00    3.92888553e-06    1.20000172e+00
   1.95224180e-08    8.03033072e-01    0.00000000e+00    2.82897226e-06    1.20000085e+00
   1.95232502e-08    8.32844255e-01    0.00000000e+00    2.42851639e-07    1.19999880e+00
   1.95240825e-08    8.62655439e-01    0.00000000e+00   -2.92304513e-06    1.19999631e+00
   1.95249147e-08    8.92466623e-01    0.00000000e+00   -6.72941921e-06    1.19999333e+00
   1.95257469e-08    9.22277806e-01    0.00000000e+00   -1.11728850e-05    1.19998987e+00
   1.95265792e-08    9.52088990e-01    0.00000000e+00   -1.61831248e-05    1.19998600e+00
   1.95274114e-08    9.81900173e-01    0.00000000e+00   -2.16843646e-05    1.19998180e+00
   1.95282436e-08    1.01171136e+00    0.00000000e+00   -2.76306478e-05    1.19997730e+00
   1.95290758e-08    1.04152254e+00    0.00000000e+00   -3.39963778e-05    1.19997250e+00
   1.95299081e-08    1.07133372e+00    0.00000000e+00   -4.07611909e-05    1.19996743e+00
   1.95307403e-08    1.10114491e+00    0.00000000e+00   -4.79020307e-05    1.19996207e+00
   1.95315725e-08    1.13095609e+00    0.00000000e+00   -5.53901080e-05    1.19995644e+00
   1.95324048e-08    1.16076727e+00    0.00000000e+00   -6.31899412e-05    1.19995055e+00
   1.95332370e-08    1.19057846e+00    0.00000000e+00   -7.12591617e-05    1.19994443e+00
   1.95335000e-08    1.20000000e+00    0.00000000e+00   -7.38591466e-05    1.19994245e+00
   1.95335467e-08    1.20000000e+00    0.00000000e+00   -7.44175981e-05    1.19994201e+00
   1.95335879e-08    1.20000000e+00    0.00000000e+00   -7.49061884e-05    1.19994162e+00
   1.95336291e-08    1.20000000e+00    0.00000000e+00   -7.53929344e-05    1.19994124e+00
   1.95337114e-08    1.20000000e+00    0.00000000e+00   -7.63549793e-05    1.19994048e+00
   1.95338761e-08    1.20000000e+00    0.00000000e+00   -7.82336314e-05    1.19993902e+00
   1.95342056e-08    1.20000000e+00    0.00000000e+00   -8.18120826e-05    1.19993625e+00
   1.95348644e-08    1.20000000e+00    0.00000000e+00   -8.82777983e-05    1.19993132e+00
   1.95361821e-08    1.20000000e+00    0.00000000e+00   -9.86481058e-05    1.19992364e+00
   1.95388176e-08    1.20000000e+00    0.00000000e+00   -1.10783033e-04    1.19991492e+00
   1.95414530e-08    1.20000000e+00    0.00000000e+00   -1.13798398e-04    1.19991148e+00
   1.95440885e-08    1.20000000e+00    0.00000000e+00   -1.10061096e-04    1.19990631e+00
   1.95464604e-08    1.20000000e+00    0.00000000e+00   -1.02494189e-04    1.19989763e+00
   1.95485951e-08    1.20000000e+00    0.00000000e+00   -9.33892704e-05    1.19988843e+00
   1.95507298e-08    1.20000000e+00    0.00000000e+00   -8.27287139e-05    1.19987813e+00
   1.95528645e-08    1.20000000e+00    0.00000000e+00   -7.06418660e-05    1.19986642e+00
   1.95549992e-08    1.20000000e+00    0.00000000e+00   -5.72940751e-05    1.19985322e+00
   1.95571339e-08    1.20000000e+00    0.00000000e+00   -4.33693510e-05    1.19983886e+00
   1.95592687e-08    1.20000000e+00    0.00000000e+00   -2.95190954e-05    1.19982394e+00
   1.95614034e-08    1.20000000e+00    0.00000000e+00   -1.60130097e-05    1.19980923e+00
   1.95635381e-08    1.20000000e+00    0.00000000e+00   -2.96202290e-06    1.19979546e+00
   1.95656728e-08    1.20000000e+00    0.00000000e+00    9.54742090e-06    1.19978326e+00
   1.95678075e-08    1.20000000e+00    0.00000000e+00    2.14208349e-05    1.19977316e+00
   1.95699422e-08    1.20000000e+00    0.00000000e+00    3.25488125e-05    1.19976550e+00
   1.95720769e-08    1.20000000e+00    0.00000000e+00    4.28096997e-05    1.19976045e+00
   1.95742116e-08    1.20000000e+00    0.00000000e+00    5.20786072e-05    1.19975800e+00
   1.95763463e-08    1.20000000e+00    0.00000000e+00    6.02400520e-05    1.19975799e+00
   1.95784811e-08    1.20000000e+00    0.00000000e+00    6.72008880e-05    1.19976013e+00
   1.95806158e-08    1.20000000e+00    0.00000000e+00    7.29005761e-05    1.19976401e+00
   1.95827505e-08    1.20000000e+00    0.00000000e+00    7.73172675e-05    1.19976919e+00
   1.95848852e-08    1.20000000e+00    0.00000000e+00    8.04701816e-05    1.19977517e+00
   1.95870199e-08    1.20000000e+00    0.00000000e+00    8.24213731e-05    1.19978151e+00
   1.95891546e-08    1.20000000e+00    0.00000000e+00    8.32844969e-05    1.19978778e+00
   1.95912893e-08    1.20000000e+00    0.00000000e+00    8.32562322e-05    1.19979363e+00
   1.95934240e-08    1.20000000e+00    0.00000000e+00    8.26850408e-05    1.19979884e+00
   1.95955588e-08    1.20000000e+00    0.00000000e+00    8.21116982e-05    1.19980330e+00
   1.95976935e-08    1.20000000e+00    0.00000000e+00    8.20788639e-05    1.19980704e+00
   1.95998282e-08    1.20000000e+00    0.00000000e+00    8.28232201e-05    1.19981021e+00
   1.96019629e-08    1.20000000e+00    0.00000000e+00    8.42906616e-05    1.19981300e+00
   1.96040976e-08    1.20000000e+00    0.00000000e+00    8.63059786e-05    1.19981552e+00
   1.96062323e-08    1.20000000e+00    0.00000000e+00    8.86115883e-05    1.19981767e+00
   1.96083670e-08    1.20000000e+00    0.00000000e+00    9.08392906e-05    1.19981904e+00
   1.96105017e-08    1.20000000e+00    0.00000000e+00    9.25123377e-05    1.19981888e+00
   1.96126364e-08    1.20000000e+00    0.00000000e+00    9.30859181e-05    1.19981608e+00
   1.96147712e-08    1.20000000e+00    0.00000000e+00    9.20136590e-05    1.19980936e+00
   1.96169059e-08    1.20000000e+00    0.00000000e+00    8.88617489e-05    1.19979740e+00
   1.96190406e-08    1.20000000e+00    0.00000000e+00    8.34313828e-05    1.19977902e+00
   1.96211753e-08    1.20000000e+00    0.00000000e+00    7.57932976e-05    1.19975341e+00
   1.96233100e-08    1.20000000e+00    0.00000000e+00    6.62389186e-05    1.19972025e+00
   1.96254447e-08    1.20000000e+00    0.00000000e+00    5.52036591e-05    1.19967989e+00
   1.96275794e-08    1.20000000e+00    0.00000000e+00    4.31921110e-05    1.19963346e+00
   1.96297141e-08    1.20000000e+00    0.00000000e+00    3.07160557e-05    1.19958297e+00
   1.96318488e-08    1.20000000e+00    0.00000000e+00    1.82492591e-05    1.19953135e+00
   1.96339836e-08    1.20000000e+00    0.00000000e+00    6.19909531e-06    1.19948241e+00
   1.96361183e-08    1.20000000e+00    0.00000000e+00   -5.10743649e-06    1.19944061e+00
   1.96382530e-08    1.20000000e+00    0.00000000e+00   -1.54268069e-05    1.19941087e+00
   1.96403877e-08    1.20000000e+00    0.00000000e+00   -2.45946798e-05    1.19939833e+00
   1.96425224e-08    1.20000000e+00    0.00000000e+00   -3.25172281e-05    1.19940823e+00
   1.96446571e-08    1.20000000e+00    0.00000000e+00   -3.91602848e-05    1.19944581e+00
   1.96467918e-08    1.20000000e+00    0.00000000e+00   -4.45378880e-05    1.19951629e+00
   1.96489265e-08    1.20000000e+00    0.00000000e+00   -4.87012273e-05    1.19962486e+00
   1.96510613e-08    1.20000000e+00    0.00000000e+00   -5.17285878e-05    1.19977661e+00
   1.96531960e-08    1.20000000e+00    0.00000000e+00   -5.37165961e-05    1.19997661e+00
   1.96553307e-08    1.20000000e+00    0.00000000e+00   -5.47728736e-05    1.20022980e+00
   1.96574654e-08    1.20000000e+00    0.00000000e+00   -5.50100750e-05    1.20054092e+00
   1.96596001e-08    1.20000000e+00    0.00000000e+00   -5.45412106e-05    1.20091432e+00
   1.96617348e-08    1.20000000e+00    0.00000000e+00   -5.34761085e-05    1.20135352e+00
   1.96638695e-08    1.20000000e+00    0.00000000e+00   -5.19188578e-05    1.20186064e+00
   1.96660042e-08    1.20000000e+00    0.00000000e+00   -4.99660705e-05    1.20243597e+00
   1.96681389e-08    1.20000000e+00    0.00000000e+00   -4.77058105e-05    1.20307824e+00
   1.96702737e-08    1.20000000e+00    0.00000000e+00   -4.52170513e-05    1.20378541e+00
   1.96724084e-08    1.20000000e+00    0.00000000e+00   -4.25695436e-05    1.20455517e+00
   1.96745431e-08    1.20000000e+00    0.00000000e+00   -3.98239885e-05    1.20538507e+00
   1.96766778e-08    1.20000000e+00    0.00000000e+00   -3.70324321e-05    1.20627244e+00
   1.96788125e-08    1.20000000e+00    0.00000000e+00   -3.42388112e-05    1.20721439e+00
   1.96809472e-08    1.20000000e+00    0.00000000e+00   -3.14795938e-05    1.20820790e+00
   1.96830819e-08    1.20000000e+00    0.00000000e+00   -2.87844714e-05    1.20924990e+00
   1.96852166e-08    1.20000000e+00    0.00000000e+00   -2.61770686e-05    1.21033737e+00
   1.96873513e-08    1.20000000e+00    0.00000000e+00   -2.36756461e-05    1.21146745e+00
   1.96894861e-08    1.20000000e+00    0.00000000e+00   -2.12937771e-05    1.21263752e+00
   1.96916208e-08    1.20000000e+00    0.00000000e+00   -1.90409868e-05    1.21384532e+00
   1.96937555e-08    1.20000000e+00    0.00000000e+00   -1.69233453e-05    1.21508898e+00
   1.96958902e-08    1.20000000e+00    0.00000000e+00   -1.49440103e-05    1.21636719e+00
   1.97001596e-08    1.20000000e+00    0.00000000e+00   -1.13994980e-05    1.21902510e+00
   1.97044290e-08    1.20000000e+00    0.00000000e+00   -8.39152540e-06    1.22182113e+00
   1.97086985e-08    1.20000000e+00    0.00000000e+00   -5.88538195e-06    1.22476578e+00
   1.97129679e-08    1.20000000e+00    0.00000000e+00   -3.83409466e-06    1.22786879e+00
   1.97172373e-08    1.20000000e+00    0.00000000e+00   -2.18496966e-06    1.23109812e+00
   1.97215067e-08    1.20000000e+00    0.00000000e+00   -8.84161089e-07    1.23428960e+00
   1.97257762e-08    1.20000000e+00    0.00000000e+00    1.20299773e-07    1.23707283e+00
   1.97300456e-08    1.20000000e+00    0.00000000e+00    8.76638075e-07    1.23881138e+00
   1.97343150e-08    1.20000000e+00    0.00000000e+00    1.42831856e-06    1.23850746e+00
   1.97385844e-08    1.20000000e+00    0.00000000e+00    1.81362797e-06    1.23472644e+00
   1.97428538e-08    1.20000000e+00    0.00000000e+00    2.06566291e-06    1.22556179e+00
   1.97471233e-08    1.20000000e+00    0.00000000e+00    2.21257703e-06    1.20882371e+00
   1.97509657e-08    1.20000000e+00    0.00000000e+00    2.27426534e-06    1.18615759e+00
   1.97544240e-08    1.20000000e+00    0.00000000e+00    2.28523087e-06    1.15934406e+00
   1.97578822e-08    1.20000000e+00    0.00000000e+00    2.26337601e-06    1.12646636e+00
   1.97613404e-08    1.20000000e+00    0.00000000e+00    2.21612798e-06    1.08777505e+00
   1.97647987e-08    1.20000000e+00    0.00000000e+00    2.14970080e-06    1.04373516e+00
   1.97682569e-08    1.20000000e+00    0.00000000e+00    2.06925130e-06    9.94968992e-01
   1.97717151e-08    1.20000000e+00    0.00000000e+00    1.97902244e-06    9.42191567e-01
   1.97751734e-08    1.20000000e+00    0.00000000e+00    1.88247285e-06    8.86154590e-01
   1.97786316e-08    1.20000000e+00    0.00000000e+00    1.78239270e-06    8.27605432e-01
   1.97820898e-08    1.20000000e+00    0.00000000e+00    1.68100632e-06    7.67262600e-01
   1.97855481e-08    1.20000000e+00    0.00000000e+00    1.58006215e-06    7.05806199e-01
   1.97890063e-08    1.20000000e+00    0.00000000e+00    1.48091106e-06    6.43880712e-01
   1.97924645e-08    1.20000000e+00    0.00000000e+00    1.38457412e-06    5.82107248e-01
   1.97959228e-08    1.20000000e+00    0.00000000e+00    1.29180070e-06    5.21102288e-01
   1.97993810e-08    1.20000000e+00    0.00000000e+00    1.20311807e-06    4.61499105e-01
   1.98028392e-08    1.20000000e+00    0.00000000e+00    1.11887354e-06    4.03965555e-01
   1.98062975e-08    1.20000000e+00    0.00000000e+00    1.03926993e-06    3.49208305e-01
   1.98097557e-08    1.20000000e+00    0.00000000e+00    9.64395377e-07    2.97950996e-01
   1.98132139e-08    1.20000000e+00    0.00000000e+00    8.94248153e-07    2.50877847e-01
   1.98166722e-08    1.20000000e+00    0.00000000e+00    8.28757293e-07    2.08548694e-01
   1.98201304e-08    1.20000000e+00    0.00000000e+00    7.67799550e-07    1.71311617e-01
   1.98235886e-08    1.20000000e+00    0.00000000e+00    7.11213299e-07    1.39248992e-01
   1.98270469e-08    1.20000000e+00    0.00000000e+00    6.58809834e-07    1.12179837e-01
   1.98305051e-08    1.20000000e+00    0.00000000e+00    6.10382476e-07    8.97136436e-02
   1.98339633e-08    1.20000000e+00    0.00000000e+00    5.65713854e-07    7.13301492e-02
   1.98374216e-08    1.20000000e+00    0.00000000e+00    5.24581659e-07    5.64574130e-02
   1.98408798e-08    1.20000000e+00    0.00000000e+00    4.86763141e-07    4.45315543e-02
   1.98443380e-08    1.20000000e+00    0.00000000e+00    4.52038555e-07    3.50340120e-02
   1.98477963e-08    1.20000000e+00    0.00000000e+00    4.20193764e-07    2.75097506e-02
   1.98512545e-08    1.20000000e+00    0.00000000e+00    3.91022144e-07    2.15722672e-02
   1.98547127e-08    1.20000000e+00    0.00000000e+00    3.64325922e-07    1.69007527e-02
   1.98581710e-08    1.20000000e+00    0.00000000e+00    3.39917073e-07    1.32333058e-02
   1.98616292e-08    1.20000000e+00    0.00000000e+00    3.17617847e-07    1.03586833e-02
   1.98650874e-08    1.20000000e+00    0.00000000e+00    2.97261022e-07    8.10801009e-03
   1.98685457e-08    1.20000000e+00    0.00000000e+00    2.78689930e-07    6.34717013e-03
   1.98754621e-08    1.20000000e+00    0.00000000e+00    2.46269238e-07    3.86424260e-03
   1.98823786e-08    1.20000000e+00    0.00000000e+00    2.19384064e-07    2.35809353e-03
   1.98892951e-08    1.20000000e+00    0.00000000e+00    1.97130751e-07    1.44371526e-03
   1.98962115e-08    1.20000000e+00    0.00000000e+00    1.78740190e-07    8.87566638e-04
   1.99031280e-08    1.20000000e+00    0.00000000e+00    1.63562191e-07    5.48409580e-04
   1.99169609e-08    1.20000000e+00    0.00000000e+00    1.40569935e-07    2.00413504e-04
   1.99446268e-08    1.20000000e+00    0.00000000e+00    1.13919348e-07    1.24618660e-05
   1.99722926e-08    1.20000000e+00    0.00000000e+00    1.02333483e-07    4.29458965e-06
   1.99999585e-08    1.20000000e+00    0.00000000e+00    9.73977316e-08    1.98332673e-06
   2.00000000e-08    1.20000000e+00    0.00000000e+00    9.73933635e-08    1.98146237e-06
   2.00000415e-08    1.20000000e+00    5.97686575e-04    9.73890035e-08    1.98056590e-06
   2.00000830e-08    1.20000000e+00    1.19537315e-03    9.73846490e-08    1.97966119e-06
   2.00001660e-08    1.20000000e+00    2.39074630e-03    9.73759511e-08    1.97783542e-06
   2.00003320e-08    1.20000000e+00    4.78149260e-03    9.73586209e-08    1.97408706e-06
   2.00006641e-08    1.20000000e+00    9.56298520e-03    9.73242216e-08    1.96621674e-06
   2.00013282e-08    1.20000000e+00    1.91259704e-02    9.72564551e-08    1.94908779e-06
   2.00026564e-08    1.20000000e+00    3.82519408e-02    9.71249535e-08    1.91006639e-06
   2.00053128e-08    1.20000000e+00    7.65038816e-02    9.68773344e-08    1.81838344e-06
   2.00106255e-08    1.20000000e+00    1.53007763e-01    9.64381658e-08    1.61149451e-06
   2.00212511e-08    1.20000000e+00    3.06015526e-01    9.57468018e-08    1.22478770e-06
   2.00425021e-08    1.20000000e+00    6.12031053e-01    9.48912603e-08    7.26775353e-07
   2.00491289e-08    1.20000000e+00    7.07455947e-01    9.47503132e-08    6.26780259e-07
   2.00519689e-08    1.20000000e+00    7.48352428e-01    9.46955279e-08    5.77073032e-07
   2.00548089e-08    1.20000000e+00    7.89248909e-01    9.46434381e-08    5.20622800e-07
   2.00604890e-08    1.20000000e+00    8.71041872e-01    9.45541551e-08    3.95379995e-07
   2.00655775e-08    1.20000000e+00    9.44316567e-01    9.44891571e-08    2.92767257e-07
   2.00701572e-08    1.20000000e+00    1.01026379e+00    9.44409986e-08    2.21663965e-07
   2.00747368e-08    1.20000000e+00    1.07621102e+00    9.44012741e-08    1.74967356e-07
   2.00793165e-08    1.20000000e+00    1.14215825e+00    9.43688622e-08    1.53299186e-07
   2.00833333e-08    1.20000000e+00    1.20000000e+00    9.43456897e-08    1.53109957e-07
   2.00835909e-08    1.20000000e+00    1.20000000e+00    9.43443673e-08    1.50644097e-07
   2.00838171e-08    1.20000000e+00    1.20000000e+00    9.43432188e-08    1.49294823e-07
   2.00842697e-08    1.20000000e+00    1.20000000e+00    9.43409484e-08    1.48121871e-07
   2.00851748e-08    1.20000000e+00    1.20000000e+00    9.43365641e-08    1.53773113e-07
   2.00869850e-08    1.20000000e+00    1.20000000e+00    9.43283993e-08    1.87506955e-07
   2.00887952e-08    1.20000000e+00    1.20000000e+00    9.43210053e-08    2.39242358e-07
   2.00906054e-08    1.20000000e+00    1.20000000e+00    9.43143381e-08    2.97394866e-07
   2.00942258e-08    1.20000000e+00    1.20000000e+00    9.43030016e-08    4.05886253e-07
   2.01014666e-08    1.20000000e+00    1.20000000e+00    9.42872469e-08    5.36461537e-07
   2.01159481e-08    1.20000000e+00    1.20000000e+00    9.42765318e-08    5.05651013e-07
   2.01304297e-08    1.20000000e+00    1.20000000e+00    9.42849798e-08    3.19859615e-07
   2.01449112e-08    1.20000000e+00    1.20000000e+00    9.43042473e-08    1.79700267e-07
   2.01593928e-08    1.20000000e+00    1.20000000e+00    9.43290294e-08    1.13630814e-07
   2.01738744e-08    1.20000000e+00    1.20000000e+00    9.43560084e-08    9.71365914e-08
   2.01868838e-08    1.20000000e+00    1.20000000e+00    9.43804457e-08    1.03303323e-07
   2.01977653e-08    1.20000000e+00    1.20000000e+00    9.44003337e-08    1.06714755e-07
   2.02075587e-08    1.20000000e+00    1.20000000e+00    9.44175084e-08    9.90147064e-08
   2.02173520e-08    1.20000000e+00    1.20000000e+00    9.44338491e-08    8.27826047e-08
   2.02271454e-08    1.20000000e+00    1.20000000e+00    9.44492789e-08    6.49945250e-08
   2.02369387e-08    1.20000000e+00    1.20000000e+00    9.44637625e-08    5.16561401e-08
   2.02467320e-08    1.20000000e+00    1.20000000e+00    9.44772944e-08    4.55231496e-08
   2.02565254e-08    1.20000000e+00    1.20000000e+00    9.44898901e-08    4.64262729e-08
   2.02663187e-08    1.20000000e+00    1.20000000e+00    9.45015794e-08    5.25856123e-08
   2.02761121e-08    1.20000000e+00    1.20000000e+00    9.45124012e-08    6.17546769e-08
   2.02859054e-08    1.20000000e+00    1.20000000e+00    9.45224005e-08    7.19198448e-08
   2.02956987e-08    1.20000000e+00    1.20000000e+00    9.45316249e-08    8.16077023e-08
   2.03054921e-08    1.20000000e+00    1.20000000e+00    9.45401232e-08    8.99308197e-08
   2.03250788e-08    1.20000000e+00    1.20000000e+00    9.45551581e-08    1.01366504e-07
   2.03642521e-08    1.20000000e+00    1.20000000e+00    9.45786838e-08    1.08135907e-07
   2.04034255e-08    1.20000000e+00    1.20000000e+00    9.45952948e-08    1.04172810e-07
   2.04425989e-08    1.20000000e+00    1.20000000e+00    9.46069692e-08    9.95668557e-08
   2.04817722e-08    1.20000000e+00    1.20000000e+00    9.46151576e-08    9.69863486e-08
   2.05601189e-08    1.20000000e+00    1.20000000e+00    9.46251409e-08    9.51731821e-08
   2.06384657e-08    1.20000000e+00    1.20000000e+00    9.46299230e-08    9.49197589e-08
   2.07951591e-08    1.20000000e+00    1.20000000e+00    9.46335562e-08    9.47501352e-08
   2.11085460e-08    1.20000000e+00    1.20000000e+00    9.46344446e-08    9.46573950e-08
   2.14219329e-08    1.20000000e+00    1.20000000e+00    9.46342915e-08    9.46455917e-08
   2.17353198e-08    1.20000000e+00    1.20000000e+00    9.46343153e-08    9.46407720e-08
   2.18750000e-08    1.20000000e+00    1.20000000e+00    9.46343117e-08    9.46403381e-08
   2.18752094e-08    1.19250000e+00    1.20000000e+00   -3.05715970e-07   -3.04407530e-07
   2.18754188e-08    1.18500000e+00    1.20000000e+00   -6.85575141e-07   -6.83051418e-07
   2.18756281e-08    1.17750000e+00    1.20000000e+00   -1.05541037e-06   -1.05171379e-06
   2.18760469e-08    1.16250000e+00    1.20000000e+00   -1.73709111e-06   -1.73129087e-06
   2.18768844e-08    1.13250000e+00    1.20000000e+00   -2.88918347e-06   -2.88003303e-06
   2.18785594e-08    1.07250000e+00    1.20000000e+00   -4.49576115e-06   -4.48257480e-06
   2.18819094e-08    9.52500000e-01    1.20000000e+00   -5.85652055e-06   -5.84139903e-06
   2.18886094e-08    7.12500000e-01    1.20000000e+00   -6.08473370e-06   -6.06966299e-06
   2.18946394e-08    4.96500000e-01    1.20000000e+00   -2.85500506e-06   -2.84599038e-06
   2.18951897e-08    4.76787735e-01    1.20000000e+00   -2.07294057e-06   -2.06590962e-06
   2.18957400e-08    4.57075471e-01    1.20000000e+00   -1.23699607e-06   -1.23216206e-06
   2.18968406e-08    4.17650941e-01    1.20000000e+00    6.93179699e-07    6.92523060e-07
   2.18979412e-08    3.78226412e-01    1.20000000e+00    2.91414238e-06    2.90669275e-06
   2.18990418e-08    3.38801883e-01    1.20000000e+00    5.36165885e-06    5.34638881e-06
   2.19001424e-08    2.99377353e-01    1.20000000e+00    7.98374673e-06    7.95986497e-06
   2.19012430e-08    2.59952824e-01    1.20000000e+00    1.07362145e-05    1.07031171e-05
   2.19023436e-08    2.20528295e-01    1.20000000e+00    1.35784816e-05    1.35357275e-05
   2.19034442e-08    1.81103765e-01    1.20000000e+00    1.64722485e-05    1.64195474e-05
   2.19045448e-08    1.41679236e-01    1.20000000e+00    1.93814531e-05    1.93186561e-05
   2.19056454e-08    1.02254706e-01    1.20000000e+00    2.22725419e-05    2.21996333e-05
   2.19067460e-08    6.28301771e-02    1.20000000e+00    2.51147123e-05    2.50318004e-05
   2.19078466e-08    2.34056477e-02    1.20000000e+00    2.78800389e-05    2.77873484e-05
   2.19085000e-08   -1.60760294e-13    1.20000000e+00    2.94757177e-05    2.93773697e-05
   2.19086101e-08    0.00000000e+00    1.20000000e+00    3.00314045e-05    2.99311292e-05
   2.19086893e-08    0.00000000e+00    1.20000000e+00    3.04243979e-05    3.03227579e-05
   2.19087686e-08    0.00000000e+00    1.20000000e+00    3.08137889e-05    3.07107957e-05
   2.19089271e-08    0.00000000e+00    1.20000000e+00    3.15711827e-05    3.14655525e-05
   2.19092442e-08    0.00000000e+00    1.20000000e+00    3.30022714e-05    3.28916406e-05
   2.19098783e-08    0.00000000e+00    1.20000000e+00    3.55442028e-05    3.54246268e-05
   2.19111466e-08    0.00000000e+00    1.20000000e+00    3.94586457e-05    3.93251049e-05
   2.19136832e-08    0.00000000e+00    1.20000000e+00    4.34194840e-05    4.32713662e-05
   2.19162198e-08    0.00000000e+00    1.20000000e+00    4.33677170e-05    4.32193179e-05
   2.19187564e-08    0.00000000e+00    1.20000000e+00    4.05983049e-05    4.04596834e-05
   2.19238295e-08    0.00000000e+00    1.20000000e+00    3.09259049e-05    3.08228532e-05
   2.19289027e-08    0.00000000e+00    1.20000000e+00    1.92252629e-05    1.91663845e-05
   2.19339758e-08    0.00000000e+00    1.20000000e+00    8.33548011e-06    8.31822102e-06
   2.19390490e-08    0.00000000e+00    1.20000000e+00   -6.33424407e-07   -6.19462719e-07
   2.19441221e-08    0.00000000e+00    1.20000000e+00   -7.50896746e-06   -7.50927699e-06
   2.19491953e-08    0.00000000e+00    1.20000000e+00   -1.25831631e-05   -1.26925394e-05
   2.19542684e-08    0.00000000e+00    1.20000000e+00   -1.76028135e-05   -1.78621422e-05
   2.19588342e-08    0.00000000e+00    1.20000000e+00   -2.35275586e-05   -2.39268390e-05
   2.19628073e-08    0.00000000e+00    1.20000000e+00   -2.99566502e-05   -3.04893560e-05
   2.19662029e-08    0.00000000e+00    1.20000000e+00   -3.62350678e-05   -3.68994684e-05
   2.19691531e-08    0.00000000e+00    1.20000000e+00   -4.20696051e-05   -4.28801069e-05
   2.19718083e-08    0.00000000e+00    1.20000000e+00   -4.72967235e-05   -4.82732252e-05
   2.19741980e-08    0.00000000e+00    1.20000000e+00   -5.16578230e-05   -5.28041850e-05
   2.19765876e-08    0.00000000e+00    1.20000000e+00   -5.54205090e-05   -5.67419706e-05
   2.19789773e-08    0.00000000e+00    1.20000000e+00   -5.83808972e-05   -5.98677226e-05
   2.19813670e-08    0.00000000e+00    1.20000000e+00   -6.03943631e-05   -6.20231526e-05
   2.19837566e-08    0.00000000e+00    1.20000000e+00   -6.13745187e-05   -6.31136041e-05
   2.19861463e-08    0.00000000e+00    1.20000000e+00   -6.12873026e-05   -6.31170685e-05
   2.19885359e-08    0.00000000e+00    1.20000000e+00   -6.01353862e-05   -6.21192633e-05
   2.19909256e-08    0.00000000e+00    1.20000000e+00   -5.79150327e-05   -6.03336545e-05
   2.19933153e-08    0.00000000e+00    1.20000000e+00   -5.45664360e-05   -5.77735328e-05
   2.19957049e-08    0.00000000e+00    1.20000000e+00   -5.01074500e-05   -5.37630971e-05
   2.19980946e-08    0.00000000e+00    1.20000000e+00   -4.47555535e-05   -4.72830291e-05
   2.20004842e-08    0.00000000e+00    1.20000000e+00   -3.86231070e-05   -3.74925061e-05
   2.20028739e-08    0.00000000e+00    1.20000000e+00   -3.14303936e-05   -2.38104598e-05
   2.20052636e-08    0.00000000e+00    1.20000000e+00   -2.26896168e-05   -5.88436958e-06
   2.20076532e-08    0.00000000e+00    1.20000000e+00   -1.29448478e-05    1.55321215e-05
   2.20100429e-08    0.00000000e+00    1.20000000e+00   -3.79433792e-06    3.80621379e-05
   2.20124326e-08    0.00000000e+00    1.20000000e+00    4.17638938e-06    5.98903885e-05
   2.20148222e-08    0.00000000e+00    1.20000000e+00    1.12460477e-05    8.02015440e-05
   2.20172119e-08    0.00000000e+00    1.20000000e+00    1.78005786e-05    9.84462852e-05
   2.20196015e-08    0.00000000e+00    1.20000000e+00    2.40792682e-05    1.14082239e-04
   2.20217522e-08    0.00000000e+00    1.20000000e+00    2.95357365e-05    1.25469801e-04
   2.20239029e-08    0.00000000e+00    1.20000000e+00    3.47184293e-05    1.33908109e-04
   2.20260536e-08    0.00000000e+00    1.20000000e+00    3.94644179e-05    1.39097299e-04
   2.20282043e-08    0.00000000e+00    1.20000000e+00    4.35886179e-05    1.40873973e-04
   2.20303550e-08    0.00000000e+00    1.20000000e+00    4.69283731e-05    1.39246749e-04
   2.20325057e-08    0.00000000e+00    1.20000000e+00    4.93722445e-05    1.34400996e-04
   2.20346564e-08    0.00000000e+00    1.20000000e+00    5.08711245e-05    1.26675055e-04
   2.20368071e-08    0.00000000e+00    1.20000000e+00    5.14355220e-05    1.16518588e-04
   2.20389578e-08    0.00000000e+00    1.20000000e+00    5.11247195e-05    1.04445115e-04
   2.20411085e-08    0.00000000e+00    1.20000000e+00    5.00327842e-05    9.09878432e-05
   2.20432592e-08    0.00000000e+00    1.20000000e+00    4.82747660e-05    7.66638203e-05
   2.20454099e-08    0.00000000e+00    1.20000000e+00    4.59748634e-05    6.19481068e-05
   2.20475606e-08    0.00000000e+00    1.20000000e+00    4.32572282e-05    4.72575020e-05
   2.20497113e-08    0.00000000e+00    1.20000000e+00    4.02394162e-05    3.29423220e-05
   2.20518620e-08    0.00000000e+00    1.20000000e+00    3.70281588e-05    1.92843728e-05
   2.20561634e-08    0.00000000e+00    1.20000000e+00    3.04149743e-05   -5.21694466e-06
   2.20604648e-08    0.00000000e+00    1.20000000e+00    2.39442027e-05   -2.53272509e-05
   2.20647661e-08    0.00000000e+00    1.20000000e+00    1.79949544e-05   -4.07069636e-05
   2.20690675e-08    0.00000000e+00    1.20000000e+00    1.27758206e-05   -5.15291607e-05
   2.20733689e-08    0.00000000e+00    1.20000000e+00    8.36767206e-06   -5.82774167e-05
   2.20776703e-08    0.00000000e+00    1.20000000e+00    4.76467578e-06   -6.15881226e-05
   2.20819717e-08    0.00000000e+00    1.20000000e+00    1.90796170e-06   -6.21397379e-05
   2.20862731e-08    0.00000000e+00    1.20000000e+00   -2.89270881e-07   -6.05822333e-05
   2.20948759e-08    0.00000000e+00    1.20000000e+00   -3.13643087e-06   -5.35587622e-05
   2.21034787e-08    0.00000000e+00    1.20000000e+00   -4.44898517e-06   -4.37846880e-05
   2.21120815e-08    0.00000000e+00    1.20000000e+00   -4.81538463e-06   -3.36039150e-05
   2.21206842e-08    0.00000000e+00    1.20000000e+00   -4.65550424e-06   -2.43061493e-05
   2.21292870e-08    0.00000000e+00    1.20000000e+00   -4.24007815e-06   -1.64596477e-05
   2.21378898e-08    0.00000000e+00    1.20000000e+00   -3.73008258e-06   -1.01848490e-05
   2.21464926e-08    0.00000000e+00    1.20000000e+00   -3.21369161e-06   -5.35574938e-06
   2.21550954e-08    0.00000000e+00    1.20000000e+00   -2.73425342e-06   -1.75589516e-06
   2.21636981e-08    0.00000000e+00    1.20000000e+00   -2.30924845e-06    8.38602790e-07
   2.21723009e-08    0.00000000e+00    1.20000000e+00   -1.94223254e-06    2.63435512e-06
   2.21809037e-08    0.00000000e+00    1.20000000e+00   -1.62993743e-06    3.81321695e-06
   2.21895065e-08    0.00000000e+00    1.20000000e+00   -1.36626730e-06    4.52841217e-06
   2.21981093e-08    0.00000000e+00    1.20000000e+00   -1.14441168e-06    4.90382449e-06
   2.22067121e-08    0.00000000e+00    1.20000000e+00   -9.57869238e-07    5.03623900e-06
   2.22153148e-08    0.00000000e+00    1.20000000e+00   -8.00871486e-07    4.99916705e-06
   2.22239176e-08    0.00000000e+00    1.20000000e+00   -6.68495225e-07    4.84662253e-06
   2.22325204e-08    0.00000000e+00    1.20000000e+00   -5.56626679e-07    4.61667836e-06
   2.22411232e-08    0.00000000e+00    1.20000000e+00   -4.61865474e-07    4.33796687e-06
   2.22497260e-08    0.00000000e+00    1.20000000e+00   -3.81413259e-07    4.03337549e-06
   2.22574685e-08    0.00000000e+00    1.20000000e+00   -3.19353955e-07    3.75041060e-06
   2.22644035e-08    0.00000000e+00    1.20000000e+00   -2.70880326e-07    3.49692296e-06
   2.22706450e-08    0.00000000e+00    1.20000000e+00   -2.32256755e-07    3.27484584e-06
   2.22762624e-08    0.00000000e+00    1.20000000e+00   -2.01080059e-07    3.08551680e-06
   2.22818798e-08    0.00000000e+00    1.20000000e+00   -1.72933261e-07    2.90979437e-06
   2.22874972e-08    0.00000000e+00    1.20000000e+00   -1.47510124e-07    2.74912429e-06
   2.22931145e-08    0.00000000e+00    1.20000000e+00   -1.24537721e-07    2.60442832e-06
   2.22987319e-08    0.00000000e+00    1.20000000e+00   -1.03772378e-07    2.47752834e-06
   2.23043493e-08    0.00000000e+00    1.20000000e+00   -8.49961837e-08    2.37076800e-06
   2.23099667e-08    0.00000000e+00    1.20000000e+00   -6.80139668e-08    2.28177304e-06
   2.23150223e-08    0.00000000e+00    1.20000000e+00   -5.41209128e-08    2.20600100e-06
   2.23195724e-08    0.00000000e+00    1.20000000e+00   -4.26438433e-08    2.12872696e-06
   2.23241224e-08    0.00000000e+00    1.20000000e+00   -3.20582040e-08    2.03648895e-06
   2.23286725e-08    0.00000000e+00    1.20000000e+00   -2.22937204e-08    1.93140957e-06
   2.23332226e-08    0.00000000e+00    1.20000000e+00   -1.32858431e-08    1.82011296e-06
   2.23377727e-08    0.00000000e+00    1.20000000e+00   -4.97524798e-09    1.70965448e-06
   2.23423227e-08    0.00000000e+00    1.20000000e+00    2.69261187e-09    1.60518290e-06
   2.23468728e-08    0.00000000e+00    1.20000000e+00    9.76791426e-09    1.50944916e-06
   2.23514229e-08    0.00000000e+00    1.20000000e+00    1.62968357e-08    1.42325513e-06
   2.23559730e-08    0.00000000e+00    1.20000000e+00    2.23218854e-08    1.34613717e-06
   2.23605230e-08    0.00000000e+00    1.20000000e+00    2.78822092e-08    1.27696493e-06
   2.23696232e-08    0.00000000e+00    1.20000000e+00    3.77648081e-08    1.15648739e-06
   2.23878235e-08    0.00000000e+00    1.20000000e+00    5.34362602e-08    9.58561139e-07
   2.24060238e-08    0.00000000e+00    1.20000000e+00    6.47831171e-08    7.93154054e-07
   2.24242241e-08    0.00000000e+00    1.20000000e+00    7.30013268e-08    6.49751416e-07
   2.24424244e-08    0.00000000e+00    1.20000000e+00    7.89547602e-08    5.31061599e-07
   2.24606247e-08    0.00000000e+00    1.20000000e+00    8.32681701e-08    4.38227584e-07
   2.24788249e-08    0.00000000e+00    1.20000000e+00    8.63937052e-08    3.68090955e-07
   2.25152255e-08    0.00000000e+00    1.20000000e+00    9.03757912e-08    2.74530667e-07
   2.25516261e-08    0.00000000e+00    1.20000000e+00    9.24313199e-08    2.20265515e-07
   2.25880267e-08    0.00000000e+00    1.20000000e+00    9.34929975e-08    1.85698685e-07
   2.26244273e-08    0.00000000e+00    1.20000000e+00    9.40417865e-08    1.62410212e-07
   2.26972285e-08    0.00000000e+00    1.20000000e+00    9.44995733e-08    1.33750676e-07
   2.28428308e-08    0.00000000e+00    1.20000000e+00    9.46479837e-08    1.09224443e-07
   2.29884332e-08    0.00000000e+00    1.20000000e+00    9.46318903e-08    1.01255123e-07
   2.31340356e-08    0.00000000e+00    1.20000000e+00    9.46343942e-08    9.90088745e-08
   2.32796379e-08    0.00000000e+00    1.20000000e+00    9.46342299e-08    9.73024407e-08
   2.35708426e-08    0.00000000e+00    1.20000000e+00    9.46343081e-08    9.57057614e-08
   2.40458426e-08    0.00000000e+00    1.20000000e+00    9.46342843e-08    9.50962093e-08
   2.42500000e-08    0.00000000e+00    1.20000000e+00    9.46342954e-08    9.47099454e-08
   2.42502094e-08    7.50000000e-03    1.20000000e+00    7.87082647e-07    7.69638185e-07
   2.42504187e-08    1.50000000e-02    1.20000000e+00    1.45481637e-06    1.42036859e-06
   2.42506281e-08    2.25000000e-02    1.20000000e+00    2.11036340e-06    2.05917264e-06
   2.42510469e-08    3.75000000e-02    1.20000000e+00    3.34918559e-06    3.26607822e-06
   2.42518844e-08    6.75000000e-02    1.20000000e+00    5.55026151e-06    5.40967077e-06
   2.42535594e-08    1.27500000e-01    1.20000000e+00    8.95375546e-06    8.72297402e-06
   2.42569094e-08    2.47500000e-01    1.20000000e+00    1.26317409e-05    1.23045602e-05
   2.42602594e-08    3.67500000e-01    1.20000000e+00    1.34108481e-05    1.30677182e-05
   2.42636094e-08    4.87500000e-01    1.20000000e+00    1.26661791e-05    1.23460351e-05
   2.42646700e-08    5.25493949e-01    1.20000000e+00    1.22186912e-05    1.19094268e-05
   2.42667914e-08    6.01481846e-01    1.20000000e+00    1.11227783e-05    1.08377429e-05
   2.42674784e-08    6.26091018e-01    1.20000000e+00    1.06248117e-05    1.03497821e-05
   2.42688524e-08    6.75309362e-01    1.20000000e+00    9.39933425e-06    9.14864736e-06
   2.42716004e-08    7.73746050e-01    1.20000000e+00    4.92012169e-06    4.76229865e-06
   2.42720182e-08    7.88713279e-01    1.20000000e+00    3.88716134e-06    3.75136114e-06
   2.42724361e-08    8.03680508e-01    1.20000000e+00    2.77778078e-06    2.66552458e-06
   2.42732718e-08    8.33614965e-01    1.20000000e+00    1.68117744e-07    1.12866912e-07
   2.42741074e-08    8.63549423e-01    1.20000000e+00   -3.02812390e-06   -3.00958858e-06
   2.42749431e-08    8.93483881e-01    1.20000000e+00   -6.87114992e-06   -6.75561608e-06
   2.42757788e-08    9.23418339e-01    1.20000000e+00   -1.13549431e-05   -1.11138300e-05
   2.42766144e-08    9.53352797e-01    1.20000000e+00   -1.64069649e-05   -1.60128866e-05
   2.42774501e-08    9.83287255e-01    1.20000000e+00   -2.19514803e-05   -2.13820806e-05
   2.42782858e-08    1.01322171e+00    1.20000000e+00   -2.79432273e-05   -2.71798560e-05
   2.42791214e-08    1.04315617e+00    1.20000000e+00   -3.43568327e-05   -3.33827521e-05
   2.42799571e-08    1.07309063e+00    1.20000000e+00   -4.11716688e-05   -3.99713432e-05
   2.42807928e-08    1.10302509e+00    1.20000000e+00   -4.83641123e-05   -4.69231658e-05
   2.42816285e-08    1.13295954e+00    1.20000000e+00   -5.59046171e-05   -5.42100732e-05
   2.42824641e-08    1.16289400e+00    1.20000000e+00   -6.37568074e-05   -6.17974590e-05
   2.42832998e-08    1.19282846e+00    1.20000000e+00   -7.18773046e-05   -6.96441797e-05
   2.42835000e-08    1.20000000e+00    1.20000000e+00   -7.38583719e-05   -7.15585658e-05
   2.42835484e-08    1.20000000e+00    1.20000000e+00   -7.44364336e-05   -7.21178174e-05
   2.42835912e-08    1.20000000e+00    1.20000000e+00   -7.49448971e-05   -7.26097024e-05
   2.42836341e-08    1.20000000e+00    1.20000000e+00   -7.54513615e-05   -7.30996367e-05
   2.42837199e-08    1.20000000e+00    1.20000000e+00   -7.64518823e-05   -7.40674053e-05
   2.42838914e-08    1.20000000e+00    1.20000000e+00   -7.84036897e-05   -7.59549485e-05
   2.42842345e-08    1.20000000e+00    1.20000000e+00   -8.21136470e-05   -7.95413898e-05
   2.42849206e-08    1.20000000e+00    1.20000000e+00   -8.87863753e-05   -8.59873784e-05
   2.42862928e-08    1.20000000e+00    1.20000000e+00   -9.93735767e-05   -9.62025276e-05
   2.42890372e-08    1.20000000e+00    1.20000000e+00   -1.11359400e-04   -1.07776592e-04
   2.42917816e-08    1.20000000e+00    1.20000000e+00   -1.13696032e-04   -1.10508941e-04
   2.42945260e-08    1.20000000e+00    1.20000000e+00   -1.08962329e-04   -1.08540741e-04
   2.42969959e-08    1.20000000e+00    1.20000000e+00   -1.00425527e-04   -1.03732607e-04
   2.42992189e-08    1.20000000e+00    1.20000000e+00   -9.04608790e-05   -9.41373696e-05
   2.43014419e-08    1.20000000e+00    1.20000000e+00   -7.88869453e-05   -7.71367358e-05
   2.43036648e-08    1.20000000e+00    1.20000000e+00   -6.57829404e-05   -5.15128115e-05
   2.43058878e-08    1.20000000e+00    1.20000000e+00   -5.15394386e-05   -1.70893619e-05
   2.43081108e-08    1.20000000e+00    1.20000000e+00   -3.70128344e-05    2.50258186e-05
   2.43103337e-08    1.20000000e+00    1.20000000e+00   -2.27389636e-05    7.28924038e-05
   2.43123344e-08    1.20000000e+00    1.20000000e+00   -1.02662120e-05    1.19195759e-04
   2.43143351e-08    1.20000000e+00    1.20000000e+00    1.77314973e-06    1.66908851e-04
   2.43163358e-08    1.20000000e+00    1.20000000e+00    1.33068816e-05    2.14523272e-04
   2.43183364e-08    1.20000000e+00    1.20000000e+00    2.42531798e-05    2.60678909e-04
   2.43203371e-08    1.20000000e+00    1.20000000e+00    3.45185811e-05    3.04217202e-04
   2.43223378e-08    1.20000000e+00    1.20000000e+00    4.40013955e-05    3.44195127e-04
   2.43243384e-08    1.20000000e+00    1.20000000e+00    5.25990657e-05    3.79882126e-04
   2.43263391e-08    1.20000000e+00    1.20000000e+00    6.02175969e-05    4.10754262e-04
   2.43283398e-08    1.20000000e+00    1.20000000e+00    6.67808832e-05    4.36488382e-04
   2.43303405e-08    1.20000000e+00    1.20000000e+00    7.22380836e-05    4.56952815e-04
   2.43323411e-08    1.20000000e+00    1.20000000e+00    7.65681067e-05    4.72191508e-04
   2.43343418e-08    1.20000000e+00    1.20000000e+00    7.97814596e-05    4.82401251e-04
   2.43363425e-08    1.20000000e+00    1.20000000e+00    8.19212069e-05    4.87903762e-04
   2.43383431e-08    1.20000000e+00    1.20000000e+00    8.30671973e-05    4.89115230e-04
   2.43403438e-08    1.20000000e+00    1.20000000e+00    8.33522008e-05    4.86515908e-04
   2.43423445e-08    1.20000000e+00    1.20000000e+00    8.30026004e-05    4.80621696e-04
   2.43443452e-08    1.20000000e+00    1.20000000e+00    8.23930336e-05    4.71958789e-04
   2.43463458e-08    1.20000000e+00    1.20000000e+00    8.20080135e-05    4.61041333e-04
   2.43483465e-08    1.20000000e+00    1.20000000e+00    8.22163889e-05    4.48352039e-04
   2.43503472e-08    1.20000000e+00    1.20000000e+00    8.31142297e-05    4.34331640e-04
   2.43523478e-08    1.20000000e+00    1.20000000e+00    8.46176696e-05    4.19390194e-04
   2.43543485e-08    1.20000000e+00    1.20000000e+00    8.65695299e-05    4.03924119e-04
   2.43563492e-08    1.20000000e+00    1.20000000e+00    8.87456613e-05    3.88305174e-04
   2.43583499e-08    1.20000000e+00    1.20000000e+00    9.08335227e-05    3.72860440e-04
   2.43603505e-08    1.20000000e+00    1.20000000e+00    9.24370401e-05    3.57867312e-04
   2.43623512e-08    1.20000000e+00    1.20000000e+00    9.31071163e-05    3.43557025e-04
   2.43643519e-08    1.20000000e+00    1.20000000e+00    9.23884394e-05    3.30115464e-04
   2.43663525e-08    1.20000000e+00    1.20000000e+00    8.98989844e-05    3.17677549e-04
   2.43683532e-08    1.20000000e+00    1.20000000e+00    8.54254323e-05    3.06318504e-04
   2.43703539e-08    1.20000000e+00    1.20000000e+00    7.89654521e-05    2.96048410e-04
   2.43723546e-08    1.20000000e+00    1.20000000e+00    7.07038730e-05    2.86813718e-04
   2.43743552e-08    1.20000000e+00    1.20000000e+00    6.09597452e-05    2.78503698e-04
   2.43763559e-08    1.20000000e+00    1.20000000e+00    5.01298648e-05    2.70956639e-04
   2.43783566e-08    1.20000000e+00    1.20000000e+00    3.86388185e-05    2.63961855e-04
   2.43803572e-08    1.20000000e+00    1.20000000e+00    2.68996021e-05    2.57256791e-04
   2.43823579e-08    1.20000000e+00    1.20000000e+00    1.52859940e-05    2.50521404e-04
   2.43843586e-08    1.20000000e+00    1.20000000e+00    4.11591187e-06    2.43373914e-04
   2.43863592e-08    1.20000000e+00    1.20000000e+00   -6.35616094e-06    2.35372909e-04
   2.43883599e-08    1.20000000e+00    1.20000000e+00   -1.59399886e-05    2.26029612e-04
   2.43903606e-08    1.20000000e+00    1.20000000e+00   -2.45058239e-05    2.14830423e-04
   2.43923613e-08    1.20000000e+00    1.20000000e+00   -3.19778922e-05    2.01264282e-04
   2.43943619e-08    1.20000000e+00    1.20000000e+00   -3.83264983e-05    1.84845503e-04
   2.43963626e-08    1.20000000e+00    1.20000000e+00   -4.35597305e-05    1.65123685e-04
   2.43983633e-08    1.20000000e+00    1.20000000e+00   -4.77154077e-05    1.41678058e-04
   2.44003639e-08    1.20000000e+00    1.20000000e+00   -5.08536687e-05    1.14100152e-04
   2.44023646e-08    1.20000000e+00    1.20000000e+00   -5.30504188e-05    8.19720011e-05
   2.44043653e-08    1.20000000e+00    1.20000000e+00   -5.43917235e-05    4.48462289e-05
   2.44063660e-08    1.20000000e+00    1.20000000e+00   -5.49691551e-05    2.23147273e-06
   2.44103673e-08    1.20000000e+00    1.20000000e+00   -5.42481291e-05   -1.01910879e-04
   2.44143686e-08    1.20000000e+00    1.20000000e+00   -5.15517393e-05   -2.35211099e-04
   2.44183700e-08    1.20000000e+00    1.20000000e+00   -4.75200746e-05   -4.03588339e-04
   2.44223713e-08    1.20000000e+00    1.20000000e+00   -4.26936283e-05   -6.13819083e-04
   2.44263727e-08    1.20000000e+00    1.20000000e+00   -3.75027938e-05   -8.73625792e-04
   2.44303740e-08    1.20000000e+00    1.20000000e+00   -3.22722444e-05   -1.19196655e-03
   2.44343754e-08    1.20000000e+00    1.20000000e+00   -2.72331891e-05   -1.57954857e-03
   2.44383767e-08    1.20000000e+00    1.20000000e+00   -2.25388849e-05   -2.04913089e-03
   2.44423780e-08    1.20000000e+00    1.20000000e+00   -1.82805603e-05   -2.61145370e-03
   2.44463794e-08    1.20000000e+00    1.20000000e+00   -1.45021453e-05   -3.26798387e-03
   2.44503807e-08    1.20000000e+00    1.20000000e+00   -1.12130320e-05   -4.01325366e-03
   2.44543821e-08    1.20000000e+00    1.20000000e+00   -8.39861280e-06   -4.84468315e-03
   2.44583834e-08    1.20000000e+00    1.20000000e+00   -6.02864940e-06   -5.76621723e-03
   2.44623847e-08    1.20000000e+00    1.20000000e+00   -4.06369052e-06   -6.78813231e-03
   2.44663861e-08    1.20000000e+00    1.20000000e+00   -2.45982589e-06   -7.92763864e-03
   2.44703874e-08    1.20000000e+00    1.20000000e+00   -1.17207727e-06   -9.21132503e-03
   2.44743888e-08    1.20000000e+00    1.20000000e+00   -1.56709475e-07   -1.06810480e-02
   2.44783901e-08    1.20000000e+00    1.20000000e+00    6.27289155e-07   -1.24016043e-02
   2.44823915e-08    1.20000000e+00    1.20000000e+00    1.21734730e-06   -1.44201774e-02
   2.44863928e-08    1.20000000e+00    1.20000000e+00    1.64690132e-06   -1.66095438e-02
   2.44903941e-08    1.20000000e+00    1.20000000e+00    1.94530134e-06   -1.85916232e-02
   2.44943955e-08    1.20000000e+00    1.20000000e+00    2.13792848e-06   -1.98173037e-02
   2.44983968e-08    1.20000000e+00    1.20000000e+00    2.24644548e-06   -1.96087198e-02
   2.45023982e-08    1.20000000e+00    1.20000000e+00    2.28912295e-06   -1.71649889e-02
   2.45063995e-08    1.20000000e+00    1.20000000e+00    2.28120071e-06   -1.16257694e-02
   2.45104009e-08    1.20000000e+00    1.20000000e+00    2.23525587e-06   -2.30438101e-03
   2.45144022e-08    1.20000000e+00    1.20000000e+00    2.16155909e-06    1.11841446e-02
   2.45184035e-08    1.20000000e+00    1.20000000e+00    2.06840748e-06    2.90770870e-02
   2.45224049e-08    1.20000000e+00    1.20000000e+00    1.96242773e-06    5.14938857e-02
   2.45264062e-08    1.20000000e+00    1.20000000e+00    1.84884677e-06    7.84053428e-02
   2.45304076e-08    1.20000000e+00    1.20000000e+00    1.73172932e-06    1.09612827e-01
   2.45344089e-08    1.20000000e+00    1.20000000e+00    1.61418393e-06    1.44740879e-01
   2.45384103e-08    1.20000000e+00    1.20000000e+00    1.49853932e-06    1.83257548e-01
   2.45424116e-08    1.20000000e+00    1.20000000e+00    1.38649401e-06    2.24529568e-01
   2.45464129e-08    1.20000000e+00    1.20000000e+00    1.27924207e-06    2.67896909e-01
   2.45504143e-08    1.20000000e+00    1.20000000e+00    1.17757780e-06    3.12739097e-01
   2.45544156e-08    1.20000000e+00    1.20000000e+00    1.08198241e-06    3.58515092e-01
   2.45584170e-08    1.20000000e+00    1.20000000e+00    9.92695050e-07    4.04775630e-01
   2.45624183e-08    1.20000000e+00    1.20000000e+00    9.09770624e-07    4.51156767e-01
   2.45664196e-08    1.20000000e+00    1.20000000e+00    8.33126568e-07    4.97364379e-01
   2.45704210e-08    1.20000000e+00    1.20000000e+00    7.62580294e-07    5.43156294e-01
   2.45744223e-08    1.20000000e+00    1.20000000e+00    6.97878952e-07    5.88325639e-01
   2.45784237e-08    1.20000000e+00    1.20000000e+00    6.38722855e-07    6.32686858e-01
   2.45824250e-08    1.20000000e+00    1.20000000e+00    5.84783724e-07    6.76064860e-01
   2.45864264e-08    1.20000000e+00    1.20000000e+00    5.35718711e-07    7.18287318e-01
   2.45904277e-08    1.20000000e+00    1.20000000e+00    4.91181018e-07    7.59180110e-01
   2.45944290e-08    1.20000000e+00    1.20000000e+00    4.50827798e-07    7.98565955e-01
   2.45984304e-08    1.20000000e+00    1.20000000e+00    4.14325867e-07    8.36266300e-01
   2.46024317e-08    1.20000000e+00    1.20000000e+00    3.81355718e-07    8.72106402e-01
   2.46064331e-08    1.20000000e+00    1.20000000e+00    3.51614181e-07    9.05923175e-01
   2.46104344e-08    1.20000000e+00    1.20000000e+00    3.24816045e-07    9.37574906e-01
   2.46144358e-08    1.20000000e+00    1.20000000e+00    3.00694893e-07    9.66951392e-01
   2.46184371e-08    1.20000000e+00    1.20000000e+00    2.79003324e-07    9.93982747e-01
   2.46224384e-08    1.20000000e+00    1.20000000e+00    2.59512746e-07    1.01864517e+00
   2.46264398e-08    1.20000000e+00    1.20000000e+00    2.42012837e-07    1.04096258e+00
   2.46304411e-08    1.20000000e+00    1.20000000e+00    2.26310793e-07    1.06100374e+00
   2.46344425e-08    1.20000000e+00    1.20000000e+00    2.12230422e-07    1.07887574e+00
   2.46384438e-08    1.20000000e+00    1.20000000e+00    1.99611151e-07    1.09471498e+00
   2.46424451e-08    1.20000000e+00    1.20000000e+00    1.88306990e-07    1.10867733e+00
   2.46464465e-08    1.20000000e+00    1.20000000e+00    1.78185483e-07    1.12092883e+00
   2.46504478e-08    1.20000000e+00    1.20000000e+00    1.69126670e-07    1.13163767e+00
   2.46544492e-08    1.20000000e+00    1.20000000e+00    1.61022086e-07    1.14096813e+00
   2.46584505e-08    1.20000000e+00    1.20000000e+00    1.53773794e-07    1.14907612e+00
   2.46624519e-08    1.20000000e+00    1.20000000e+00    1.47293475e-07    1.15610658e+00
   2.46664532e-08    1.20000000e+00    1.20000000e+00    1.41501570e-07    1.16219191e+00
   2.46704545e-08    1.20000000e+00    1.20000000e+00    1.36326484e-07    1.16745158e+00
   2.46744559e-08    1.20000000e+00    1.20000000e+00    1.31703840e-07    1.17199227e+00
   2.46784572e-08    1.20000000e+00    1.20000000e+00    1.27575798e-07    1.17590851e+00
   2.46824586e-08    1.20000000e+00    1.20000000e+00    1.23890426e-07    1.17928352e+00
   2.46864599e-08    1.20000000e+00    1.20000000e+00    1.20601126e-07    1.18219023e+00
   2.46944626e-08    1.20000000e+00    1.20000000e+00    1.15031957e-07    1.18686736e+00
   2.47024653e-08    1.20000000e+00    1.20000000e+00    1.10605635e-07    1.19032196e+00
   2.47104680e-08    1.20000000e+00    1.20000000e+00    1.07091698e-07    1.19287059e+00
   2.47184706e-08    1.20000000e+00    1.20000000e+00    1.04305578e-07    1.19474932e+00
   2.47344760e-08    1.20000000e+00    1.20000000e+00    1.00313010e-07    1.19719504e+00
   2.47500003e-08    1.20000000e+00    1.20000000e+00    9.79025359e-08    1.19847096e+00
   2.47502004e-08    1.20000000e+00    1.19711903e+00    9.78787830e-08    1.19848246e+00
   2.47506005e-08    1.20000000e+00    1.19135710e+00    9.78318428e-08    1.19850512e+00
   2.47514008e-08    1.20000000e+00    1.17983323e+00    9.77390810e-08    1.19854977e+00
   2.47530013e-08    1.20000000e+00    1.15678549e+00    9.75601188e-08    1.19863512e+00
   2.47562024e-08    1.20000000e+00    1.11069001e+00    9.72270004e-08    1.19879117e+00
   2.47626045e-08    1.20000000e+00    1.01849905e+00    9.66495464e-08    1.19905254e+00
   2.47754088e-08    1.20000000e+00    8.34117126e-01    9.57806293e-08    1.19942192e+00
   2.47882131e-08    1.20000000e+00    6.49735205e-01    9.52036144e-08    1.19964680e+00
   2.48010174e-08    1.20000000e+00    4.65353285e-01    9.48267404e-08    1.19978382e+00
   2.48026354e-08    1.20000000e+00    4.42054784e-01    9.47913998e-08    1.19979618e+00
   2.48042533e-08    1.20000000e+00    4.18756283e-01    9.47570400e-08    1.19980818e+00
   2.48074892e-08    1.20000000e+00    3.72159281e-01    9.46939325e-08    1.19983009e+00
   2.48107251e-08    1.20000000e+00    3.25562280e-01    9.46377893e-08    1.19984948e+00
   2.48139610e-08    1.20000000e+00    2.78965278e-01    9.45879642e-08    1.19986662e+00
   2.48171969e-08    1.20000000e+00    2.32368276e-01    9.45438686e-08    1.19988179e+00
   2.48204328e-08    1.20000000e+00    1.85771275e-01    9.45049657e-08    1.19989521e+00
   2.48236687e-08    1.20000000e+00    1.39174273e-01    9.44707664e-08    1.19990708e+00
   2.48269046e-08    1.20000000e+00    9.25772713e-02    9.44408255e-08    1.19991758e+00
   2.48301405e-08    1.20000000e+00    4.59802697e-02    9.44147369e-08    1.19992687e+00
   2.48333336e-08    1.20000000e+00   -1.46549439e-14    9.43924100e-08    1.19993498e+00
   2.48336572e-08    1.20000000e+00    0.00000000e+00    9.43903417e-08    1.19993575e+00
   2.48339058e-08    1.20000000e+00    0.00000000e+00    9.43887709e-08    1.19993634e+00
   2.48344030e-08    1.20000000e+00    0.00000000e+00    9.43856655e-08    1.19993750e+00
   2.48353975e-08    1.20000000e+00    0.00000000e+00    9.43796679e-08    1.19993975e+00
   2.48373865e-08    1.20000000e+00    0.00000000e+00    9.43684946e-08    1.19994398e+00
   2.48413644e-08    1.20000000e+00    0.00000000e+00    9.43491907e-08    1.19995152e+00
   2.48493202e-08    1.20000000e+00    0.00000000e+00    9.43210210e-08    1.19996359e+00
   2.48652319e-08    1.20000000e+00    0.00000000e+00    9.42955353e-08    1.19997949e+00
   2.48811436e-08    1.20000000e+00    0.00000000e+00    9.42979028e-08    1.19998831e+00
   2.48970553e-08    1.20000000e+00    0.00000000e+00    9.43155179e-08    1.19999323e+00
   2.49129669e-08    1.20000000e+00    0.00000000e+00    9.43406904e-08    1.19999597e+00
   2.49288786e-08    1.20000000e+00    0.00000000e+00    9.43688137e-08    1.19999752e+00
   2.49447903e-08    1.20000000e+00    0.00000000e+00    9.43972022e-08    1.19999841e+00
   2.49591108e-08    1.20000000e+00    0.00000000e+00    9.44217351e-08    1.19999889e+00
   2.49719992e-08    1.20000000e+00    0.00000000e+00    9.44424693e-08    1.19999917e+00
   2.49835988e-08    1.20000000e+00    0.00000000e+00    9.44598556e-08    1.19999936e+00
   2.49951984e-08    1.20000000e+00    0.00000000e+00    9.44759722e-08    1.19999950e+00
   2.50067980e-08    1.20000000e+00    0.00000000e+00    9.44908189e-08    1.19999961e+00
   2.50183977e-08    1.20000000e+00    0.00000000e+00    9.45044302e-08    1.19999970e+00
   2.50299973e-08    1.20000000e+00    0.00000000e+00    9.45168631e-08    1.19999976e+00
   2.50415969e-08    1.20000000e+00    0.00000000e+00    9.45281867e-08    1.19999981e+00
   2.50531965e-08    1.20000000e+00    0.00000000e+00    9.45384769e-08    1.19999985e+00
   2.50647961e-08    1.20000000e+00    0.00000000e+00    9.45478113e-08    1.19999987e+00
   2.50763957e-08    1.20000000e+00    0.00000000e+00    9.45562667e-08    1.19999989e+00
   2.50879953e-08    1.20000000e+00    0.00000000e+00    9.45639173e-08    1.19999990e+00
   2.51111945e-08    1.20000000e+00    0.00000000e+00    9.45771111e-08    1.19999992e+00
   2.51575929e-08    1.20000000e+00    0.00000000e+00    9.45967806e-08    1.19999994e+00
   2.52503898e-08    1.20000000e+00    0.00000000e+00    9.46188583e-08    1.19999998e+00
   2.53339070e-08    1.20000000e+00    0.00000000e+00    9.46272971e-08    1.19999999e+00
   2.54174242e-08    1.20000000e+00    0.00000000e+00    9.46311246e-08    1.19999999e+00
   2.55009413e-08    1.20000000e+00    0.00000000e+00    9.46328618e-08    1.19999999e+00
   2.56679757e-08    1.20000000e+00    0.00000000e+00    9.46341005e-08    1.19999999e+00
   2.60020444e-08    1.20000000e+00    0.00000000e+00    9.46343455e-08    1.19999999e+00
   2.63361131e-08    1.20000000e+00    0.00000000e+00    9.46342957e-08    1.19999999e+00
   2.66250000e-08    1.20000000e+00    0.00000000e+00    9.46343041e-08    1.19999999e+00
   2.66252094e-08    1.19250000e+00    0.00000000e+00   -3.05718247e-07    1.19999927e+00
   2.66254188e-08    1.18500000e+00    0.00000000e+00   -6.85579568e-07    1.19999858e+00
   2.66256281e-08    1.17750000e+00    0.00000000e+00   -1.05541689e-06    1.19999790e+00
   2.66260469e-08    1.16250000e+00    0.00000000e+00   -1.73710145e-06    1.19999666e+00
   2.66268844e-08    1.13250000e+00    0.00000000e+00   -2.88920009e-06    1.19999455e+00
   2.66285594e-08    1.07250000e+00    0.00000000e+00   -4.49578547e-06    1.19999153e+00
   2.66319094e-08    9.52500000e-01    0.00000000e+00   -5.85654641e-06    1.19998865e+00
   2.66386094e-08    7.12500000e-01    0.00000000e+00   -6.08474379e-06    1.19998698e+00
   2.66446394e-08    4.96500000e-01    0.00000000e+00   -2.85498681e-06    1.19999177e+00
   2.66451811e-08    4.77095457e-01    0.00000000e+00   -2.08634669e-06    1.19999309e+00
   2.66457228e-08    4.57690913e-01    0.00000000e+00   -1.26543679e-06    1.19999450e+00
   2.66468062e-08    4.18881827e-01    0.00000000e+00    6.27524557e-07    1.19999781e+00
   2.66478896e-08    3.80072740e-01    0.00000000e+00    2.80431672e-06    1.20000165e+00
   2.66489731e-08    3.41263654e-01    0.00000000e+00    5.20321896e-06    1.20000595e+00
   2.66500565e-08    3.02454567e-01    0.00000000e+00    7.77409321e-06    1.20001061e+00
   2.66511399e-08    2.63645481e-01    0.00000000e+00    1.04744472e-05    1.20001559e+00
   2.66522233e-08    2.24836394e-01    0.00000000e+00    1.32653589e-05    1.20002081e+00
   2.66533067e-08    1.86027308e-01    0.00000000e+00    1.61100874e-05    1.20002622e+00
   2.66543902e-08    1.47218221e-01    0.00000000e+00    1.89739725e-05    1.20003177e+00
   2.66554736e-08    1.08409134e-01    0.00000000e+00    2.18246764e-05    1.20003740e+00
   2.66565570e-08    6.96000479e-02    0.00000000e+00    2.46324195e-05    1.20004307e+00
   2.66576404e-08    3.07909613e-02    0.00000000e+00    2.73701135e-05    1.20004872e+00
   2.66585000e-08   -1.31006317e-13    0.00000000e+00    2.94765981e-05    1.20005317e+00
   2.66586083e-08    0.00000000e+00    0.00000000e+00    3.00238237e-05    1.20005425e+00
   2.66586859e-08    0.00000000e+00    0.00000000e+00    3.04086336e-05    1.20005501e+00
   2.66587635e-08    0.00000000e+00    0.00000000e+00    3.07899934e-05    1.20005576e+00
   2.66589186e-08    0.00000000e+00    0.00000000e+00    3.15322250e-05    1.20005724e+00
   2.66592288e-08    0.00000000e+00    0.00000000e+00    3.29364727e-05    1.20006005e+00
   2.66598492e-08    0.00000000e+00    0.00000000e+00    3.54377473e-05    1.20006513e+00
   2.66610901e-08    0.00000000e+00    0.00000000e+00    3.93161194e-05    1.20007340e+00
   2.66635719e-08    0.00000000e+00    0.00000000e+00    4.33379639e-05    1.20008363e+00
   2.66660537e-08    0.00000000e+00    0.00000000e+00    4.34606609e-05    1.20008733e+00
   2.66685355e-08    0.00000000e+00    0.00000000e+00    4.09122559e-05    1.20008651e+00
   2.66734991e-08    0.00000000e+00    0.00000000e+00    3.16531137e-05    1.20007731e+00
   2.66784627e-08    0.00000000e+00    0.00000000e+00    2.02235898e-05    1.20006317e+00
   2.66834264e-08    0.00000000e+00    0.00000000e+00    9.42473349e-06    1.20004845e+00
   2.66883900e-08    0.00000000e+00    0.00000000e+00    4.13564967e-07    1.20003506e+00
   2.66933536e-08    0.00000000e+00    0.00000000e+00   -6.59413280e-06    1.20002317e+00
   2.66983172e-08    0.00000000e+00    0.00000000e+00   -1.17648261e-05    1.20001144e+00
   2.67032808e-08    0.00000000e+00    0.00000000e+00   -1.65178171e-05    1.19999802e+00
   2.67077480e-08    0.00000000e+00    0.00000000e+00   -2.19706100e-05    1.19998320e+00
   2.67117685e-08    0.00000000e+00    0.00000000e+00   -2.81770643e-05    1.19996699e+00
   2.67153577e-08    0.00000000e+00    0.00000000e+00   -3.46225079e-05    1.19995009e+00
   2.67185098e-08    0.00000000e+00    0.00000000e+00   -4.07887201e-05    1.19993338e+00
   2.67213323e-08    0.00000000e+00    0.00000000e+00   -4.63811921e-05    1.19991696e+00
   2.67238725e-08    0.00000000e+00    0.00000000e+00   -5.10949653e-05    1.19990140e+00
   2.67264127e-08    0.00000000e+00    0.00000000e+00   -5.51707854e-05    1.19988627e+00
   2.67289529e-08    0.00000000e+00    0.00000000e+00   -5.83565123e-05    1.19987293e+00
   2.67314931e-08    0.00000000e+00    0.00000000e+00   -6.04751507e-05    1.19986228e+00
   2.67340333e-08    0.00000000e+00    0.00000000e+00   -6.14240120e-05    1.19985472e+00
   2.67365736e-08    0.00000000e+00    0.00000000e+00   -6.11664054e-05    1.19985027e+00
   2.67391138e-08    0.00000000e+00    0.00000000e+00   -5.97078434e-05    1.19984873e+00
   2.67416540e-08    0.00000000e+00    0.00000000e+00   -5.70308983e-05    1.19984974e+00
   2.67441942e-08    0.00000000e+00    0.00000000e+00   -5.30641963e-05    1.19985270e+00
   2.67467344e-08    0.00000000e+00    0.00000000e+00   -4.79177201e-05    1.19985637e+00
   2.67492746e-08    0.00000000e+00    0.00000000e+00   -4.18525807e-05    1.19985923e+00
   2.67518148e-08    0.00000000e+00    0.00000000e+00   -3.48064399e-05    1.19986151e+00
   2.67543550e-08    0.00000000e+00    0.00000000e+00   -2.62279148e-05    1.19986469e+00
   2.67568952e-08    0.00000000e+00    0.00000000e+00   -1.60646897e-05    1.19986978e+00
   2.67594355e-08    0.00000000e+00    0.00000000e+00   -6.02234972e-06    1.19987716e+00
   2.67619757e-08    0.00000000e+00    0.00000000e+00    2.72977850e-06    1.19988694e+00
   2.67645159e-08    0.00000000e+00    0.00000000e+00    1.03750959e-05    1.19989907e+00
   2.67670561e-08    0.00000000e+00    0.00000000e+00    1.73834964e-05    1.19991340e+00
   2.67695963e-08    0.00000000e+00    0.00000000e+00    2.40642141e-05    1.19992973e+00
   2.67718825e-08    0.00000000e+00    0.00000000e+00    2.98550628e-05    1.19994586e+00
   2.67739401e-08    0.00000000e+00    0.00000000e+00    3.48017833e-05    1.19996123e+00
   2.67759976e-08    0.00000000e+00    0.00000000e+00    3.93462921e-05    1.19997701e+00
   2.67780552e-08    0.00000000e+00    0.00000000e+00    4.33256752e-05    1.19999281e+00
   2.67801128e-08    0.00000000e+00    0.00000000e+00    4.65953991e-05    1.20000820e+00
   2.67821704e-08    0.00000000e+00    0.00000000e+00    4.90530555e-05    1.20002277e+00
   2.67842279e-08    0.00000000e+00    0.00000000e+00    5.06483469e-05    1.20003621e+00
   2.67862855e-08    0.00000000e+00    0.00000000e+00    5.13819855e-05    1.20004827e+00
   2.67883431e-08    0.00000000e+00    0.00000000e+00    5.12977154e-05    1.20005880e+00
   2.67904006e-08    0.00000000e+00    0.00000000e+00    5.04713034e-05    1.20006773e+00
   2.67924582e-08    0.00000000e+00    0.00000000e+00    4.89992173e-05    1.20007508e+00
   2.67945158e-08    0.00000000e+00    0.00000000e+00    4.69885570e-05    1.20008089e+00
   2.67965734e-08    0.00000000e+00    0.00000000e+00    4.45489266e-05    1.20008527e+00
   2.67986309e-08    0.00000000e+00    0.00000000e+00    4.17863835e-05    1.20008835e+00
   2.68027461e-08    0.00000000e+00    0.00000000e+00    3.57112397e-05    1.20009122e+00
   2.68068612e-08    0.00000000e+00    0.00000000e+00    2.93620268e-05    1.20009057e+00
   2.68109764e-08    0.00000000e+00    0.00000000e+00    2.32155595e-05    1.20008740e+00
   2.68150915e-08    0.00000000e+00    0.00000000e+00    1.75803986e-05    1.20008260e+00
   2.68192067e-08    0.00000000e+00    0.00000000e+00    1.26255531e-05    1.20007684e+00
   2.68274369e-08    0.00000000e+00    0.00000000e+00    4.91414398e-06    1.20006440e+00
   2.68356672e-08    0.00000000e+00    0.00000000e+00   -9.71623290e-08    1.20005227e+00
   2.68438975e-08    0.00000000e+00    0.00000000e+00   -2.97547601e-06    1.20004155e+00
   2.68521278e-08    0.00000000e+00    0.00000000e+00   -4.37046606e-06    1.20003254e+00
   2.68685884e-08    0.00000000e+00    0.00000000e+00   -4.85523787e-06    1.20001906e+00
   2.68850490e-08    0.00000000e+00    0.00000000e+00   -3.98039120e-06    1.20001039e+00
   2.69015095e-08    0.00000000e+00    0.00000000e+00   -2.94959397e-06    1.20000498e+00
   2.69179701e-08    0.00000000e+00    0.00000000e+00   -2.11249585e-06    1.20000164e+00
   2.69344307e-08    0.00000000e+00    0.00000000e+00   -1.50008191e-06    1.19999962e+00
   2.69492452e-08    0.00000000e+00    0.00000000e+00   -1.10217005e-06    1.19999851e+00
   2.69625783e-08    0.00000000e+00    0.00000000e+00   -8.34946006e-07    1.19999791e+00
   2.69745525e-08    0.00000000e+00    0.00000000e+00   -6.49269517e-07    1.19999758e+00
   2.69853292e-08    0.00000000e+00    0.00000000e+00   -5.15751597e-07    1.19999742e+00
   2.69961060e-08    0.00000000e+00    0.00000000e+00   -4.07153647e-07    1.19999734e+00
   2.70068828e-08    0.00000000e+00    0.00000000e+00   -3.18496594e-07    1.19999733e+00
   2.70176595e-08    0.00000000e+00    0.00000000e+00   -2.45898757e-07    1.19999737e+00
   2.70284363e-08    0.00000000e+00    0.00000000e+00   -1.86307347e-07    1.19999744e+00
   2.70392131e-08    0.00000000e+00    0.00000000e+00   -1.37299976e-07    1.19999753e+00
   2.70499899e-08    0.00000000e+00    0.00000000e+00   -9.69385355e-08    1.19999764e+00
   2.70607666e-08    0.00000000e+00    0.00000000e+00   -6.36612346e-08    1.19999776e+00
   2.70693951e-08    0.00000000e+00    0.00000000e+00   -4.12871710e-08    1.19999787e+00
   2.70764479e-08    0.00000000e+00    0.00000000e+00   -2.53914777e-08    1.19999796e+00
   2.70827955e-08    0.00000000e+00    0.00000000e+00   -1.26915274e-08    1.19999805e+00
   2.70885084e-08    0.00000000e+00    0.00000000e+00   -2.42124477e-09    1.19999812e+00
   2.70942212e-08    0.00000000e+00    0.00000000e+00    6.86283353e-09    1.19999820e+00
   2.70999341e-08    0.00000000e+00    0.00000000e+00    1.52561086e-08    1.19999828e+00
   2.71056469e-08    0.00000000e+00    0.00000000e+00    2.28445978e-08    1.19999836e+00
   2.71113597e-08    0.00000000e+00    0.00000000e+00    2.97058935e-08    1.19999843e+00
   2.71170726e-08    0.00000000e+00    0.00000000e+00    3.59100137e-08    1.19999846e+00
   2.71227854e-08    0.00000000e+00    0.00000000e+00    4.15201629e-08    1.19999845e+00
   2.71284982e-08    0.00000000e+00    0.00000000e+00    4.65934109e-08    1.19999841e+00
   2.71342111e-08    0.00000000e+00    0.00000000e+00    5.11813006e-08    1.19999835e+00
   2.71393526e-08    0.00000000e+00    0.00000000e+00    5.49334231e-08    1.19999829e+00
   2.71444942e-08    0.00000000e+00    0.00000000e+00    5.83610938e-08    1.19999825e+00
   2.71496357e-08    0.00000000e+00    0.00000000e+00    6.14924298e-08    1.19999823e+00
   2.71547773e-08    0.00000000e+00    0.00000000e+00    6.43530997e-08    1.19999824e+00
   2.71599188e-08    0.00000000e+00    0.00000000e+00    6.69665404e-08    1.19999827e+00
   2.71650604e-08    0.00000000e+00    0.00000000e+00    6.93541525e-08    1.19999833e+00
   2.71702019e-08    0.00000000e+00    0.00000000e+00    7.15354783e-08    1.19999840e+00
   2.71753435e-08    0.00000000e+00    0.00000000e+00    7.35283640e-08    1.19999847e+00
   2.71804850e-08    0.00000000e+00    0.00000000e+00    7.53491087e-08    1.19999855e+00
   2.71907682e-08    0.00000000e+00    0.00000000e+00    7.85383822e-08    1.19999870e+00
   2.72113344e-08    0.00000000e+00    0.00000000e+00    8.34540970e-08    1.19999896e+00
   2.72319006e-08    0.00000000e+00    0.00000000e+00    8.68670007e-08    1.19999914e+00
   2.72524668e-08    0.00000000e+00    0.00000000e+00    8.92368441e-08    1.19999927e+00
   2.72730330e-08    0.00000000e+00    0.00000000e+00    9.08826308e-08    1.19999937e+00
   2.72935992e-08    0.00000000e+00    0.00000000e+00    9.20257486e-08    1.19999945e+00
   2.73141654e-08    0.00000000e+00    0.00000000e+00    9.28198599e-08    1.19999951e+00
   2.73347316e-08    0.00000000e+00    0.00000000e+00    9.33716308e-08    1.19999957e+00
   2.73758640e-08    0.00000000e+00    0.00000000e+00    9.40371803e-08    1.19999967e+00
   2.74169965e-08    0.00000000e+00    0.00000000e+00    9.43508232e-08    1.19999974e+00
   2.74581289e-08    0.00000000e+00    0.00000000e+00    9.44989410e-08    1.19999980e+00
   2.74992613e-08    0.00000000e+00    0.00000000e+00    9.45691124e-08    1.19999984e+00
   2.75815262e-08    0.00000000e+00    0.00000000e+00    9.46221417e-08    1.19999990e+00
   2.77460558e-08    0.00000000e+00    0.00000000e+00    9.46355677e-08    1.19999996e+00
   2.79105855e-08    0.00000000e+00    0.00000000e+00    9.46338690e-08    1.19999998e+00
   2.80751152e-08    0.00000000e+00    0.00000000e+00    9.46343306e-08    1.19999999e+00
   2.82396449e-08    0.00000000e+00    0.00000000e+00    9.46342782e-08    1.19999999e+00
   2.85687043e-08    0.00000000e+00    0.00000000e+00    9.46342984e-08    1.19999999e+00
   2.90000000e-08    0.00000000e+00    0.00000000e+00    9.46342903e-08    1.19999999e+00
   2.90002094e-08    7.50000000e-03    0.00000000e+00    7.87084132e-07    1.20000062e+00
   2.90004187e-08    1.50000000e-02    0.00000000e+00    1.45481920e-06    1.20000121e+00
   2.90006281e-08    2.25000000e-02    0.00000000e+00    2.11036750e-06    1.20000179e+00
   2.90010469e-08    3.75000000e-02    0.00000000e+00    3.34919185e-06    1.20000286e+00
   2.90018844e-08    6.75000000e-02    0.00000000e+00    5.55027070e-06    1.20000469e+00
   2.90035594e-08    1.27500000e-01    0.00000000e+00    8.95376660e-06    1.20000731e+00
   2.90069094e-08    2.47500000e-01    0.00000000e+00    1.26317481e-05    1.20000966e+00
   2.90102594e-08    3.67500000e-01    0.00000000e+00    1.34108486e-05    1.20000970e+00
   2.90136094e-08    4.87500000e-01    0.00000000e+00    1.26661748e-05    1.20000878e+00
   2.90146629e-08    5.25237138e-01    0.00000000e+00    1.22221584e-05    1.20000839e+00
   2.90167699e-08    6.00711415e-01    0.00000000e+00    1.11369427e-05    1.20000747e+00
   2.90174578e-08    6.25355264e-01    0.00000000e+00    1.06407058e-05    1.20000707e+00
   2.90188338e-08    6.74642964e-01    0.00000000e+00    9.41970506e-06    1.20000609e+00
   2.90215857e-08    7.73218364e-01    0.00000000e+00    4.95351044e-06    1.20000253e+00
   2.90220018e-08    7.88123753e-01    0.00000000e+00    3.92912532e-06    1.20000172e+00
   2.90224179e-08    8.03029143e-01    0.00000000e+00    2.82925505e-06    1.20000085e+00
   2.90232501e-08    8.32839922e-01    0.00000000e+00    2.43238580e-07    1.19999880e+00
   2.90240823e-08    8.62650700e-01    0.00000000e+00   -2.92252808e-06    1.19999631e+00
   2.90249145e-08    8.92461479e-01    0.00000000e+00   -6.72875012e-06    1.19999333e+00
   2.90257468e-08    9.22272258e-01    0.00000000e+00   -1.11720550e-05    1.19998987e+00
   2.90265790e-08    9.52083037e-01    0.00000000e+00   -1.61821343e-05    1.19998601e+00
   2.90274112e-08    9.81893816e-01    0.00000000e+00   -2.16832123e-05    1.19998180e+00
   2.90282434e-08    1.01170459e+00    0.00000000e+00   -2.76293280e-05    1.19997730e+00
   2.90290756e-08    1.04151537e+00    0.00000000e+00   -3.39948836e-05    1.19997251e+00
   2.90299079e-08    1.07132615e+00    0.00000000e+00   -4.07595160e-05    1.19996743e+00
   2.90307401e-08    1.10113693e+00    0.00000000e+00   -4.79001713e-05    1.19996207e+00
   2.90315723e-08    1.13094771e+00    0.00000000e+00   -5.53880631e-05    1.19995644e+00
   2.90324045e-08    1.16075849e+00    0.00000000e+00   -6.31877134e-05    1.19995055e+00
   2.90332367e-08    1.19056927e+00    0.00000000e+00   -7.12567573e-05    1.19994443e+00
   2.90335000e-08    1.20000000e+00    0.00000000e+00   -7.38592699e-05    1.19994245e+00
   2.90335467e-08    1.20000000e+00    0.00000000e+00   -7.44177129e-05    1.19994201e+00
   2.90335879e-08    1.20000000e+00    0.00000000e+00   -7.49062954e-05    1.19994162e+00
   2.90336291e-08    1.20000000e+00    0.00000000e+00   -7.53930338e-05    1.19994124e+00
   2.90337114e-08    1.20000000e+00    0.00000000e+00   -7.63550636e-05    1.19994048e+00
   2.90338761e-08    1.20000000e+00    0.00000000e+00   -7.82336869e-05    1.19993902e+00
   2.90342056e-08    1.20000000e+00    0.00000000e+00   -8.18120856e-05    1.19993625e+00
   2.90348644e-08    1.20000000e+00    0.00000000e+00   -8.82777165e-05    1.19993132e+00
   2.90361821e-08    1.20000000e+00    0.00000000e+00   -9.86479275e-05    1.19992364e+00
   2.90388175e-08    1.20000000e+00    0.00000000e+00   -1.10782893e-04    1.19991492e+00
   2.90414529e-08    1.20000000e+00    0.00000000e+00   -1.13798525e-04    1.19991148e+00
   2.90440883e-08    1.20000000e+00    0.00000000e+00   -1.10061652e-04    1.19990631e+00
   2.90464602e-08    1.20000000e+00    0.00000000e+00   -1.02495181e-04    1.19989764e+00
   2.90485948e-08    1.20000000e+00    0.00000000e+00   -9.33906411e-05    1.19988843e+00
   2.90507295e-08    1.20000000e+00    0.00000000e+00   -8.27304565e-05    1.19987813e+00
   2.90528642e-08    1.20000000e+00    0.00000000e+00   -7.06439954e-05    1.19986642e+00
   2.90549989e-08    1.20000000e+00    0.00000000e+00   -5.72965240e-05    1.19985323e+00
   2.90571335e-08    1.20000000e+00    0.00000000e+00   -4.33719513e-05    1.19983886e+00
   2.90592682e-08    1.20000000e+00    0.00000000e+00   -2.95217179e-05    1.19982394e+00
   2.90614029e-08    1.20000000e+00    0.00000000e+00   -1.60155795e-05    1.19980923e+00
   2.90635375e-08    1.20000000e+00    0.00000000e+00   -2.96448588e-06    1.19979546e+00
   2.90656722e-08    1.20000000e+00    0.00000000e+00    9.54511134e-06    1.19978327e+00
   2.90678069e-08    1.20000000e+00    0.00000000e+00    2.14187236e-05    1.19977317e+00
   2.90699416e-08    1.20000000e+00    0.00000000e+00    3.25469454e-05    1.19976550e+00
   2.90720762e-08    1.20000000e+00    0.00000000e+00    4.28081243e-05    1.19976045e+00
   2.90742109e-08    1.20000000e+00    0.00000000e+00    5.20773710e-05    1.19975800e+00
   2.90763456e-08    1.20000000e+00    0.00000000e+00    6.02391987e-05    1.19975799e+00
   2.90784803e-08    1.20000000e+00    0.00000000e+00    6.72004539e-05    1.19976013e+00
   2.90806149e-08    1.20000000e+00    0.00000000e+00    7.29005857e-05    1.19976401e+00
   2.90827496e-08    1.20000000e+00    0.00000000e+00    7.73177313e-05    1.19976918e+00
   2.90848843e-08    1.20000000e+00    0.00000000e+00    8.04710952e-05    1.19977517e+00
   2.90870190e-08    1.20000000e+00    0.00000000e+00    8.24227177e-05    1.19978151e+00
   2.90891536e-08    1.20000000e+00    0.00000000e+00    8.32862435e-05    1.19978777e+00
   2.90912883e-08    1.20000000e+00    0.00000000e+00    8.32583507e-05    1.19979363e+00
   2.90934230e-08    1.20000000e+00    0.00000000e+00    8.26875207e-05    1.19979883e+00
   2.90955577e-08    1.20000000e+00    0.00000000e+00    8.21145654e-05    1.19980329e+00
   2.90976923e-08    1.20000000e+00    0.00000000e+00    8.20821516e-05    1.19980704e+00
   2.90998270e-08    1.20000000e+00    0.00000000e+00    8.28269211e-05    1.19981021e+00
   2.91019617e-08    1.20000000e+00    0.00000000e+00    8.42947283e-05    1.19981300e+00
   2.91040964e-08    1.20000000e+00    0.00000000e+00    8.63103377e-05    1.19981552e+00
   2.91062310e-08    1.20000000e+00    0.00000000e+00    8.86161409e-05    1.19981767e+00
   2.91083657e-08    1.20000000e+00    0.00000000e+00    9.08439075e-05    1.19981904e+00
   2.91105004e-08    1.20000000e+00    0.00000000e+00    9.25168600e-05    1.19981888e+00
   2.91126350e-08    1.20000000e+00    0.00000000e+00    9.30901616e-05    1.19981608e+00
   2.91147697e-08    1.20000000e+00    0.00000000e+00    9.20174282e-05    1.19980937e+00
   2.91169044e-08    1.20000000e+00    0.00000000e+00    8.88648753e-05    1.19979741e+00
   2.91190391e-08    1.20000000e+00    0.00000000e+00    8.34337632e-05    1.19977903e+00
   2.91211737e-08    1.20000000e+00    0.00000000e+00    7.57949033e-05    1.19975343e+00
   2.91233084e-08    1.20000000e+00    0.00000000e+00    6.62397845e-05    1.19972028e+00
   2.91254431e-08    1.20000000e+00    0.00000000e+00    5.52038656e-05    1.19967993e+00
   2.91275778e-08    1.20000000e+00    0.00000000e+00    4.31917655e-05    1.19963350e+00
   2.91297124e-08    1.20000000e+00    0.00000000e+00    3.07152761e-05    1.19958301e+00
   2.91318471e-08    1.20000000e+00    0.00000000e+00    1.82481617e-05    1.19953139e+00
   2.91339818e-08    1.20000000e+00    0.00000000e+00    6.19778663e-06    1.19948245e+00
   2.91361165e-08    1.20000000e+00    0.00000000e+00   -5.10886486e-06    1.19944064e+00
   2.91382511e-08    1.20000000e+00    0.00000000e+00   -1.54282800e-05    1.19941089e+00
   2.91403858e-08    1.20000000e+00    0.00000000e+00   -2.45961392e-05    1.19939833e+00
   2.91425205e-08    1.20000000e+00    0.00000000e+00   -3.25186312e-05    1.19940821e+00
   2.91446552e-08    1.20000000e+00    0.00000000e+00   -3.91616026e-05    1.19944576e+00
   2.91467898e-08    1.20000000e+00    0.00000000e+00   -4.45391030e-05    1.19951621e+00
   2.91489245e-08    1.20000000e+00    0.00000000e+00   -4.87023315e-05    1.19962473e+00
   2.91510592e-08    1.20000000e+00    0.00000000e+00   -5.17295805e-05    1.19977644e+00
   2.91531938e-08    1.20000000e+00    0.00000000e+00   -5.37174815e-05    1.19997639e+00
   2.91553285e-08    1.20000000e+00    0.00000000e+00   -5.47736599e-05    1.20022952e+00
   2.91574632e-08    1.20000000e+00    0.00000000e+00   -5.50107724e-05    1.20054057e+00
   2.91595979e-08    1.20000000e+00    0.00000000e+00   -5.45418302e-05    1.20091390e+00
   2.91617325e-08    1.20000000e+00    0.00000000e+00   -5.34766617e-05    1.20135302e+00
   2.91638672e-08    1.20000000e+00    0.00000000e+00   -5.19193555e-05    1.20186006e+00
   2.91660019e-08    1.20000000e+00    0.00000000e+00   -4.99665228e-05    1.20243531e+00
   2.91681366e-08    1.20000000e+00    0.00000000e+00   -4.77062261e-05    1.20307749e+00
   2.91702712e-08    1.20000000e+00    0.00000000e+00   -4.52174379e-05    1.20378457e+00
   2.91724059e-08    1.20000000e+00    0.00000000e+00   -4.25699076e-05    1.20455425e+00
   2.91745406e-08    1.20000000e+00    0.00000000e+00   -3.98243350e-05    1.20538407e+00
   2.91766753e-08    1.20000000e+00    0.00000000e+00   -3.70327652e-05    1.20627136e+00
   2.91788099e-08    1.20000000e+00    0.00000000e+00   -3.42391339e-05    1.20721323e+00
   2.91809446e-08    1.20000000e+00    0.00000000e+00   -3.14799083e-05    1.20820666e+00
   2.91830793e-08    1.20000000e+00    0.00000000e+00   -2.87847792e-05    1.20924858e+00
   2.91852140e-08    1.20000000e+00    0.00000000e+00   -2.61773707e-05    1.21033598e+00
   2.91873486e-08    1.20000000e+00    0.00000000e+00   -2.36759430e-05    1.21146599e+00
   2.91894833e-08    1.20000000e+00    0.00000000e+00   -2.12940690e-05    1.21263599e+00
   2.91916180e-08    1.20000000e+00    0.00000000e+00   -1.90412736e-05    1.21384371e+00
   2.91937526e-08    1.20000000e+00    0.00000000e+00   -1.69236267e-05    1.21508731e+00
   2.91958873e-08    1.20000000e+00    0.00000000e+00   -1.49442859e-05    1.21636545e+00
   2.92001567e-08    1.20000000e+00    0.00000000e+00   -1.13997608e-05    1.21902321e+00
   2.92044260e-08    1.20000000e+00    0.00000000e+00   -8.39177375e-06    1.22181910e+00
   2.92086954e-08    1.20000000e+00    0.00000000e+00   -5.88561435e-06    1.22476359e+00
   2.92129647e-08    1.20000000e+00    0.00000000e+00   -3.83431006e-06    1.22786643e+00
   2.92172341e-08    1.20000000e+00    0.00000000e+00   -2.18516747e-06    1.23109565e+00
   2.92215034e-08    1.20000000e+00    0.00000000e+00   -8.84341177e-07    1.23428722e+00
   2.92257728e-08    1.20000000e+00    0.00000000e+00    1.20137168e-07    1.23707092e+00
   2.92300421e-08    1.20000000e+00    0.00000000e+00    8.76492413e-07    1.23881064e+00
   2.92343114e-08    1.20000000e+00    0.00000000e+00    1.42818907e-06    1.23850893e+00
   2.92385808e-08    1.20000000e+00    0.00000000e+00    1.81351375e-06    1.23473165e+00
   2.92428501e-08    1.20000000e+00    0.00000000e+00    2.06556292e-06    1.22557273e+00
   2.92471195e-08    1.20000000e+00    0.00000000e+00    2.21249022e-06    1.20884238e+00
   2.92509619e-08    1.20000000e+00    0.00000000e+00    2.27418946e-06    1.18618403e+00
   2.92544201e-08    1.20000000e+00    0.00000000e+00    2.28516410e-06    1.15937782e+00
   2.92578782e-08    1.20000000e+00    0.00000000e+00    2.26331766e-06    1.12650748e+00
   2.92613364e-08    1.20000000e+00    0.00000000e+00    2.21607740e-06    1.08782334e+00
   2.92647946e-08    1.20000000e+00    0.00000000e+00    2.14965734e-06    1.04379016e+00
   2.92682528e-08    1.20000000e+00    0.00000000e+00    2.06921438e-06    9.95030057e-01
   2.92717109e-08    1.20000000e+00    0.00000000e+00    1.97899149e-06    9.42257955e-01
   2.92751691e-08    1.20000000e+00    0.00000000e+00    1.88244734e-06    8.86225498e-01
   2.92786273e-08    1.20000000e+00    0.00000000e+00    1.78237213e-06    8.27680040e-01
   2.92820854e-08    1.20000000e+00    0.00000000e+00    1.68099023e-06    7.67340096e-01
   2.92855436e-08    1.20000000e+00    0.00000000e+00    1.58005010e-06    7.05885783e-01
   2.92890018e-08    1.20000000e+00    0.00000000e+00    1.48090266e-06    6.43961591e-01
   2.92924600e-08    1.20000000e+00    0.00000000e+00    1.38456900e-06    5.82188613e-01
   2.92959181e-08    1.20000000e+00    0.00000000e+00    1.29179852e-06    5.21183290e-01
   2.92993763e-08    1.20000000e+00    0.00000000e+00    1.20311852e-06    4.61578823e-01
   2.93028345e-08    1.20000000e+00    0.00000000e+00    1.11887633e-06    4.04042984e-01
   2.93062926e-08    1.20000000e+00    0.00000000e+00    1.03927481e-06    3.49282352e-01
   2.93097508e-08    1.20000000e+00    0.00000000e+00    9.64402092e-07    2.98020540e-01
   2.93132090e-08    1.20000000e+00    0.00000000e+00    8.94256493e-07    2.50941840e-01
   2.93166672e-08    1.20000000e+00    0.00000000e+00    8.28767058e-07    2.08606304e-01
   2.93201253e-08    1.20000000e+00    0.00000000e+00    7.67810560e-07    1.71362346e-01
   2.93235835e-08    1.20000000e+00    0.00000000e+00    7.11225390e-07    1.39292739e-01
   2.93270417e-08    1.20000000e+00    0.00000000e+00    6.58822856e-07    1.12216868e-01
   2.93304998e-08    1.20000000e+00    0.00000000e+00    6.10396294e-07    8.97444998e-02
   2.93339580e-08    1.20000000e+00    0.00000000e+00    5.65728345e-07    7.13555328e-02
   2.93374162e-08    1.20000000e+00    0.00000000e+00    5.24596714e-07    5.64780838e-02
   2.93408744e-08    1.20000000e+00    0.00000000e+00    4.86778659e-07    4.45482549e-02
   2.93443325e-08    1.20000000e+00    0.00000000e+00    4.52054447e-07    3.50474232e-02
   2.93477907e-08    1.20000000e+00    0.00000000e+00    4.20209950e-07    2.75204707e-02
   2.93512489e-08    1.20000000e+00    0.00000000e+00    3.91038551e-07    2.15808061e-02
   2.93547070e-08    1.20000000e+00    0.00000000e+00    3.64342485e-07    1.69075363e-02
   2.93581652e-08    1.20000000e+00    0.00000000e+00    3.39933734e-07    1.32386842e-02
   2.93616234e-08    1.20000000e+00    0.00000000e+00    3.17634553e-07    1.03629416e-02
   2.93650816e-08    1.20000000e+00    0.00000000e+00    2.97277728e-07    8.11137807e-03
   2.93685397e-08    1.20000000e+00    0.00000000e+00    2.78706595e-07    6.34983209e-03
   2.93754561e-08    1.20000000e+00    0.00000000e+00    2.46285717e-07    3.86589292e-03
   2.93823724e-08    1.20000000e+00    0.00000000e+00    2.19400242e-07    2.35911641e-03
   2.93892888e-08    1.20000000e+00    0.00000000e+00    1.97146540e-07    1.44434987e-03
   2.93962051e-08    1.20000000e+00    0.00000000e+00    1.78755524e-07    8.87961102e-04
   2.94031215e-08    1.20000000e+00    0.00000000e+00    1.63577023e-07    5.48655404e-04
   2.94169541e-08    1.20000000e+00    0.00000000e+00    1.40583678e-07    2.00504372e-04
   2.94446195e-08    1.20000000e+00    0.00000000e+00    1.13930823e-07    1.24668171e-05
   2.94722849e-08    1.20000000e+00    0.00000000e+00    1.02342812e-07    4.29561092e-06
   2.94999503e-08    1.20000000e+00    0.00000000e+00    9.74051952e-08    1.98371777e-06
   2.95000000e-08    1.20000000e+00    0.00000000e+00    9.73999571e-08    1.98148294e-06
   2.95000497e-08    1.20000000e+00    7.16366286e-04    9.73947309e-08    1.98040645e-06
   2.95000995e-08    1.20000000e+00    1.43273257e-03    9.73895125e-08    1.97931815e-06
   2.95001990e-08    1.20000000e+00    2.86546514e-03    9.73790917e-08    1.97711818e-06
   2.95003980e-08    1.20000000e+00    5.73093029e-03    9.73583441e-08    1.97258012e-06
   2.95007960e-08    1.20000000e+00    1.14618606e-02    9.73172231e-08    1.96297501e-06
   2.95015919e-08    1.20000000e+00    2.29237212e-02    9.72364564e-08    1.94182896e-06
   2.95031838e-08    1.20000000e+00    4.58474423e-02    9.70806601e-08    1.89311351e-06
   2.95063677e-08    1.20000000e+00    9.16948846e-02    9.67907591e-08    1.77873228e-06
   2.95127354e-08    1.20000000e+00    1.83389769e-01    9.62886101e-08    1.52872265e-06
   2.95254708e-08    1.20000000e+00    3.66779539e-01    9.55345372e-08    1.09805875e-06
   2.95379241e-08    1.20000000e+00    5.46107013e-01    9.51180260e-08    8.57328698e-07
   2.95503774e-08    1.20000000e+00    7.25434488e-01    9.47744598e-08    6.25337400e-07
   2.95517335e-08    1.20000000e+00    7.44962263e-01    9.47463472e-08    5.99044754e-07
   2.95530896e-08    1.20000000e+00    7.64490039e-01    9.47188994e-08    5.71332411e-07
   2.95558018e-08    1.20000000e+00    8.03545591e-01    9.46678357e-08    5.11769855e-07
   2.95585139e-08    1.20000000e+00    8.42601143e-01    9.46215813e-08    4.49260302e-07
   2.95612261e-08    1.20000000e+00    8.81656695e-01    9.45797587e-08    3.88246079e-07
   2.95639383e-08    1.20000000e+00    9.20712247e-01    9.45420185e-08    3.32180013e-07
   2.95666505e-08    1.20000000e+00    9.59767799e-01    9.45080377e-08    2.82929806e-07
   2.95693627e-08    1.20000000e+00    9.98823350e-01    9.44775176e-08    2.41531550e-07
   2.95720749e-08    1.20000000e+00    1.03787890e+00    9.44501814e-08    2.08630448e-07
   2.95747871e-08    1.20000000e+00    1.07693445e+00    9.44257736e-08    1.84542923e-07
   2.95774993e-08    1.20000000e+00    1.11599001e+00    9.44040581e-08    1.69208279e-07
   2.95802115e-08    1.20000000e+00    1.15504556e+00    9.43848162e-08    1.62179235e-07
   2.95829237e-08    1.20000000e+00    1.19410111e+00    9.43678460e-08    1.62701196e-07
   2.95833333e-08    1.20000000e+00    1.20000000e+00    9.43654708e-08    1.63389819e-07
   2.95836045e-08    1.20000000e+00    1.20000000e+00    9.43639341e-08    1.60827654e-07
   2.95838016e-08    1.20000000e+00    1.20000000e+00    9.43628281e-08    1.59587198e-07
   2.95841959e-08    1.20000000e+00    1.20000000e+00    9.43606371e-08    1.58277398e-07
   2.95849843e-08    1.20000000e+00    1.20000000e+00    9.43563809e-08    1.61903092e-07
   2.95865612e-08    1.20000000e+00    1.20000000e+00    9.43483569e-08    1.87530611e-07
   2.95881382e-08    1.20000000e+00    1.20000000e+00    9.43409598e-08    2.29168498e-07
   2.95897151e-08    1.20000000e+00    1.20000000e+00    9.43341586e-08    2.78202521e-07
   2.95928689e-08    1.20000000e+00    1.20000000e+00    9.43222137e-08    3.76299440e-07
   2.95991766e-08    1.20000000e+00    1.20000000e+00    9.43041784e-08    5.16177578e-07
   2.96117919e-08    1.20000000e+00    1.20000000e+00    9.42864073e-08    5.46317972e-07
   2.96244072e-08    1.20000000e+00    1.20000000e+00    9.42864617e-08    3.96923593e-07
   2.96370226e-08    1.20000000e+00    1.20000000e+00    9.42976628e-08    2.47579684e-07
   2.96496379e-08    1.20000000e+00    1.20000000e+00    9.43154770e-08    1.54357361e-07
   2.96622532e-08    1.20000000e+00    1.20000000e+00    9.43368558e-08    1.10489579e-07
   2.96748685e-08    1.20000000e+00    1.20000000e+00    9.43597792e-08    9.97610013e-08
   2.96862223e-08    1.20000000e+00    1.20000000e+00    9.43806436e-08    1.04640143e-07
   2.96964408e-08    1.20000000e+00    1.20000000e+00    9.43990600e-08    1.07829330e-07
   2.97056373e-08    1.20000000e+00    1.20000000e+00    9.44150830e-08    1.01906580e-07
   2.97148339e-08    1.20000000e+00    1.20000000e+00    9.44304371e-08    8.78048188e-08
   2.97240305e-08    1.20000000e+00    1.20000000e+00    9.44450383e-08    7.07723215e-08
   2.97332271e-08    1.20000000e+00    1.20000000e+00    9.44588406e-08    5.62842607e-08
   2.97424236e-08    1.20000000e+00    1.20000000e+00    9.44718255e-08    4.75933584e-08
   2.97516202e-08    1.20000000e+00    1.20000000e+00    9.44839948e-08    4.54169150e-08
   2.97608168e-08    1.20000000e+00    1.20000000e+00    9.44953644e-08    4.87665067e-08
   2.97700134e-08    1.20000000e+00    1.20000000e+00    9.45059599e-08    5.58917723e-08
   2.97792099e-08    1.20000000e+00    1.20000000e+00    9.45158135e-08    6.49640717e-08
   2.97884065e-08    1.20000000e+00    1.20000000e+00    9.45249617e-08    7.44577065e-08
   2.97976031e-08    1.20000000e+00    1.20000000e+00    9.45334430e-08    8.32950448e-08
   2.98159962e-08    1.20000000e+00    1.20000000e+00    9.45485813e-08    9.68559858e-08
   2.98527825e-08    1.20000000e+00    1.20000000e+00    9.45726677e-08    1.08007150e-07
   2.98895688e-08    1.20000000e+00    1.20000000e+00    9.45900848e-08    1.05997851e-07
   2.99263551e-08    1.20000000e+00    1.20000000e+00    9.46026120e-08    1.01245115e-07
   2.99631414e-08    1.20000000e+00    1.20000000e+00    9.46116003e-08    9.79995937e-08
   3.00367140e-08    1.20000000e+00    1.20000000e+00    9.46228842e-08    9.54060677e-08
   3.01102866e-08    1.20000000e+00    1.20000000e+00    9.46285610e-08    9.49796885e-08
   3.02574318e-08    1.20000000e+00    1.20000000e+00    9.46331325e-08    9.47742783e-08
   3.05517222e-08    1.20000000e+00    1.20000000e+00    9.46344630e-08    9.46643827e-08
   3.08460126e-08    1.20000000e+00    1.20000000e+00    9.46342769e-08    9.46465982e-08
   3.11403030e-08    1.20000000e+00    1.20000000e+00    9.46343029e-08    9.46430073e-08
   3.13750000e-08    1.20000000e+00    1.20000000e+00    9.46342990e-08    9.46395595e-08
   3.13752094e-08    1.19250000e+00    1.20000000e+00   -3.05720015e-07   -3.04408269e-07
   3.13754188e-08    1.18500000e+00    1.20000000e+00   -6.85583011e-07   -6.83052120e-07
   3.13756281e-08    1.17750000e+00    1.20000000e+00   -1.05542196e-06   -1.05171446e-06
   3.13760469e-08    1.16250000e+00    1.20000000e+00   -1.73710952e-06   -1.73129147e-06
   3.13768844e-08    1.13250000e+00    1.20000000e+00   -2.88921315e-06   -2.88003352e-06
   3.13785594e-08    1.07250000e+00    1.20000000e+00   -4.49580480e-06   -4.48257516e-06
   3.13819094e-08    9.52500000e-01    1.20000000e+00   -5.85656755e-06   -5.84139930e-06
   3.13886094e-08    7.12500000e-01    1.20000000e+00   -6.08475336e-06   -6.06966332e-06
   3.13946394e-08    4.96500000e-01    1.20000000e+00   -2.85497414e-06   -2.84599087e-06
   3.13951896e-08    4.76788943e-01    1.20000000e+00   -2.07295416e-06   -2.06596278e-06
   3.13957399e-08    4.57077887e-01    1.20000000e+00   -1.23706012e-06   -1.23227424e-06
   3.13968404e-08    4.17655774e-01    1.20000000e+00    6.92988379e-07    6.92264793e-07
   3.13979410e-08    3.78233661e-01    1.20000000e+00    2.91379815e-06    2.90626117e-06
   3.13990415e-08    3.38811548e-01    1.20000000e+00    5.36114516e-06    5.34576660e-06
   3.14001420e-08    2.99389435e-01    1.20000000e+00    7.98305365e-06    7.95904209e-06
   3.14012426e-08    2.59967322e-01    1.20000000e+00    1.07353383e-05    1.07020902e-05
   3.14023431e-08    2.20545209e-01    1.20000000e+00    1.35774246e-05    1.35345001e-05
   3.14034436e-08    1.81123095e-01    1.20000000e+00    1.64710190e-05    1.64181288e-05
   3.14045442e-08    1.41700982e-01    1.20000000e+00    1.93800644e-05    1.93170614e-05
   3.14056447e-08    1.02278869e-01    1.20000000e+00    2.22710121e-05    2.21978821e-05
   3.14067452e-08    6.28567563e-02    1.20000000e+00    2.51130632e-05    2.50299166e-05
   3.14078458e-08    2.34346432e-02    1.20000000e+00    2.78782955e-05    2.77853590e-05
   3.14085000e-08   -2.20046203e-13    1.20000000e+00    2.94759793e-05    2.93773723e-05
   3.14086101e-08    0.00000000e+00    1.20000000e+00    3.00316371e-05    2.99310987e-05
   3.14086893e-08    0.00000000e+00    1.20000000e+00    3.04246153e-05    3.03227094e-05
   3.14087686e-08    0.00000000e+00    1.20000000e+00    3.08139915e-05    3.07107294e-05
   3.14089271e-08    0.00000000e+00    1.20000000e+00    3.15713575e-05    3.14654529e-05
   3.14092442e-08    0.00000000e+00    1.20000000e+00    3.30023975e-05    3.28914819e-05
   3.14098783e-08    0.00000000e+00    1.20000000e+00    3.55442572e-05    3.54243796e-05
   3.14111465e-08    0.00000000e+00    1.20000000e+00    3.94586450e-05    3.93247822e-05
   3.14136830e-08    0.00000000e+00    1.20000000e+00    4.34196228e-05    4.32711906e-05
   3.14162194e-08    0.00000000e+00    1.20000000e+00    4.33681976e-05    4.32195409e-05
   3.14187559e-08    0.00000000e+00    1.20000000e+00    4.05991988e-05    4.04604053e-05
   3.14238288e-08    0.00000000e+00    1.20000000e+00    3.09275351e-05    3.08244965e-05
   3.14289017e-08    0.00000000e+00    1.20000000e+00    1.92273350e-05    1.91686196e-05
   3.14339746e-08    0.00000000e+00    1.20000000e+00    8.33765510e-06    8.32064111e-06
   3.14390475e-08    0.00000000e+00    1.20000000e+00   -6.31382552e-07   -6.17148038e-07
   3.14441204e-08    0.00000000e+00    1.20000000e+00   -7.50724710e-06   -7.50724625e-06
   3.14491933e-08    0.00000000e+00    1.20000000e+00   -1.25816999e-05   -1.26906473e-05
   3.14542662e-08    0.00000000e+00    1.20000000e+00   -1.76009358e-05   -1.78595600e-05
   3.14588318e-08    0.00000000e+00    1.20000000e+00   -2.35249817e-05   -2.39231566e-05
   3.14628049e-08    0.00000000e+00    1.20000000e+00   -2.99538479e-05   -3.04851234e-05
   3.14662007e-08    0.00000000e+00    1.20000000e+00   -3.62322193e-05   -3.68950987e-05
   3.14691510e-08    0.00000000e+00    1.20000000e+00   -4.20667002e-05   -4.28758095e-05
   3.14718063e-08    0.00000000e+00    1.20000000e+00   -4.72939282e-05   -4.82692868e-05
   3.14741961e-08    0.00000000e+00    1.20000000e+00   -5.16553124e-05   -5.28007993e-05
   3.14765858e-08    0.00000000e+00    1.20000000e+00   -5.54184425e-05   -5.67392897e-05
   3.14789756e-08    0.00000000e+00    1.20000000e+00   -5.83793881e-05   -5.98658277e-05
   3.14813653e-08    0.00000000e+00    1.20000000e+00   -6.03934683e-05   -6.20220601e-05
   3.14837551e-08    0.00000000e+00    1.20000000e+00   -6.13742401e-05   -6.31132731e-05
   3.14861448e-08    0.00000000e+00    1.20000000e+00   -6.12875941e-05   -6.31174000e-05
   3.14885346e-08    0.00000000e+00    1.20000000e+00   -6.01361536e-05   -6.21200838e-05
   3.14909243e-08    0.00000000e+00    1.20000000e+00   -5.79161146e-05   -6.03347775e-05
   3.14933141e-08    0.00000000e+00    1.20000000e+00   -5.45676528e-05   -5.77750524e-05
   3.14957039e-08    0.00000000e+00    1.20000000e+00   -5.01087946e-05   -5.37653702e-05
   3.14980936e-08    0.00000000e+00    1.20000000e+00   -4.47570880e-05   -4.72863054e-05
   3.15004834e-08    0.00000000e+00    1.20000000e+00   -3.86248049e-05   -3.74968142e-05
   3.15028731e-08    0.00000000e+00    1.20000000e+00   -3.14320998e-05   -2.38156792e-05
   3.15052629e-08    0.00000000e+00    1.20000000e+00   -2.26910287e-05   -5.89019639e-06
   3.15076526e-08    0.00000000e+00    1.20000000e+00   -1.29458009e-05    1.55264648e-05
   3.15100424e-08    0.00000000e+00    1.20000000e+00   -3.79492710e-06    3.80573654e-05
   3.15124321e-08    0.00000000e+00    1.20000000e+00    4.17614787e-06    5.98867022e-05
   3.15148219e-08    0.00000000e+00    1.20000000e+00    1.12462549e-05    8.01989300e-05
   3.15172117e-08    0.00000000e+00    1.20000000e+00    1.78013706e-05    9.84446533e-05
   3.15196014e-08    0.00000000e+00    1.20000000e+00    2.40807429e-05    1.14081437e-04
   3.15217522e-08    0.00000000e+00    1.20000000e+00    2.95378341e-05    1.25469566e-04
   3.15239030e-08    0.00000000e+00    1.20000000e+00    3.47210651e-05    1.33908219e-04
   3.15260538e-08    0.00000000e+00    1.20000000e+00    3.94674271e-05    1.39097498e-04
   3.15282045e-08    0.00000000e+00    1.20000000e+00    4.35917827e-05    1.40873992e-04
   3.15303553e-08    0.00000000e+00    1.20000000e+00    4.69314579e-05    1.39246333e-04
   3.15325061e-08    0.00000000e+00    1.20000000e+00    4.93750286e-05    1.34399930e-04
   3.15346569e-08    0.00000000e+00    1.20000000e+00    5.08734250e-05    1.26673183e-04
   3.15368076e-08    0.00000000e+00    1.20000000e+00    5.14372058e-05    1.16515821e-04
   3.15389584e-08    0.00000000e+00    1.20000000e+00    5.11257060e-05    1.04441436e-04
   3.15411092e-08    0.00000000e+00    1.20000000e+00    5.00330419e-05    9.09832939e-05
   3.15432600e-08    0.00000000e+00    1.20000000e+00    4.82743049e-05    7.66584959e-05
   3.15454108e-08    0.00000000e+00    1.20000000e+00    4.59737260e-05    6.19421395e-05
   3.15475615e-08    0.00000000e+00    1.20000000e+00    4.32554806e-05    4.72510487e-05
   3.15497123e-08    0.00000000e+00    1.20000000e+00    4.02371395e-05    3.29355516e-05
   3.15518631e-08    0.00000000e+00    1.20000000e+00    3.70254424e-05    1.92774560e-05
   3.15561647e-08    0.00000000e+00    1.20000000e+00    3.04116478e-05   -5.22368344e-06
   3.15604662e-08    0.00000000e+00    1.20000000e+00    2.39405982e-05   -2.53332802e-05
   3.15647678e-08    0.00000000e+00    1.20000000e+00    1.79913449e-05   -4.07119060e-05
   3.15690693e-08    0.00000000e+00    1.20000000e+00    1.27724072e-05   -5.15327994e-05
   3.15733709e-08    0.00000000e+00    1.20000000e+00    8.36458632e-06   -5.82796771e-05
   3.15776725e-08    0.00000000e+00    1.20000000e+00    4.76199042e-06   -6.15890419e-05
   3.15819740e-08    0.00000000e+00    1.20000000e+00    1.90570368e-06   -6.21394322e-05
   3.15862756e-08    0.00000000e+00    1.20000000e+00   -2.91107369e-07   -6.05808677e-05
   3.15948787e-08    0.00000000e+00    1.20000000e+00   -3.13752091e-06   -5.35558418e-05
   3.16034818e-08    0.00000000e+00    1.20000000e+00   -4.44950086e-06   -4.37809348e-05
   3.16120849e-08    0.00000000e+00    1.20000000e+00   -4.81550475e-06   -3.35999201e-05
   3.16206881e-08    0.00000000e+00    1.20000000e+00   -4.65537749e-06   -2.43023252e-05
   3.16292912e-08    0.00000000e+00    1.20000000e+00   -4.23981392e-06   -1.64562393e-05
   3.16378943e-08    0.00000000e+00    1.20000000e+00   -3.72975462e-06   -1.01819625e-05
   3.16464974e-08    0.00000000e+00    1.20000000e+00   -3.21334608e-06   -5.35339839e-06
   3.16551005e-08    0.00000000e+00    1.20000000e+00   -2.73391700e-06   -1.75404936e-06
   3.16637037e-08    0.00000000e+00    1.20000000e+00   -2.30893505e-06    8.39994054e-07
   3.16723068e-08    0.00000000e+00    1.20000000e+00   -1.94194811e-06    2.63535332e-06
   3.16809099e-08    0.00000000e+00    1.20000000e+00   -1.62968333e-06    3.81388719e-06
   3.16895130e-08    0.00000000e+00    1.20000000e+00   -1.36604236e-06    4.52881712e-06
   3.16981161e-08    0.00000000e+00    1.20000000e+00   -1.14421359e-06    4.90402043e-06
   3.17067192e-08    0.00000000e+00    1.20000000e+00   -9.57695229e-07    5.03627406e-06
   3.17153224e-08    0.00000000e+00    1.20000000e+00   -8.00718769e-07    4.99908074e-06
   3.17239255e-08    0.00000000e+00    1.20000000e+00   -6.68361191e-07    4.84644546e-06
   3.17325286e-08    0.00000000e+00    1.20000000e+00   -5.56508981e-07    4.61643384e-06
   3.17411317e-08    0.00000000e+00    1.20000000e+00   -4.61762045e-07    4.33767583e-06
   3.17497348e-08    0.00000000e+00    1.20000000e+00   -3.81322300e-07    4.03305530e-06
   3.17574776e-08    0.00000000e+00    1.20000000e+00   -3.19272878e-07    3.75007517e-06
   3.17644120e-08    0.00000000e+00    1.20000000e+00   -2.70813246e-07    3.49661535e-06
   3.17706530e-08    0.00000000e+00    1.20000000e+00   -2.32200336e-07    3.27457103e-06
   3.17762698e-08    0.00000000e+00    1.20000000e+00   -2.01031896e-07    3.08527632e-06
   3.17818866e-08    0.00000000e+00    1.20000000e+00   -1.72892262e-07    2.90958887e-06
   3.17875035e-08    0.00000000e+00    1.20000000e+00   -1.47475337e-07    2.74895224e-06
   3.17931203e-08    0.00000000e+00    1.20000000e+00   -1.24508316e-07    2.60428827e-06
   3.17987372e-08    0.00000000e+00    1.20000000e+00   -1.03747632e-07    2.47741988e-06
   3.18043540e-08    0.00000000e+00    1.20000000e+00   -8.49754677e-08    2.37068898e-06
   3.18099709e-08    0.00000000e+00    1.20000000e+00   -6.79967307e-08    2.28171334e-06
   3.18150260e-08    0.00000000e+00    1.20000000e+00   -5.41063954e-08    2.20594411e-06
   3.18195757e-08    0.00000000e+00    1.20000000e+00   -4.26314780e-08    2.12866460e-06
   3.18241253e-08    0.00000000e+00    1.20000000e+00   -3.20477424e-08    2.03642253e-06
   3.18286750e-08    0.00000000e+00    1.20000000e+00   -2.22849399e-08    1.93134565e-06
   3.18332246e-08    0.00000000e+00    1.20000000e+00   -1.32785444e-08    1.82005796e-06
   3.18377742e-08    0.00000000e+00    1.20000000e+00   -4.96925334e-09    1.70961208e-06
   3.18423239e-08    0.00000000e+00    1.20000000e+00    2.69746160e-09    1.60515393e-06
   3.18468735e-08    0.00000000e+00    1.20000000e+00    9.77176126e-09    1.50943260e-06
   3.18514232e-08    0.00000000e+00    1.20000000e+00    1.62998066e-08    1.42324914e-06
   3.18559728e-08    0.00000000e+00    1.20000000e+00    2.23240933e-08    1.34613977e-06
   3.18605225e-08    0.00000000e+00    1.20000000e+00    2.78837545e-08    1.27697438e-06
   3.18696217e-08    0.00000000e+00    1.20000000e+00    3.77652833e-08    1.15650704e-06
   3.18878203e-08    0.00000000e+00    1.20000000e+00    5.34353672e-08    9.58594293e-07
   3.19060189e-08    0.00000000e+00    1.20000000e+00    6.47815808e-08    7.93196380e-07
   3.19242175e-08    0.00000000e+00    1.20000000e+00    7.29995743e-08    6.49799069e-07
   3.19424160e-08    0.00000000e+00    1.20000000e+00    7.89530318e-08    5.31109640e-07
   3.19606146e-08    0.00000000e+00    1.20000000e+00    8.32665889e-08    4.38272115e-07
   3.19788132e-08    0.00000000e+00    1.20000000e+00    8.63923244e-08    3.68130202e-07
   3.20152103e-08    0.00000000e+00    1.20000000e+00    9.03748212e-08    2.74559756e-07
   3.20516075e-08    0.00000000e+00    1.20000000e+00    9.24306929e-08    2.20287328e-07
   3.20880046e-08    0.00000000e+00    1.20000000e+00    9.34926130e-08    1.85715828e-07
   3.21244018e-08    0.00000000e+00    1.20000000e+00    9.40415601e-08    1.62423973e-07
   3.21971961e-08    0.00000000e+00    1.20000000e+00    9.44995088e-08    1.33759671e-07
   3.23427847e-08    0.00000000e+00    1.20000000e+00    9.46479926e-08    1.09228329e-07
   3.24883732e-08    0.00000000e+00    1.20000000e+00    9.46318918e-08    1.01256986e-07
   3.26339618e-08    0.00000000e+00    1.20000000e+00    9.46343945e-08    9.90099246e-08
   3.27795504e-08    0.00000000e+00    1.20000000e+00    9.46342300e-08    9.73032134e-08
   3.30707276e-08    0.00000000e+00    1.20000000e+00    9.46343082e-08    9.57060410e-08
   3.35457276e-08    0.00000000e+00    1.20000000e+00    9.46342846e-08    9.50963151e-08
   3.37500000e-08    2.66673153e-13    1.20000000e+00    9.46342952e-08    9.47099475e-08
   3.37502094e-08    7.50000000e-03    1.20000000e+00    7.87085388e-07    7.69638186e-07
   3.37504188e-08    1.50000000e-02    1.20000000e+00    1.45482159e-06    1.42036859e-06
   3.37506281e-08    2.25000000e-02    1.20000000e+00    2.11037096e-06    2.05917264e-06
   3.37510469e-08    3.75000000e-02    1.20000000e+00    3.34919711e-06    3.26607823e-06
   3.37518844e-08    6.75000000e-02    1.20000000e+00    5.55027843e-06    5.40967077e-06
   3.37535594e-08    1.27500000e-01    1.20000000e+00    8.95377597e-06    8.72297402e-06
   3.37569094e-08    2.47500000e-01    1.20000000e+00    1.26317542e-05    1.23045602e-05
   3.37602594e-08    3.67500000e-01    1.20000000e+00    1.34108491e-05    1.30677182e-05
   3.37636094e-08    4.87500000e-01    1.20000000e+00    1.26661713e-05    1.23460351e-05
   3.37646700e-08    5.25493388e-01    1.20000000e+00    1.22186895e-05    1.19094343e-05
   3.37667913e-08    6.01480163e-01    1.20000000e+00    1.11227974e-05    1.08377734e-05
   3.37674783e-08    6.26089198e-01    1.20000000e+00    1.06248387e-05    1.03498211e-05
   3.37688523e-08    6.75307269e-01    1.20000000e+00    9.39938397e-06    9.14871036e-06
   3.37716003e-08    7.73743412e-01    1.20000000e+00    4.92027048e-06    4.76246496e-06
   3.37720182e-08    7.88710486e-01    1.20000000e+00    3.88733978e-06    3.75155792e-06
   3.37724360e-08    8.03677560e-01    1.20000000e+00    2.77799173e-06    2.66575479e-06
   3.37732717e-08    8.33611709e-01    1.20000000e+00    1.68407525e-07    1.13177923e-07
   3.37741073e-08    8.63545858e-01    1.20000000e+00   -3.02773557e-06   -3.00917710e-06
   3.37749430e-08    8.93480006e-01    1.20000000e+00   -6.87064657e-06   -6.75508809e-06
   3.37757786e-08    9.23414155e-01    1.20000000e+00   -1.13543183e-05   -1.11131794e-05
   3.37766143e-08    9.53348304e-01    1.20000000e+00   -1.64062189e-05   -1.60121134e-05
   3.37774500e-08    9.83282452e-01    1.20000000e+00   -2.19506116e-05   -2.13811835e-05
   3.37782856e-08    1.01321660e+00    1.20000000e+00   -2.79422317e-05   -2.71788308e-05
   3.37791213e-08    1.04315075e+00    1.20000000e+00   -3.43557046e-05   -3.33815938e-05
   3.37799570e-08    1.07308490e+00    1.20000000e+00   -4.11704035e-05   -3.99700474e-05
   3.37807926e-08    1.10301905e+00    1.20000000e+00   -4.83627069e-05   -4.69217298e-05
   3.37816283e-08    1.13295320e+00    1.20000000e+00   -5.59030711e-05   -5.42084964e-05
   3.37824639e-08    1.16288734e+00    1.20000000e+00   -6.37551227e-05   -6.17957432e-05
   3.37832996e-08    1.19282149e+00    1.20000000e+00   -7.18754863e-05   -6.96423293e-05
   3.37835000e-08    1.20000000e+00    1.20000000e+00   -7.38584733e-05   -7.15585692e-05
   3.37835484e-08    1.20000000e+00    1.20000000e+00   -7.44365278e-05   -7.21178132e-05
   3.37835912e-08    1.20000000e+00    1.20000000e+00   -7.49449848e-05   -7.26096912e-05
   3.37836341e-08    1.20000000e+00    1.20000000e+00   -7.54514426e-05   -7.30996185e-05
   3.37837199e-08    1.20000000e+00    1.20000000e+00   -7.64519506e-05   -7.40673736e-05
   3.37838914e-08    1.20000000e+00    1.20000000e+00   -7.84037335e-05   -7.59548911e-05
   3.37842344e-08    1.20000000e+00    1.20000000e+00   -8.21136464e-05   -7.95412864e-05
   3.37849205e-08    1.20000000e+00    1.20000000e+00   -8.87863037e-05   -8.59872030e-05
   3.37862927e-08    1.20000000e+00    1.20000000e+00   -9.93734275e-05   -9.62022790e-05
   3.37890371e-08    1.20000000e+00    1.20000000e+00   -1.11359297e-04   -1.07776400e-04
   3.37917815e-08    1.20000000e+00    1.20000000e+00   -1.13696173e-04   -1.10508947e-04
   3.37945258e-08    1.20000000e+00    1.20000000e+00   -1.08962849e-04   -1.08540935e-04
   3.37969957e-08    1.20000000e+00    1.20000000e+00   -1.00426419e-04   -1.03733192e-04
   3.37992187e-08    1.20000000e+00    1.20000000e+00   -9.04620908e-05   -9.41387110e-05
   3.38014416e-08    1.20000000e+00    1.20000000e+00   -7.88884794e-05   -7.71392206e-05
   3.38036646e-08    1.20000000e+00    1.20000000e+00   -6.57847975e-05   -5.15167714e-05
   3.38058875e-08    1.20000000e+00    1.20000000e+00   -5.15415144e-05   -1.70949889e-05
   3.38081104e-08    1.20000000e+00    1.20000000e+00   -3.70149834e-05    2.50185496e-05
   3.38103334e-08    1.20000000e+00    1.20000000e+00   -2.27410967e-05    7.28836574e-05
   3.38123340e-08    1.20000000e+00    1.20000000e+00   -1.02682831e-05    1.19185903e-04
   3.38143346e-08    1.20000000e+00    1.20000000e+00    1.77117630e-06    1.66898169e-04
   3.38163353e-08    1.20000000e+00    1.20000000e+00    1.33050386e-05    2.14512088e-04
   3.38183359e-08    1.20000000e+00    1.20000000e+00    2.42514995e-05    2.60667566e-04
   3.38203366e-08    1.20000000e+00    1.20000000e+00    3.45170968e-05    3.04206038e-04
   3.38223372e-08    1.20000000e+00    1.20000000e+00    4.40001418e-05    3.44184468e-04
   3.38243379e-08    1.20000000e+00    1.20000000e+00    5.25980765e-05    3.79872273e-04
   3.38263385e-08    1.20000000e+00    1.20000000e+00    6.02169036e-05    4.10745477e-04
   3.38283391e-08    1.20000000e+00    1.20000000e+00    6.67805118e-05    4.36480883e-04
   3.38303398e-08    1.20000000e+00    1.20000000e+00    7.22380524e-05    4.56946768e-04
   3.38323404e-08    1.20000000e+00    1.20000000e+00    7.65684247e-05    4.72187022e-04
   3.38343411e-08    1.20000000e+00    1.20000000e+00    7.97821253e-05    4.82398378e-04
   3.38363417e-08    1.20000000e+00    1.20000000e+00    8.19222093e-05    4.87902500e-04
   3.38383423e-08    1.20000000e+00    1.20000000e+00    8.30685173e-05    4.89115531e-04
   3.38403430e-08    1.20000000e+00    1.20000000e+00    8.33538158e-05    4.86517682e-04
   3.38423436e-08    1.20000000e+00    1.20000000e+00    8.30044947e-05    4.80624824e-04
   3.38443443e-08    1.20000000e+00    1.20000000e+00    8.23952133e-05    4.71963128e-04
   3.38463449e-08    1.20000000e+00    1.20000000e+00    8.20105064e-05    4.61046728e-04
   3.38483456e-08    1.20000000e+00    1.20000000e+00    8.22192119e-05    4.48358331e-04
   3.38503462e-08    1.20000000e+00    1.20000000e+00    8.31173672e-05    4.34338670e-04
   3.38523468e-08    1.20000000e+00    1.20000000e+00    8.46210819e-05    4.19397796e-04
   3.38543475e-08    1.20000000e+00    1.20000000e+00    8.65731605e-05    4.03932113e-04
   3.38563481e-08    1.20000000e+00    1.20000000e+00    8.87494351e-05    3.88313385e-04
   3.38583488e-08    1.20000000e+00    1.20000000e+00    9.08373436e-05    3.72868704e-04
   3.38603494e-08    1.20000000e+00    1.20000000e+00    9.24407912e-05    3.57875478e-04
   3.38623501e-08    1.20000000e+00    1.20000000e+00    9.31106630e-05    3.43564957e-04
   3.38643507e-08    1.20000000e+00    1.20000000e+00    9.23916372e-05    3.30123045e-04
   3.38663513e-08    1.20000000e+00    1.20000000e+00    8.99017025e-05    3.17684688e-04
   3.38683520e-08    1.20000000e+00    1.20000000e+00    8.54275811e-05    3.06325144e-04
   3.38703526e-08    1.20000000e+00    1.20000000e+00    7.89669938e-05    2.96054533e-04
   3.38723533e-08    1.20000000e+00    1.20000000e+00    7.07048174e-05    2.86819346e-04
   3.38743539e-08    1.20000000e+00    1.20000000e+00    6.09601389e-05    2.78508894e-04
   3.38763545e-08    1.20000000e+00    1.20000000e+00    5.01297790e-05    2.70961503e-04
   3.38783552e-08    1.20000000e+00    1.20000000e+00    3.86383375e-05    2.63966528e-04
   3.38803558e-08    1.20000000e+00    1.20000000e+00    2.68988136e-05    2.57261467e-04
   3.38823565e-08    1.20000000e+00    1.20000000e+00    1.52849823e-05    2.50526327e-04
   3.38843571e-08    1.20000000e+00    1.20000000e+00    4.11475320e-06    2.43379394e-04
   3.38863578e-08    1.20000000e+00    1.20000000e+00   -6.35740096e-06    2.35379312e-04
   3.38883584e-08    1.20000000e+00    1.20000000e+00   -1.59412560e-05    2.26037353e-04
   3.38903590e-08    1.20000000e+00    1.20000000e+00   -2.45070763e-05    2.14839949e-04
   3.38923597e-08    1.20000000e+00    1.20000000e+00   -3.19790979e-05    2.01276049e-04
   3.38943603e-08    1.20000000e+00    1.20000000e+00   -3.83276352e-05    1.84859963e-04
   3.38963610e-08    1.20000000e+00    1.20000000e+00   -4.35607847e-05    1.65141282e-04
   3.38983616e-08    1.20000000e+00    1.20000000e+00   -4.77163720e-05    1.41699235e-04
   3.39003623e-08    1.20000000e+00    1.20000000e+00   -5.08545414e-05    1.14125370e-04
   3.39023629e-08    1.20000000e+00    1.20000000e+00   -5.30512019e-05    8.20017558e-05
   3.39043635e-08    1.20000000e+00    1.20000000e+00   -5.43924222e-05    4.48810679e-05
   3.39063642e-08    1.20000000e+00    1.20000000e+00   -5.49697765e-05    2.27200768e-06
   3.39103655e-08    1.20000000e+00    1.20000000e+00   -5.42486199e-05   -1.01856799e-04
   3.39143667e-08    1.20000000e+00    1.20000000e+00   -5.15521330e-05   -2.35140122e-04
   3.39183680e-08    1.20000000e+00    1.20000000e+00   -4.75204010e-05   -4.03496449e-04
   3.39223693e-08    1.20000000e+00    1.20000000e+00   -4.26939110e-05   -6.13701548e-04
   3.39263706e-08    1.20000000e+00    1.20000000e+00   -3.75030495e-05   -8.73477018e-04
   3.39303719e-08    1.20000000e+00    1.20000000e+00   -3.22724839e-05   -1.19177981e-03
   3.39343732e-08    1.20000000e+00    1.20000000e+00   -2.72334185e-05   -1.57931555e-03
   3.39383745e-08    1.20000000e+00    1.20000000e+00   -2.25391070e-05   -2.04884212e-03
   3.39423757e-08    1.20000000e+00    1.20000000e+00   -1.82807757e-05   -2.61110262e-03
   3.39463770e-08    1.20000000e+00    1.20000000e+00   -1.45023534e-05   -3.26756984e-03
   3.39503783e-08    1.20000000e+00    1.20000000e+00   -1.12132316e-05   -4.01277723e-03
   3.39543796e-08    1.20000000e+00    1.20000000e+00   -8.39880276e-06   -4.84414141e-03
   3.39583809e-08    1.20000000e+00    1.20000000e+00   -6.02882846e-06   -5.76560313e-03
   3.39623822e-08    1.20000000e+00    1.20000000e+00   -4.06385776e-06   -6.78743437e-03
   3.39663834e-08    1.20000000e+00    1.20000000e+00   -2.45998070e-06   -7.92683962e-03
   3.39703847e-08    1.20000000e+00    1.20000000e+00   -1.17221934e-06   -9.21039898e-03
   3.39743860e-08    1.20000000e+00    1.20000000e+00   -1.56838805e-07   -1.06799538e-02
   3.39783873e-08    1.20000000e+00    1.20000000e+00    6.27172352e-07   -1.24002845e-02
   3.39823886e-08    1.20000000e+00    1.20000000e+00    1.21724261e-06   -1.44186307e-02
   3.39863899e-08    1.20000000e+00    1.20000000e+00    1.64680820e-06   -1.66079534e-02
   3.39903911e-08    1.20000000e+00    1.20000000e+00    1.94521913e-06   -1.85903467e-02
   3.39943924e-08    1.20000000e+00    1.20000000e+00    2.13785647e-06   -1.98168240e-02
   3.39983937e-08    1.20000000e+00    1.20000000e+00    2.24638291e-06   -1.96096454e-02
   3.40023950e-08    1.20000000e+00    1.20000000e+00    2.28906906e-06   -1.71680482e-02
   3.40063963e-08    1.20000000e+00    1.20000000e+00    2.28115476e-06   -1.16317056e-02
   3.40103976e-08    1.20000000e+00    1.20000000e+00    2.23521712e-06   -2.31372121e-03
   3.40143989e-08    1.20000000e+00    1.20000000e+00    2.16152684e-06    1.11710417e-02
   3.40184001e-08    1.20000000e+00    1.20000000e+00    2.06838107e-06    2.90599409e-02
   3.40224014e-08    1.20000000e+00    1.20000000e+00    1.96240656e-06    5.14725240e-02
   3.40264027e-08    1.20000000e+00    1.20000000e+00    1.84883025e-06    7.83797326e-02
   3.40304040e-08    1.20000000e+00    1.20000000e+00    1.73171693e-06    1.09583098e-01
   3.40344053e-08    1.20000000e+00    1.20000000e+00    1.61417519e-06    1.44707330e-01
   3.40384066e-08    1.20000000e+00    1.20000000e+00    1.49853379e-06    1.83220620e-01
   3.40424078e-08    1.20000000e+00    1.20000000e+00    1.38649130e-06    2.24489790e-01
   3.40464091e-08    1.20000000e+00    1.20000000e+00    1.27924181e-06    2.67854829e-01
   3.40504104e-08    1.20000000e+00    1.20000000e+00    1.17757967e-06    3.12695227e-01
   3.40544117e-08    1.20000000e+00    1.20000000e+00    1.08198613e-06    3.58469885e-01
   3.40584130e-08    1.20000000e+00    1.20000000e+00    9.92700354e-07    4.04729467e-01
   3.40624143e-08    1.20000000e+00    1.20000000e+00    9.09777282e-07    4.51109969e-01
   3.40664155e-08    1.20000000e+00    1.20000000e+00    8.33134375e-07    4.97317218e-01
   3.40704168e-08    1.20000000e+00    1.20000000e+00    7.62589069e-07    5.43109011e-01
   3.40744181e-08    1.20000000e+00    1.20000000e+00    6.97888532e-07    5.88278452e-01
   3.40784194e-08    1.20000000e+00    1.20000000e+00    6.38733098e-07    6.32639980e-01
   3.40824207e-08    1.20000000e+00    1.20000000e+00    5.84794505e-07    6.76018504e-01
   3.40864220e-08    1.20000000e+00    1.20000000e+00    5.35729918e-07    7.18241703e-01
   3.40904233e-08    1.20000000e+00    1.20000000e+00    4.91192555e-07    7.59135469e-01
   3.40944245e-08    1.20000000e+00    1.20000000e+00    4.50839579e-07    7.98522529e-01
   3.40984258e-08    1.20000000e+00    1.20000000e+00    4.14337818e-07    8.36224338e-01
   3.41024271e-08    1.20000000e+00    1.20000000e+00    3.81367774e-07    8.72066153e-01
   3.41064284e-08    1.20000000e+00    1.20000000e+00    3.51626285e-07    9.05884874e-01
   3.41104297e-08    1.20000000e+00    1.20000000e+00    3.24828149e-07    9.37538766e-01
   3.41144310e-08    1.20000000e+00    1.20000000e+00    3.00706954e-07    9.66917587e-01
   3.41184322e-08    1.20000000e+00    1.20000000e+00    2.79015306e-07    9.93951401e-01
   3.41224335e-08    1.20000000e+00    1.20000000e+00    2.59524617e-07    1.01861635e+00
   3.41264348e-08    1.20000000e+00    1.20000000e+00    2.42024571e-07    1.04093630e+00
   3.41304361e-08    1.20000000e+00    1.20000000e+00    2.26322368e-07    1.06097995e+00
   3.41344374e-08    1.20000000e+00    1.20000000e+00    2.12241818e-07    1.07885435e+00
   3.41384387e-08    1.20000000e+00    1.20000000e+00    1.99622353e-07    1.09469586e+00
   3.41424399e-08    1.20000000e+00    1.20000000e+00    1.88317984e-07    1.10866033e+00
   3.41464412e-08    1.20000000e+00    1.20000000e+00    1.78196259e-07    1.12091377e+00
   3.41504425e-08    1.20000000e+00    1.20000000e+00    1.69137220e-07    1.13162440e+00
   3.41544438e-08    1.20000000e+00    1.20000000e+00    1.61032403e-07    1.14095645e+00
   3.41584451e-08    1.20000000e+00    1.20000000e+00    1.53783873e-07    1.14906588e+00
   3.41624464e-08    1.20000000e+00    1.20000000e+00    1.47303313e-07    1.15609760e+00
   3.41664477e-08    1.20000000e+00    1.20000000e+00    1.41511165e-07    1.16218407e+00
   3.41704489e-08    1.20000000e+00    1.20000000e+00    1.36335834e-07    1.16744473e+00
   3.41744502e-08    1.20000000e+00    1.20000000e+00    1.31712945e-07    1.17198631e+00
   3.41784515e-08    1.20000000e+00    1.20000000e+00    1.27584659e-07    1.17590331e+00
   3.41824528e-08    1.20000000e+00    1.20000000e+00    1.23899045e-07    1.17927900e+00
   3.41864541e-08    1.20000000e+00    1.20000000e+00    1.20609505e-07    1.18218630e+00
   3.41944566e-08    1.20000000e+00    1.20000000e+00    1.15039864e-07    1.18686439e+00
   3.42024592e-08    1.20000000e+00    1.20000000e+00    1.10613082e-07    1.19031973e+00
   3.42104618e-08    1.20000000e+00    1.20000000e+00    1.07098703e-07    1.19286892e+00
   3.42184643e-08    1.20000000e+00    1.20000000e+00    1.04312157e-07    1.19474806e+00
   3.42344695e-08    1.20000000e+00    1.20000000e+00    1.00318797e-07    1.19719434e+00
   3.42500003e-08    1.20000000e+00    1.20000000e+00    9.79067746e-08    1.19847099e+00
   3.42502004e-08    1.20000000e+00    1.19711907e+00    9.78830182e-08    1.19848249e+00
   3.42506005e-08    1.20000000e+00    1.19135722e+00    9.78360710e-08    1.19850516e+00
   3.42514007e-08    1.20000000e+00    1.17983352e+00    9.77432952e-08    1.19854980e+00
   3.42530013e-08    1.20000000e+00    1.15678611e+00    9.75643043e-08    1.19863515e+00
   3.42562023e-08    1.20000000e+00    1.11069130e+00    9.72311261e-08    1.19879119e+00
   3.42626043e-08    1.20000000e+00    1.01850168e+00    9.66535433e-08    1.19905255e+00
   3.42754085e-08    1.20000000e+00    8.34122428e-01    9.57843447e-08    1.19942192e+00
   3.42882126e-08    1.20000000e+00    6.49743178e-01    9.52070327e-08    1.19964680e+00
   3.43010167e-08    1.20000000e+00    4.65363929e-01    9.48298612e-08    1.19978382e+00
   3.43026346e-08    1.20000000e+00    4.42065065e-01    9.47944828e-08    1.19979618e+00
   3.43042526e-08    1.20000000e+00    4.18766200e-01    9.47600849e-08    1.19980818e+00
   3.43074886e-08    1.20000000e+00    3.72168470e-01    9.46969028e-08    1.19983009e+00
   3.43107245e-08    1.20000000e+00    3.25570741e-01    9.46406859e-08    1.19984948e+00
   3.43139605e-08    1.20000000e+00    2.78973012e-01    9.45907884e-08    1.19986662e+00
   3.43171964e-08    1.20000000e+00    2.32375282e-01    9.45466217e-08    1.19988179e+00
   3.43204324e-08    1.20000000e+00    1.85777553e-01    9.45076489e-08    1.19989521e+00
   3.43236683e-08    1.20000000e+00    1.39179823e-01    9.44733813e-08    1.19990708e+00
   3.43269043e-08    1.20000000e+00    9.25820939e-02    9.44433732e-08    1.19991758e+00
   3.43301402e-08    1.20000000e+00    4.59843645e-02    9.44172189e-08    1.19992687e+00
   3.43333336e-08    1.20000000e+00    5.68434189e-14    9.43948268e-08    1.19993498e+00
   3.43336572e-08    1.20000000e+00    0.00000000e+00    9.43927521e-08    1.19993575e+00
   3.43339058e-08    1.20000000e+00    0.00000000e+00    9.43911765e-08    1.19993634e+00
   3.43344031e-08    1.20000000e+00    0.00000000e+00    9.43880612e-08    1.19993750e+00
   3.43353975e-08    1.20000000e+00    0.00000000e+00    9.43820446e-08    1.19993975e+00
   3.43373865e-08    1.20000000e+00    0.00000000e+00    9.43708331e-08    1.19994399e+00
   3.43413645e-08    1.20000000e+00    0.00000000e+00    9.43514540e-08    1.19995152e+00
   3.43493204e-08    1.20000000e+00    0.00000000e+00    9.43231400e-08    1.19996359e+00
   3.43652322e-08    1.20000000e+00    0.00000000e+00    9.42973887e-08    1.19997949e+00
   3.43811440e-08    1.20000000e+00    0.00000000e+00    9.42995197e-08    1.19998831e+00
   3.43970558e-08    1.20000000e+00    0.00000000e+00    9.43169257e-08    1.19999323e+00
   3.44129675e-08    1.20000000e+00    0.00000000e+00    9.43419147e-08    1.19999597e+00
   3.44288793e-08    1.20000000e+00    0.00000000e+00    9.43698770e-08    1.19999752e+00
   3.44447911e-08    1.20000000e+00    0.00000000e+00    9.43981247e-08    1.19999841e+00
   3.44591118e-08    1.20000000e+00    0.00000000e+00    9.44225461e-08    1.19999889e+00
   3.44720003e-08    1.20000000e+00    0.00000000e+00    9.44431914e-08    1.19999917e+00
   3.44836000e-08    1.20000000e+00    0.00000000e+00    9.44605058e-08    1.19999936e+00
   3.44951997e-08    1.20000000e+00    0.00000000e+00    9.44765574e-08    1.19999950e+00
   3.45067994e-08    1.20000000e+00    0.00000000e+00    9.44913455e-08    1.19999961e+00
   3.45183991e-08    1.20000000e+00    0.00000000e+00    9.45049039e-08    1.19999970e+00
   3.45299988e-08    1.20000000e+00    0.00000000e+00    9.45172890e-08    1.19999976e+00
   3.45415985e-08    1.20000000e+00    0.00000000e+00    9.45285696e-08    1.19999981e+00
   3.45531982e-08    1.20000000e+00    0.00000000e+00    9.45388211e-08    1.19999985e+00
   3.45647979e-08    1.20000000e+00    0.00000000e+00    9.45481203e-08    1.19999987e+00
   3.45763976e-08    1.20000000e+00    0.00000000e+00    9.45565442e-08    1.19999989e+00
   3.45879973e-08    1.20000000e+00    0.00000000e+00    9.45641667e-08    1.19999990e+00
   3.46111967e-08    1.20000000e+00    0.00000000e+00    9.45773118e-08    1.19999992e+00
   3.46575955e-08    1.20000000e+00    0.00000000e+00    9.45969087e-08    1.19999994e+00
   3.47503931e-08    1.20000000e+00    0.00000000e+00    9.46189055e-08    1.19999998e+00
   3.48339109e-08    1.20000000e+00    0.00000000e+00    9.46273145e-08    1.19999999e+00
   3.49174287e-08    1.20000000e+00    0.00000000e+00    9.46311277e-08    1.19999999e+00
   3.50009466e-08    1.20000000e+00    0.00000000e+00    9.46328590e-08    1.19999999e+00
   3.51679822e-08    1.20000000e+00    0.00000000e+00    9.46340935e-08    1.19999999e+00
   3.55020535e-08    1.20000000e+00    0.00000000e+00    9.46343388e-08    1.19999999e+00
   3.58361249e-08    1.20000000e+00    0.00000000e+00    9.46342889e-08    1.19999999e+00
   3.61250000e-08    1.20000000e+00    0.00000000e+00    9.46342983e-08    1.19999999e+00
   3.61252094e-08    1.19250000e+00    0.00000000e+00   -3.05721445e-07    1.19999927e+00
   3.61254187e-08    1.18500000e+00    0.00000000e+00   -6.85585803e-07    1.19999858e+00
   3.61256281e-08    1.17750000e+00    0.00000000e+00   -1.05542608e-06    1.19999790e+00
   3.61260469e-08    1.16250000e+00    0.00000000e+00   -1.73711609e-06    1.19999666e+00
   3.61268844e-08    1.13250000e+00    0.00000000e+00   -2.88922383e-06    1.19999455e+00
   3.61285594e-08    1.07250000e+00    0.00000000e+00   -4.49582077e-06    1.19999153e+00
   3.61319094e-08    9.52500000e-01    0.00000000e+00   -5.85658540e-06    1.19998865e+00
   3.61386094e-08    7.12500000e-01    0.00000000e+00   -6.08476229e-06    1.19998698e+00
   3.61446394e-08    4.96500000e-01    0.00000000e+00   -2.85496489e-06    1.19999177e+00
   3.61451811e-08    4.77096389e-01    0.00000000e+00   -2.08635883e-06    1.19999309e+00
   3.61457227e-08    4.57692779e-01    0.00000000e+00   -1.26548748e-06    1.19999450e+00
   3.61468061e-08    4.18885557e-01    0.00000000e+00    6.27376676e-07    1.19999781e+00
   3.61478895e-08    3.80078336e-01    0.00000000e+00    2.80405207e-06    1.20000165e+00
   3.61489728e-08    3.41271114e-01    0.00000000e+00    5.20282483e-06    1.20000595e+00
   3.61500562e-08    3.02463893e-01    0.00000000e+00    7.77356186e-06    1.20001061e+00
   3.61511396e-08    2.63656671e-01    0.00000000e+00    1.04737755e-05    1.20001559e+00
   3.61522230e-08    2.24849450e-01    0.00000000e+00    1.32645483e-05    1.20002081e+00
   3.61533063e-08    1.86042228e-01    0.00000000e+00    1.61091439e-05    1.20002622e+00
   3.61543897e-08    1.47235007e-01    0.00000000e+00    1.89729057e-05    1.20003177e+00
   3.61554731e-08    1.08427785e-01    0.00000000e+00    2.18234996e-05    1.20003740e+00
   3.61565564e-08    6.96205638e-02    0.00000000e+00    2.46311488e-05    1.20004306e+00
   3.61576398e-08    3.08133424e-02    0.00000000e+00    2.73687675e-05    1.20004872e+00
   3.61585000e-08    4.68514116e-14    0.00000000e+00    2.94768122e-05    1.20005317e+00
   3.61586083e-08    0.00000000e+00    0.00000000e+00    3.00240155e-05    1.20005425e+00
   3.61586859e-08    0.00000000e+00    0.00000000e+00    3.04088138e-05    1.20005501e+00
   3.61587634e-08    0.00000000e+00    0.00000000e+00    3.07901622e-05    1.20005576e+00
   3.61589186e-08    0.00000000e+00    0.00000000e+00    3.15323723e-05    1.20005724e+00
   3.61592288e-08    0.00000000e+00    0.00000000e+00    3.29365825e-05    1.20006005e+00
   3.61598492e-08    0.00000000e+00    0.00000000e+00    3.54378015e-05    1.20006513e+00
   3.61610900e-08    0.00000000e+00    0.00000000e+00    3.93161298e-05    1.20007340e+00
   3.61635717e-08    0.00000000e+00    0.00000000e+00    4.33380781e-05    1.20008363e+00
   3.61660535e-08    0.00000000e+00    0.00000000e+00    4.34610358e-05    1.20008733e+00
   3.61685352e-08    0.00000000e+00    0.00000000e+00    4.09129495e-05    1.20008651e+00
   3.61734986e-08    0.00000000e+00    0.00000000e+00    3.16543842e-05    1.20007731e+00
   3.61784620e-08    0.00000000e+00    0.00000000e+00    2.02252187e-05    1.20006318e+00
   3.61834254e-08    0.00000000e+00    0.00000000e+00    9.42646013e-06    1.20004845e+00
   3.61883888e-08    0.00000000e+00    0.00000000e+00    4.15200823e-07    1.20003507e+00
   3.61933522e-08    0.00000000e+00    0.00000000e+00   -6.59272709e-06    1.20002317e+00
   3.61983156e-08    0.00000000e+00    0.00000000e+00   -1.17636675e-05    1.20001145e+00
   3.62032790e-08    0.00000000e+00    0.00000000e+00   -1.65164242e-05    1.19999803e+00
   3.62077461e-08    0.00000000e+00    0.00000000e+00   -2.19686897e-05    1.19998320e+00
   3.62117665e-08    0.00000000e+00    0.00000000e+00   -2.81746106e-05    1.19996700e+00
   3.62153557e-08    0.00000000e+00    0.00000000e+00   -3.46198394e-05    1.19995010e+00
   3.62185079e-08    0.00000000e+00    0.00000000e+00   -4.07860022e-05    1.19993339e+00
   3.62213304e-08    0.00000000e+00    0.00000000e+00   -4.63784954e-05    1.19991697e+00
   3.62238707e-08    0.00000000e+00    0.00000000e+00   -5.10924956e-05    1.19990141e+00
   3.62264109e-08    0.00000000e+00    0.00000000e+00   -5.51687372e-05    1.19988628e+00
   3.62289512e-08    0.00000000e+00    0.00000000e+00   -5.83550391e-05    1.19987293e+00
   3.62314914e-08    0.00000000e+00    0.00000000e+00   -6.04743493e-05    1.19986229e+00
   3.62340317e-08    0.00000000e+00    0.00000000e+00   -6.14239214e-05    1.19985473e+00
   3.62365720e-08    0.00000000e+00    0.00000000e+00   -6.11670122e-05    1.19985027e+00
   3.62391122e-08    0.00000000e+00    0.00000000e+00   -5.97090856e-05    1.19984873e+00
   3.62416525e-08    0.00000000e+00    0.00000000e+00   -5.70326670e-05    1.19984974e+00
   3.62441927e-08    0.00000000e+00    0.00000000e+00   -5.30664046e-05    1.19985270e+00
   3.62467330e-08    0.00000000e+00    0.00000000e+00   -4.79203619e-05    1.19985637e+00
   3.62492732e-08    0.00000000e+00    0.00000000e+00   -4.18556518e-05    1.19985923e+00
   3.62518135e-08    0.00000000e+00    0.00000000e+00   -3.48099649e-05    1.19986151e+00
   3.62543537e-08    0.00000000e+00    0.00000000e+00   -2.62318694e-05    1.19986469e+00
   3.62568940e-08    0.00000000e+00    0.00000000e+00   -1.60686341e-05    1.19986978e+00
   3.62594342e-08    0.00000000e+00    0.00000000e+00   -6.02577774e-06    1.19987716e+00
   3.62619745e-08    0.00000000e+00    0.00000000e+00    2.72694133e-06    1.19988694e+00
   3.62645148e-08    0.00000000e+00    0.00000000e+00    1.03728142e-05    1.19989906e+00
   3.62670550e-08    0.00000000e+00    0.00000000e+00    1.73817760e-05    1.19991339e+00
   3.62695953e-08    0.00000000e+00    0.00000000e+00    2.40630946e-05    1.19992973e+00
   3.62718815e-08    0.00000000e+00    0.00000000e+00    2.98545132e-05    1.19994586e+00
   3.62739391e-08    0.00000000e+00    0.00000000e+00    3.48017429e-05    1.19996122e+00
   3.62759967e-08    0.00000000e+00    0.00000000e+00    3.93467223e-05    1.19997701e+00
   3.62780543e-08    0.00000000e+00    0.00000000e+00    4.33265048e-05    1.19999281e+00
   3.62801119e-08    0.00000000e+00    0.00000000e+00    4.65965335e-05    1.20000819e+00
   3.62821695e-08    0.00000000e+00    0.00000000e+00    4.90543884e-05    1.20002277e+00
   3.62842271e-08    0.00000000e+00    0.00000000e+00    5.06497720e-05    1.20003621e+00
   3.62862847e-08    0.00000000e+00    0.00000000e+00    5.13834060e-05    1.20004827e+00
   3.62883423e-08    0.00000000e+00    0.00000000e+00    5.12990498e-05    1.20005880e+00
   3.62903999e-08    0.00000000e+00    0.00000000e+00    5.04724881e-05    1.20006773e+00
   3.62924576e-08    0.00000000e+00    0.00000000e+00    4.90002077e-05    1.20007507e+00
   3.62945152e-08    0.00000000e+00    0.00000000e+00    4.69893257e-05    1.20008089e+00
   3.62965728e-08    0.00000000e+00    0.00000000e+00    4.45494615e-05    1.20008527e+00
   3.62986304e-08    0.00000000e+00    0.00000000e+00    4.17866848e-05    1.20008835e+00
   3.63027456e-08    0.00000000e+00    0.00000000e+00    3.57111132e-05    1.20009122e+00
   3.63068608e-08    0.00000000e+00    0.00000000e+00    2.93615554e-05    1.20009057e+00
   3.63109760e-08    0.00000000e+00    0.00000000e+00    2.32148447e-05    1.20008740e+00
   3.63150912e-08    0.00000000e+00    0.00000000e+00    1.75795396e-05    1.20008260e+00
   3.63192064e-08    0.00000000e+00    0.00000000e+00    1.26246354e-05    1.20007684e+00
   3.63274369e-08    0.00000000e+00    0.00000000e+00    4.91328164e-06    1.20006440e+00
   3.63356673e-08    0.00000000e+00    0.00000000e+00   -9.78381194e-08    1.20005227e+00
   3.63438977e-08    0.00000000e+00    0.00000000e+00   -2.97593393e-06    1.20004155e+00
   3.63521281e-08    0.00000000e+00    0.00000000e+00   -4.37072964e-06    1.20003254e+00
   3.63685890e-08    0.00000000e+00    0.00000000e+00   -4.85524280e-06    1.20001906e+00
   3.63850498e-08    0.00000000e+00    0.00000000e+00   -3.98028753e-06    1.20001039e+00
   3.64015107e-08    0.00000000e+00    0.00000000e+00   -2.94946849e-06    1.20000498e+00
   3.64179715e-08    0.00000000e+00    0.00000000e+00   -2.11238259e-06    1.20000164e+00
   3.64344324e-08    0.00000000e+00    0.00000000e+00   -1.49998908e-06    1.19999962e+00
   3.64492471e-08    0.00000000e+00    0.00000000e+00   -1.10209472e-06    1.19999851e+00
   3.64625804e-08    0.00000000e+00    0.00000000e+00   -8.34884024e-07    1.19999791e+00
   3.64745546e-08    0.00000000e+00    0.00000000e+00   -6.49220120e-07    1.19999758e+00
   3.64853314e-08    0.00000000e+00    0.00000000e+00   -5.15711179e-07    1.19999742e+00
   3.64961082e-08    0.00000000e+00    0.00000000e+00   -4.07120471e-07    1.19999734e+00
   3.65068850e-08    0.00000000e+00    0.00000000e+00   -3.18469287e-07    1.19999733e+00
   3.65176617e-08    0.00000000e+00    0.00000000e+00   -2.45876227e-07    1.19999737e+00
   3.65284385e-08    0.00000000e+00    0.00000000e+00   -1.86288723e-07    1.19999744e+00
   3.65392153e-08    0.00000000e+00    0.00000000e+00   -1.37284555e-07    1.19999753e+00
   3.65499921e-08    0.00000000e+00    0.00000000e+00   -9.69257499e-08    1.19999764e+00
   3.65607689e-08    0.00000000e+00    0.00000000e+00   -6.36506224e-08    1.19999776e+00
   3.65693970e-08    0.00000000e+00    0.00000000e+00   -4.12787151e-08    1.19999787e+00
   3.65764497e-08    0.00000000e+00    0.00000000e+00   -2.53844033e-08    1.19999796e+00
   3.65827971e-08    0.00000000e+00    0.00000000e+00   -1.26855155e-08    1.19999805e+00
   3.65885098e-08    0.00000000e+00    0.00000000e+00   -2.41606209e-09    1.19999812e+00
   3.65942225e-08    0.00000000e+00    0.00000000e+00    6.86729205e-09    1.19999820e+00
   3.65999352e-08    0.00000000e+00    0.00000000e+00    1.52599352e-08    1.19999828e+00
   3.66056479e-08    0.00000000e+00    0.00000000e+00    2.28478738e-08    1.19999836e+00
   3.66113605e-08    0.00000000e+00    0.00000000e+00    2.97086897e-08    1.19999843e+00
   3.66170732e-08    0.00000000e+00    0.00000000e+00    3.59123927e-08    1.19999846e+00
   3.66227859e-08    0.00000000e+00    0.00000000e+00    4.15221798e-08    1.19999845e+00
   3.66284986e-08    0.00000000e+00    0.00000000e+00    4.65951137e-08    1.19999841e+00
   3.66342113e-08    0.00000000e+00    0.00000000e+00    5.11827317e-08    1.19999835e+00
   3.66393527e-08    0.00000000e+00    0.00000000e+00    5.49346414e-08    1.19999829e+00
   3.66444941e-08    0.00000000e+00    0.00000000e+00    5.83621258e-08    1.19999825e+00
   3.66496355e-08    0.00000000e+00    0.00000000e+00    6.14932987e-08    1.19999823e+00
   3.66547769e-08    0.00000000e+00    0.00000000e+00    6.43538268e-08    1.19999824e+00
   3.66599183e-08    0.00000000e+00    0.00000000e+00    6.69671441e-08    1.19999827e+00
   3.66650597e-08    0.00000000e+00    0.00000000e+00    6.93546490e-08    1.19999833e+00
   3.66702012e-08    0.00000000e+00    0.00000000e+00    7.15358816e-08    1.19999840e+00
   3.66753426e-08    0.00000000e+00    0.00000000e+00    7.35286873e-08    1.19999847e+00
   3.66804840e-08    0.00000000e+00    0.00000000e+00    7.53493630e-08    1.19999855e+00
   3.66907668e-08    0.00000000e+00    0.00000000e+00    7.85385260e-08    1.19999870e+00
   3.67113325e-08    0.00000000e+00    0.00000000e+00    8.34541019e-08    1.19999896e+00
   3.67318981e-08    0.00000000e+00    0.00000000e+00    8.68669412e-08    1.19999914e+00
   3.67524638e-08    0.00000000e+00    0.00000000e+00    8.92367613e-08    1.19999927e+00
   3.67730294e-08    0.00000000e+00    0.00000000e+00    9.08825467e-08    1.19999937e+00
   3.67935951e-08    0.00000000e+00    0.00000000e+00    9.20256733e-08    1.19999945e+00
   3.68141607e-08    0.00000000e+00    0.00000000e+00    9.28197977e-08    1.19999951e+00
   3.68347264e-08    0.00000000e+00    0.00000000e+00    9.33715818e-08    1.19999957e+00
   3.68758577e-08    0.00000000e+00    0.00000000e+00    9.40371532e-08    1.19999967e+00
   3.69169890e-08    0.00000000e+00    0.00000000e+00    9.43508109e-08    1.19999974e+00
   3.69581203e-08    0.00000000e+00    0.00000000e+00    9.44989372e-08    1.19999980e+00
   3.69992516e-08    0.00000000e+00    0.00000000e+00    9.45691126e-08    1.19999984e+00
   3.70815142e-08    0.00000000e+00    0.00000000e+00    9.46221442e-08    1.19999990e+00
   3.72460394e-08    0.00000000e+00    0.00000000e+00    9.46355690e-08    1.19999996e+00
   3.74105646e-08    0.00000000e+00    0.00000000e+00    9.46338692e-08    1.19999998e+00
   3.75750898e-08    0.00000000e+00    0.00000000e+00    9.46343305e-08    1.19999999e+00
   3.77396150e-08    0.00000000e+00    0.00000000e+00    9.46342782e-08    1.19999999e+00
   3.80686654e-08    0.00000000e+00    0.00000000e+00    9.46342988e-08    1.19999999e+00
   3.85000000e-08    0.00000000e+00    0.00000000e+00    9.46342898e-08    1.19999999e+00
   3.85002094e-08    7.50000000e-03    0.00000000e+00    7.87086462e-07    1.20000062e+00
   3.85004187e-08    1.50000000e-02    0.00000000e+00    1.45482363e-06    1.20000121e+00
   3.85006281e-08    2.25000000e-02    0.00000000e+00    2.11037393e-06    1.20000179e+00
   3.85010469e-08    3.75000000e-02    0.00000000e+00    3.34920164e-06    1.20000286e+00
   3.85018844e-08    6.75000000e-02    0.00000000e+00    5.55028509e-06    1.20000469e+00
   3.85035594e-08    1.27500000e-01    0.00000000e+00    8.95378404e-06    1.20000731e+00
   3.85069094e-08    2.47500000e-01    0.00000000e+00    1.26317594e-05    1.20000966e+00
   3.85102594e-08    3.67500000e-01    0.00000000e+00    1.34108494e-05    1.20000970e+00
   3.85136094e-08    4.87500000e-01    0.00000000e+00    1.26661682e-05    1.20000878e+00
   3.85146629e-08    5.25236722e-01    0.00000000e+00    1.22221561e-05    1.20000839e+00
   3.85167698e-08    6.00710165e-01    0.00000000e+00    1.11369555e-05    1.20000747e+00
   3.85174578e-08    6.25353913e-01    0.00000000e+00    1.06407243e-05    1.20000707e+00
   3.85188337e-08    6.74641410e-01    0.00000000e+00    9.41974019e-06    1.20000609e+00
   3.85215856e-08    7.73216405e-01    0.00000000e+00    4.95361822e-06    1.20000253e+00
   3.85220017e-08    7.88121678e-01    0.00000000e+00    3.92925494e-06    1.20000172e+00
   3.85224178e-08    8.03026951e-01    0.00000000e+00    2.82940862e-06    1.20000085e+00
   3.85232500e-08    8.32837497e-01    0.00000000e+00    2.43450244e-07    1.19999880e+00
   3.85240823e-08    8.62648042e-01    0.00000000e+00   -2.92224369e-06    1.19999631e+00
   3.85249145e-08    8.92458588e-01    0.00000000e+00   -6.72838060e-06    1.19999333e+00
   3.85257467e-08    9.22269134e-01    0.00000000e+00   -1.11715952e-05    1.19998987e+00
   3.85265789e-08    9.52079680e-01    0.00000000e+00   -1.61815843e-05    1.19998601e+00
   3.85274111e-08    9.81890226e-01    0.00000000e+00   -2.16825711e-05    1.19998180e+00
   3.85282433e-08    1.01170077e+00    0.00000000e+00   -2.76285924e-05    1.19997730e+00
   3.85290755e-08    1.04151132e+00    0.00000000e+00   -3.39940493e-05    1.19997251e+00
   3.85299077e-08    1.07132186e+00    0.00000000e+00   -4.07585795e-05    1.19996743e+00
   3.85307399e-08    1.10113241e+00    0.00000000e+00   -4.78991303e-05    1.19996207e+00
   3.85315722e-08    1.13094295e+00    0.00000000e+00   -5.53869168e-05    1.19995644e+00
   3.85324044e-08    1.16075350e+00    0.00000000e+00   -6.31864632e-05    1.19995055e+00
   3.85332366e-08    1.19056405e+00    0.00000000e+00   -7.12554069e-05    1.19994443e+00
   3.85335000e-08    1.20000000e+00    0.00000000e+00   -7.38593557e-05    1.19994245e+00
   3.85335467e-08    1.20000000e+00    0.00000000e+00   -7.44177932e-05    1.19994201e+00
   3.85335879e-08    1.20000000e+00    0.00000000e+00   -7.49063706e-05    1.19994162e+00
   3.85336291e-08    1.20000000e+00    0.00000000e+00   -7.53931041e-05    1.19994124e+00
   3.85337114e-08    1.20000000e+00    0.00000000e+00   -7.63551241e-05    1.19994048e+00
   3.85338761e-08    1.20000000e+00    0.00000000e+00   -7.82337288e-05    1.19993902e+00
   3.85342055e-08    1.20000000e+00    0.00000000e+00   -8.18120935e-05    1.19993625e+00
   3.85348644e-08    1.20000000e+00    0.00000000e+00   -8.82776692e-05    1.19993132e+00
   3.85361821e-08    1.20000000e+00    0.00000000e+00   -9.86478172e-05    1.19992364e+00
   3.85388174e-08    1.20000000e+00    0.00000000e+00   -1.10782806e-04    1.19991492e+00
   3.85414528e-08    1.20000000e+00    0.00000000e+00   -1.13798612e-04    1.19991148e+00
   3.85440882e-08    1.20000000e+00    0.00000000e+00   -1.10062020e-04    1.19990631e+00
   3.85464600e-08    1.20000000e+00    0.00000000e+00   -1.02495834e-04    1.19989764e+00
   3.85485947e-08    1.20000000e+00    0.00000000e+00   -9.33915411e-05    1.19988843e+00
   3.85507293e-08    1.20000000e+00    0.00000000e+00   -8.27315985e-05    1.19987813e+00
   3.85528640e-08    1.20000000e+00    0.00000000e+00   -7.06453872e-05    1.19986642e+00
   3.85549986e-08    1.20000000e+00    0.00000000e+00   -5.72981197e-05    1.19985323e+00
   3.85571333e-08    1.20000000e+00    0.00000000e+00   -4.33736392e-05    1.19983887e+00
   3.85592679e-08    1.20000000e+00    0.00000000e+00   -2.95234118e-05    1.19982395e+00
   3.85614026e-08    1.20000000e+00    0.00000000e+00   -1.60172292e-05    1.19980923e+00
   3.85635372e-08    1.20000000e+00    0.00000000e+00   -2.96605551e-06    1.19979546e+00
   3.85656719e-08    1.20000000e+00    0.00000000e+00    9.54365234e-06    1.19978327e+00
   3.85678065e-08    1.20000000e+00    0.00000000e+00    2.14174041e-05    1.19977317e+00
   3.85699412e-08    1.20000000e+00    0.00000000e+00    3.25457947e-05    1.19976550e+00
   3.85720758e-08    1.20000000e+00    0.00000000e+00    4.28071725e-05    1.19976045e+00
   3.85742104e-08    1.20000000e+00    0.00000000e+00    5.20766479e-05    1.19975800e+00
   3.85763451e-08    1.20000000e+00    0.00000000e+00    6.02387315e-05    1.19975799e+00
   3.85784797e-08    1.20000000e+00    0.00000000e+00    6.72002645e-05    1.19976012e+00
   3.85806144e-08    1.20000000e+00    0.00000000e+00    7.29006888e-05    1.19976401e+00
   3.85827490e-08    1.20000000e+00    0.00000000e+00    7.73181321e-05    1.19976918e+00
   3.85848837e-08    1.20000000e+00    0.00000000e+00    8.04717893e-05    1.19977517e+00
   3.85870183e-08    1.20000000e+00    0.00000000e+00    8.24236919e-05    1.19978151e+00
   3.85891530e-08    1.20000000e+00    0.00000000e+00    8.32874786e-05    1.19978777e+00
   3.85912876e-08    1.20000000e+00    0.00000000e+00    8.32598303e-05    1.19979363e+00
   3.85934223e-08    1.20000000e+00    0.00000000e+00    8.26892469e-05    1.19979883e+00
   3.85955569e-08    1.20000000e+00    0.00000000e+00    8.21165713e-05    1.19980329e+00
   3.85976916e-08    1.20000000e+00    0.00000000e+00    8.20844725e-05    1.19980704e+00
   3.85998262e-08    1.20000000e+00    0.00000000e+00    8.28295550e-05    1.19981021e+00
   3.86019609e-08    1.20000000e+00    0.00000000e+00    8.42976394e-05    1.19981300e+00
   3.86040955e-08    1.20000000e+00    0.00000000e+00    8.63134696e-05    1.19981552e+00
   3.86062302e-08    1.20000000e+00    0.00000000e+00    8.86194155e-05    1.19981767e+00
   3.86083648e-08    1.20000000e+00    0.00000000e+00    9.08472210e-05    1.19981904e+00
   3.86104995e-08    1.20000000e+00    0.00000000e+00    9.25200834e-05    1.19981888e+00
   3.86126341e-08    1.20000000e+00    0.00000000e+00    9.30931453e-05    1.19981608e+00
   3.86147688e-08    1.20000000e+00    0.00000000e+00    9.20200144e-05    1.19980937e+00
   3.86169034e-08    1.20000000e+00    0.00000000e+00    8.88669302e-05    1.19979741e+00
   3.86190381e-08    1.20000000e+00    0.00000000e+00    8.34352075e-05    1.19977904e+00
   3.86211727e-08    1.20000000e+00    0.00000000e+00    7.57957192e-05    1.19975344e+00
   3.86233074e-08    1.20000000e+00    0.00000000e+00    6.62400065e-05    1.19972030e+00
   3.86254420e-08    1.20000000e+00    0.00000000e+00    5.52035652e-05    1.19967995e+00
   3.86275767e-08    1.20000000e+00    0.00000000e+00    4.31910362e-05    1.19963352e+00
   3.86297113e-08    1.20000000e+00    0.00000000e+00    3.07142196e-05    1.19958304e+00
   3.86318460e-08    1.20000000e+00    0.00000000e+00    1.82468778e-05    1.19953142e+00
   3.86339806e-08    1.20000000e+00    0.00000000e+00    6.19636604e-06    1.19948247e+00
   3.86361153e-08    1.20000000e+00    0.00000000e+00   -5.11034418e-06    1.19944067e+00
   3.86382499e-08    1.20000000e+00    0.00000000e+00   -1.54297546e-05    1.19941090e+00
   3.86403846e-08    1.20000000e+00    0.00000000e+00   -2.45975603e-05    1.19939833e+00
   3.86425192e-08    1.20000000e+00    0.00000000e+00   -3.25199634e-05    1.19940819e+00
   3.86446539e-08    1.20000000e+00    0.00000000e+00   -3.91628226e-05    1.19944573e+00
   3.86467885e-08    1.20000000e+00    0.00000000e+00   -4.45401975e-05    1.19951616e+00
   3.86489232e-08    1.20000000e+00    0.00000000e+00   -4.87032955e-05    1.19962465e+00
   3.86510578e-08    1.20000000e+00    0.00000000e+00   -5.17304152e-05    1.19977633e+00
   3.86531925e-08    1.20000000e+00    0.00000000e+00   -5.37181931e-05    1.19997624e+00
   3.86553271e-08    1.20000000e+00    0.00000000e+00   -5.47742574e-05    1.20022933e+00
   3.86574618e-08    1.20000000e+00    0.00000000e+00   -5.50112671e-05    1.20054034e+00
   3.86595964e-08    1.20000000e+00    0.00000000e+00   -5.45422343e-05    1.20091362e+00
   3.86617311e-08    1.20000000e+00    0.00000000e+00   -5.34769876e-05    1.20135269e+00
   3.86638657e-08    1.20000000e+00    0.00000000e+00   -5.19196153e-05    1.20185968e+00
   3.86660004e-08    1.20000000e+00    0.00000000e+00   -4.99667278e-05    1.20243487e+00
   3.86681350e-08    1.20000000e+00    0.00000000e+00   -4.77063867e-05    1.20307700e+00
   3.86702697e-08    1.20000000e+00    0.00000000e+00   -4.52175634e-05    1.20378402e+00
   3.86724043e-08    1.20000000e+00    0.00000000e+00   -4.25700059e-05    1.20455365e+00
   3.86745390e-08    1.20000000e+00    0.00000000e+00   -3.98244131e-05    1.20538342e+00
   3.86766736e-08    1.20000000e+00    0.00000000e+00   -3.70328288e-05    1.20627065e+00
   3.86788083e-08    1.20000000e+00    0.00000000e+00   -3.42391877e-05    1.20721247e+00
   3.86809429e-08    1.20000000e+00    0.00000000e+00   -3.14799561e-05    1.20820585e+00
   3.86830776e-08    1.20000000e+00    0.00000000e+00   -2.87848240e-05    1.20924772e+00
   3.86852122e-08    1.20000000e+00    0.00000000e+00   -2.61774148e-05    1.21033507e+00
   3.86873469e-08    1.20000000e+00    0.00000000e+00   -2.36759879e-05    1.21146503e+00
   3.86894815e-08    1.20000000e+00    0.00000000e+00   -2.12941160e-05    1.21263499e+00
   3.86916162e-08    1.20000000e+00    0.00000000e+00   -1.90413235e-05    1.21384266e+00
   3.86937508e-08    1.20000000e+00    0.00000000e+00   -1.69236799e-05    1.21508622e+00
   3.86958855e-08    1.20000000e+00    0.00000000e+00   -1.49443425e-05    1.21636431e+00
   3.87001547e-08    1.20000000e+00    0.00000000e+00   -1.13998240e-05    1.21902199e+00
   3.87044240e-08    1.20000000e+00    0.00000000e+00   -8.39184245e-06    1.22181778e+00
   3.87086933e-08    1.20000000e+00    0.00000000e+00   -5.88568686e-06    1.22476216e+00
   3.87129626e-08    1.20000000e+00    0.00000000e+00   -3.83438456e-06    1.22786489e+00
   3.87172319e-08    1.20000000e+00    0.00000000e+00   -2.18524222e-06    1.23109403e+00
   3.87215012e-08    1.20000000e+00    0.00000000e+00   -8.84414648e-07    1.23428566e+00
   3.87257705e-08    1.20000000e+00    0.00000000e+00    1.20066245e-07    1.23706968e+00
   3.87300398e-08    1.20000000e+00    0.00000000e+00    8.76425026e-07    1.23881015e+00
   3.87343091e-08    1.20000000e+00    0.00000000e+00    1.42812594e-06    1.23850989e+00
   3.87385784e-08    1.20000000e+00    0.00000000e+00    1.81345536e-06    1.23473504e+00
   3.87428477e-08    1.20000000e+00    0.00000000e+00    2.06550955e-06    1.22557986e+00
   3.87471170e-08    1.20000000e+00    0.00000000e+00    2.21244197e-06    1.20885455e+00
   3.87509594e-08    1.20000000e+00    0.00000000e+00    2.27414581e-06    1.18620126e+00
   3.87544175e-08    1.20000000e+00    0.00000000e+00    2.28512450e-06    1.15939982e+00
   3.87578757e-08    1.20000000e+00    0.00000000e+00    2.26328200e-06    1.12653430e+00
   3.87613338e-08    1.20000000e+00    0.00000000e+00    2.21604552e-06    1.08785483e+00
   3.87647919e-08    1.20000000e+00    0.00000000e+00    2.14962906e-06    1.04382601e+00
   3.87682501e-08    1.20000000e+00    0.00000000e+00    2.06918950e-06    9.95069872e-01
   3.87717082e-08    1.20000000e+00    0.00000000e+00    1.97896981e-06    9.42301241e-01
   3.87751663e-08    1.20000000e+00    0.00000000e+00    1.88242864e-06    8.86271730e-01
   3.87786245e-08    1.20000000e+00    0.00000000e+00    1.78235622e-06    8.27728685e-01
   3.87820826e-08    1.20000000e+00    0.00000000e+00    1.68097689e-06    7.67390625e-01
   3.87855407e-08    1.20000000e+00    0.00000000e+00    1.58003912e-06    7.05937675e-01
   3.87889988e-08    1.20000000e+00    0.00000000e+00    1.48089385e-06    6.44014327e-01
   3.87924570e-08    1.20000000e+00    0.00000000e+00    1.38456217e-06    5.82241666e-01
   3.87959151e-08    1.20000000e+00    0.00000000e+00    1.29179349e-06    5.21236107e-01
   3.87993732e-08    1.20000000e+00    0.00000000e+00    1.20311513e-06    4.61630805e-01
   3.88028314e-08    1.20000000e+00    0.00000000e+00    1.11887442e-06    4.04093473e-01
   3.88062895e-08    1.20000000e+00    0.00000000e+00    1.03927423e-06    3.49330637e-01
   3.88097476e-08    1.20000000e+00    0.00000000e+00    9.64402702e-07    2.98065889e-01
   3.88132058e-08    1.20000000e+00    0.00000000e+00    8.94258165e-07    2.50983572e-01
   3.88166639e-08    1.20000000e+00    0.00000000e+00    8.28769675e-07    2.08643874e-01
   3.88201220e-08    1.20000000e+00    0.00000000e+00    7.67814013e-07    1.71395430e-01
   3.88235802e-08    1.20000000e+00    0.00000000e+00    7.11229579e-07    1.39321270e-01
   3.88270383e-08    1.20000000e+00    0.00000000e+00    6.58827690e-07    1.12241019e-01
   3.88304964e-08    1.20000000e+00    0.00000000e+00    6.10401689e-07    8.97646244e-02
   3.88339546e-08    1.20000000e+00    0.00000000e+00    5.65734225e-07    7.13720885e-02
   3.88374127e-08    1.20000000e+00    0.00000000e+00    5.24603010e-07    5.64915658e-02
   3.88408708e-08    1.20000000e+00    0.00000000e+00    4.86785309e-07    4.45591475e-02
   3.88443290e-08    1.20000000e+00    0.00000000e+00    4.52061394e-07    3.50561706e-02
   3.88477871e-08    1.20000000e+00    0.00000000e+00    4.20217142e-07    2.75274628e-02
   3.88512452e-08    1.20000000e+00    0.00000000e+00    3.91045941e-07    2.15863756e-02
   3.88547033e-08    1.20000000e+00    0.00000000e+00    3.64350033e-07    1.69119608e-02
   3.88581615e-08    1.20000000e+00    0.00000000e+00    3.39941402e-07    1.32421924e-02
   3.88616196e-08    1.20000000e+00    0.00000000e+00    3.17642309e-07    1.03657191e-02
   3.88650777e-08    1.20000000e+00    0.00000000e+00    2.97285539e-07    8.11357489e-03
   3.88685359e-08    1.20000000e+00    0.00000000e+00    2.78714436e-07    6.35156841e-03
   3.88754521e-08    1.20000000e+00    0.00000000e+00    2.46293551e-07    3.86696938e-03
   3.88823684e-08    1.20000000e+00    0.00000000e+00    2.19407993e-07    2.35978362e-03
   3.88892847e-08    1.20000000e+00    0.00000000e+00    1.97154151e-07    1.44476382e-03
   3.88962009e-08    1.20000000e+00    0.00000000e+00    1.78762950e-07    8.88218406e-04
   3.89031172e-08    1.20000000e+00    0.00000000e+00    1.63584232e-07    5.48815752e-04
   3.89169497e-08    1.20000000e+00    0.00000000e+00    1.40590390e-07    2.00563645e-04
   3.89446148e-08    1.20000000e+00    0.00000000e+00    1.13936454e-07    1.24700469e-05
   3.89722798e-08    1.20000000e+00    0.00000000e+00    1.02347395e-07    4.29627703e-06
   3.89999449e-08    1.20000000e+00    0.00000000e+00    9.74088603e-08    1.98397279e-06
   3.90000000e-08    1.20000000e+00    0.00000000e+00    9.74030552e-08    1.98149635e-06
   3.90000551e-08    1.20000000e+00    7.93751021e-04    9.73972645e-08    1.98030212e-06
   3.90001102e-08    1.20000000e+00    1.58750204e-03    9.73914835e-08    1.97909342e-06
   3.90002205e-08    1.20000000e+00    3.17500408e-03    9.73799409e-08    1.97664740e-06
   3.90004410e-08    1.20000000e+00    6.35000816e-03    9.73569714e-08    1.97158659e-06
   3.90008819e-08    1.20000000e+00    1.27000163e-02    9.73114908e-08    1.96082164e-06
   3.90017639e-08    1.20000000e+00    2.54000327e-02    9.72223357e-08    1.93696122e-06
   3.90035278e-08    1.20000000e+00    5.08000653e-02    9.70510251e-08    1.88167896e-06
   3.90070556e-08    1.20000000e+00    1.01600131e-01    9.67347142e-08    1.75226826e-06
   3.90141111e-08    1.20000000e+00    2.03200261e-01    9.61951891e-08    1.47586898e-06
   3.90282222e-08    1.20000000e+00    4.06400523e-01    9.54095843e-08    1.02411641e-06
   3.90423334e-08    1.20000000e+00    6.09600784e-01    9.49152544e-08    7.38767742e-07
   3.90440790e-08    1.20000000e+00    6.34737724e-01    9.48710759e-08    7.11611447e-07
   3.90475702e-08    1.20000000e+00    6.85011605e-01    9.47877898e-08    6.54217329e-07
   3.90545527e-08    1.20000000e+00    7.85559367e-01    9.46487679e-08    5.19121548e-07
   3.90607538e-08    1.20000000e+00    8.74855152e-01    9.45520047e-08    3.81339129e-07
   3.90660467e-08    1.20000000e+00    9.51072986e-01    9.44858738e-08    2.77978932e-07
   3.90708103e-08    1.20000000e+00    1.01966904e+00    9.44372978e-08    2.09062349e-07
   3.90755739e-08    1.20000000e+00    1.08826509e+00    9.43975920e-08    1.66533869e-07
   3.90803375e-08    1.20000000e+00    1.15686114e+00    9.43655313e-08    1.50335666e-07
   3.90833333e-08    1.20000000e+00    1.20000000e+00    9.43488289e-08    1.52441319e-07
   3.90835961e-08    1.20000000e+00    1.20000000e+00    9.43474900e-08    1.49997774e-07
   3.90838261e-08    1.20000000e+00    1.20000000e+00    9.43463317e-08    1.48700282e-07
   3.90842861e-08    1.20000000e+00    1.20000000e+00    9.43440425e-08    1.47673904e-07
   3.90852062e-08    1.20000000e+00    1.20000000e+00    9.43396243e-08    1.53822670e-07
   3.90870462e-08    1.20000000e+00    1.20000000e+00    9.43314056e-08    1.88962360e-07
   3.90888863e-08    1.20000000e+00    1.20000000e+00    9.43239750e-08    2.42196692e-07
   3.90907264e-08    1.20000000e+00    1.20000000e+00    9.43172873e-08    3.01568132e-07
   3.90944065e-08    1.20000000e+00    1.20000000e+00    9.43059495e-08    4.11168478e-07
   3.91017667e-08    1.20000000e+00    1.20000000e+00    9.42903154e-08    5.39658198e-07
   3.91164872e-08    1.20000000e+00    1.20000000e+00    9.42801112e-08    5.00192072e-07
   3.91297357e-08    1.20000000e+00    1.20000000e+00    9.42877866e-08    3.27200385e-07
   3.91429841e-08    1.20000000e+00    1.20000000e+00    9.43046186e-08    1.93705229e-07
   3.91562326e-08    1.20000000e+00    1.20000000e+00    9.43264528e-08    1.23558414e-07
   3.91694810e-08    1.20000000e+00    1.20000000e+00    9.43505777e-08    9.91116487e-08
   3.91827295e-08    1.20000000e+00    1.20000000e+00    9.43752567e-08    1.00873032e-07
   3.91941228e-08    1.20000000e+00    1.20000000e+00    9.43960965e-08    1.06740465e-07
   3.92041794e-08    1.20000000e+00    1.20000000e+00    9.44138186e-08    1.03052046e-07
   3.92132304e-08    1.20000000e+00    1.20000000e+00    9.44290683e-08    9.03681746e-08
   3.92222814e-08    1.20000000e+00    1.20000000e+00    9.44435712e-08    7.36841114e-08
   3.92313324e-08    1.20000000e+00    1.20000000e+00    9.44572863e-08    5.86345558e-08
   3.92403834e-08    1.20000000e+00    1.20000000e+00    9.44701977e-08    4.87742486e-08
   3.92494344e-08    1.20000000e+00    1.20000000e+00    9.44823080e-08    4.52373587e-08
   3.92584853e-08    1.20000000e+00    1.20000000e+00    9.44936331e-08    4.73672367e-08
   3.92675363e-08    1.20000000e+00    1.20000000e+00    9.45041983e-08    5.36035123e-08
   3.92765873e-08    1.20000000e+00    1.20000000e+00    9.45140349e-08    6.21791466e-08
   3.92856383e-08    1.20000000e+00    1.20000000e+00    9.45231778e-08    7.15400321e-08
   3.92946893e-08    1.20000000e+00    1.20000000e+00    9.45316647e-08    8.05308880e-08
   3.93127913e-08    1.20000000e+00    1.20000000e+00    9.45468408e-08    9.48566956e-08
   3.93489952e-08    1.20000000e+00    1.20000000e+00    9.45710758e-08    1.07702621e-07
   3.93851992e-08    1.20000000e+00    1.20000000e+00    9.45886951e-08    1.06538883e-07
   3.94214032e-08    1.20000000e+00    1.20000000e+00    9.46014374e-08    1.01819742e-07
   3.94576071e-08    1.20000000e+00    1.20000000e+00    9.46106297e-08    9.83655826e-08
   3.95300150e-08    1.20000000e+00    1.20000000e+00    9.46222531e-08    9.54955136e-08
   3.96024229e-08    1.20000000e+00    1.20000000e+00    9.46281700e-08    9.49995728e-08
   3.97472388e-08    1.20000000e+00    1.20000000e+00    9.46330027e-08    9.47806357e-08
   4.00368704e-08    1.20000000e+00    1.20000000e+00    9.46344660e-08    9.46670585e-08
   4.03265021e-08    1.20000000e+00    1.20000000e+00    9.46342742e-08    9.46465363e-08
   4.06161337e-08    1.20000000e+00    1.20000000e+00    9.46342985e-08    9.46439121e-08
   4.08750000e-08    1.20000000e+00    1.20000000e+00    9.46342961e-08    9.46391134e-08
   4.08752094e-08    1.19250000e+00    1.20000000e+00   -3.05722643e-07   -3.04408709e-07
   4.08754187e-08    1.18500000e+00    1.20000000e+00   -6.85588143e-07   -6.83052554e-07
   4.08756281e-08    1.17750000e+00    1.20000000e+00   -1.05542954e-06   -1.05171489e-06
   4.08760469e-08    1.16250000e+00    1.20000000e+00   -1.73712161e-06   -1.73129189e-06
   4.08768844e-08    1.13250000e+00    1.20000000e+00   -2.88923284e-06   -2.88003392e-06
   4.08785594e-08    1.07250000e+00    1.20000000e+00   -4.49583435e-06   -4.48257551e-06
   4.08819094e-08    9.52500000e-01    1.20000000e+00   -5.85660083e-06   -5.84139959e-06
   4.08886094e-08    7.12500000e-01    1.20000000e+00   -6.08477058e-06   -6.06966350e-06
   4.08946394e-08    4.96500000e-01    1.20000000e+00   -2.85495786e-06   -2.84599096e-06
   4.08951896e-08    4.76789660e-01    1.20000000e+00   -2.07296360e-06   -2.06599410e-06
   4.08957399e-08    4.57079321e-01    1.20000000e+00   -1.23709875e-06   -1.23234055e-06
   4.08968404e-08    4.17658641e-01    1.20000000e+00    6.92875948e-07    6.92111855e-07
   4.08979409e-08    3.78237962e-01    1.20000000e+00    2.91359701e-06    2.90600545e-06
   4.08990414e-08    3.38817283e-01    1.20000000e+00    5.36084571e-06    5.34539781e-06
   4.09001418e-08    2.99396603e-01    1.20000000e+00    7.98265018e-06    7.95855429e-06
   4.09012423e-08    2.59975924e-01    1.20000000e+00    1.07348287e-05    1.07014815e-05
   4.09023428e-08    2.20555245e-01    1.20000000e+00    1.35768104e-05    1.35337723e-05
   4.09034433e-08    1.81134565e-01    1.20000000e+00    1.64703049e-05    1.64172876e-05
   4.09045438e-08    1.41713886e-01    1.20000000e+00    1.93792585e-05    1.93161156e-05
   4.09056443e-08    1.02293207e-01    1.20000000e+00    2.22701250e-05    2.21968436e-05
   4.09067448e-08    6.28725275e-02    1.20000000e+00    2.51121077e-05    2.50287994e-05
   4.09078453e-08    2.34518482e-02    1.20000000e+00    2.78772864e-05    2.77841791e-05
   4.09085000e-08    7.63833441e-14    1.20000000e+00    2.94761613e-05    2.93773744e-05
   4.09086100e-08    0.00000000e+00    1.20000000e+00    3.00318022e-05    2.99310812e-05
   4.09086893e-08    0.00000000e+00    1.20000000e+00    3.04247715e-05    3.03226809e-05
   4.09087686e-08    0.00000000e+00    1.20000000e+00    3.08141389e-05    3.07106902e-05
   4.09089271e-08    0.00000000e+00    1.20000000e+00    3.15714885e-05    3.14653935e-05
   4.09092441e-08    0.00000000e+00    1.20000000e+00    3.30024999e-05    3.28913869e-05
   4.09098782e-08    0.00000000e+00    1.20000000e+00    3.55443181e-05    3.54242310e-05
   4.09111464e-08    0.00000000e+00    1.20000000e+00    3.94586753e-05    3.93245880e-05
   4.09136828e-08    0.00000000e+00    1.20000000e+00    4.34197409e-05    4.32710848e-05
   4.09162192e-08    0.00000000e+00    1.20000000e+00    4.33685223e-05    4.32196755e-05
   4.09187556e-08    0.00000000e+00    1.20000000e+00    4.05997706e-05    4.04608408e-05
   4.09238283e-08    0.00000000e+00    1.20000000e+00    3.09285423e-05    3.08254879e-05
   4.09289011e-08    0.00000000e+00    1.20000000e+00    1.92285977e-05    1.91699681e-05
   4.09339738e-08    0.00000000e+00    1.20000000e+00    8.33897016e-06    8.32210134e-06
   4.09390466e-08    0.00000000e+00    1.20000000e+00   -6.30155037e-07   -6.15751321e-07
   4.09441193e-08    0.00000000e+00    1.20000000e+00   -7.50621821e-06   -7.50602090e-06
   4.09491921e-08    0.00000000e+00    1.20000000e+00   -1.25808280e-05   -1.26895059e-05
   4.09542649e-08    0.00000000e+00    1.20000000e+00   -1.75998112e-05   -1.78580027e-05
   4.09588303e-08    0.00000000e+00    1.20000000e+00   -2.35234313e-05   -2.39209357e-05
   4.09628035e-08    0.00000000e+00    1.20000000e+00   -2.99521486e-05   -3.04825542e-05
   4.09661993e-08    0.00000000e+00    1.20000000e+00   -3.62304851e-05   -3.68924213e-05
   4.09691497e-08    0.00000000e+00    1.20000000e+00   -4.20649377e-05   -4.28731499e-05
   4.09718051e-08    0.00000000e+00    1.20000000e+00   -4.72922486e-05   -4.82668245e-05
   4.09741949e-08    0.00000000e+00    1.20000000e+00   -5.16538277e-05   -5.27986609e-05
   4.09765847e-08    0.00000000e+00    1.20000000e+00   -5.54172558e-05   -5.67375770e-05
   4.09789745e-08    0.00000000e+00    1.20000000e+00   -5.83785741e-05   -5.98646009e-05
   4.09813643e-08    0.00000000e+00    1.20000000e+00   -6.03930671e-05   -6.20213403e-05
   4.09837541e-08    0.00000000e+00    1.20000000e+00   -6.13742581e-05   -6.31130459e-05
   4.09861439e-08    0.00000000e+00    1.20000000e+00   -6.12880078e-05   -6.31176133e-05
   4.09885337e-08    0.00000000e+00    1.20000000e+00   -6.01369106e-05   -6.21206342e-05
   4.09909235e-08    0.00000000e+00    1.20000000e+00   -5.79171245e-05   -6.03355490e-05
   4.09933133e-08    0.00000000e+00    1.20000000e+00   -5.45688129e-05   -5.77761228e-05
   4.09957031e-08    0.00000000e+00    1.20000000e+00   -5.01100848e-05   -5.37670151e-05
   4.09980929e-08    0.00000000e+00    1.20000000e+00   -4.47585224e-05   -4.72887471e-05
   4.10004827e-08    0.00000000e+00    1.20000000e+00   -3.86263576e-05   -3.75001357e-05
   4.10028725e-08    0.00000000e+00    1.20000000e+00   -3.14336810e-05   -2.38198686e-05
   4.10052623e-08    0.00000000e+00    1.20000000e+00   -2.26924536e-05   -5.89510671e-06
   4.10076521e-08    0.00000000e+00    1.20000000e+00   -1.29469300e-05    1.55214017e-05
   4.10100419e-08    0.00000000e+00    1.20000000e+00   -3.79578073e-06    3.80527527e-05
   4.10124317e-08    0.00000000e+00    1.20000000e+00    4.17556738e-06    5.98827575e-05
   4.10148215e-08    0.00000000e+00    1.20000000e+00    1.12460067e-05    8.01957059e-05
   4.10172113e-08    0.00000000e+00    1.20000000e+00    1.78015360e-05    9.84421563e-05
   4.10196011e-08    0.00000000e+00    1.20000000e+00    2.40813835e-05    1.14079645e-04
   4.10217519e-08    0.00000000e+00    1.20000000e+00    2.95389116e-05    1.25468362e-04
   4.10239028e-08    0.00000000e+00    1.20000000e+00    3.47225329e-05    1.33907530e-04
   4.10260536e-08    0.00000000e+00    1.20000000e+00    3.94691897e-05    1.39097219e-04
   4.10282044e-08    0.00000000e+00    1.20000000e+00    4.35937103e-05    1.40873996e-04
   4.10303552e-08    0.00000000e+00    1.20000000e+00    4.69334076e-05    1.39246478e-04
   4.10325060e-08    0.00000000e+00    1.20000000e+00    4.93768637e-05    1.34400079e-04
   4.10346569e-08    0.00000000e+00    1.20000000e+00    5.08750297e-05    1.26673212e-04
   4.10368077e-08    0.00000000e+00    1.20000000e+00    5.14384922e-05    1.16515632e-04
   4.10389585e-08    0.00000000e+00    1.20000000e+00    5.11266174e-05    1.04440962e-04
   4.10411093e-08    0.00000000e+00    1.20000000e+00    5.00335504e-05    9.09824995e-05
   4.10432602e-08    0.00000000e+00    1.20000000e+00    4.82744076e-05    7.66573748e-05
   4.10454110e-08    0.00000000e+00    1.20000000e+00    4.59734402e-05    6.19407101e-05
   4.10475618e-08    0.00000000e+00    1.20000000e+00    4.32548384e-05    4.72493490e-05
   4.10497126e-08    0.00000000e+00    1.20000000e+00    4.02361828e-05    3.29336332e-05
   4.10518634e-08    0.00000000e+00    1.20000000e+00    3.70242188e-05    1.92753788e-05
   4.10561651e-08    0.00000000e+00    1.20000000e+00    3.04100384e-05   -5.22589021e-06
   4.10604667e-08    0.00000000e+00    1.20000000e+00    2.39387886e-05   -2.53353820e-05
   4.10647684e-08    0.00000000e+00    1.20000000e+00    1.79894911e-05   -4.07137126e-05
   4.10690700e-08    0.00000000e+00    1.20000000e+00    1.27706265e-05   -5.15341805e-05
   4.10733717e-08    0.00000000e+00    1.20000000e+00    8.36295759e-06   -5.82805626e-05
   4.10776733e-08    0.00000000e+00    1.20000000e+00    4.76055957e-06   -6.15894138e-05
   4.10819750e-08    0.00000000e+00    1.20000000e+00    1.90449057e-06   -6.21393129e-05
   4.10862766e-08    0.00000000e+00    1.20000000e+00   -2.92101809e-07   -6.05803073e-05
   4.10948799e-08    0.00000000e+00    1.20000000e+00   -3.13812211e-06   -5.35546055e-05
   4.11034832e-08    0.00000000e+00    1.20000000e+00   -4.44979492e-06   -4.37793099e-05
   4.11120865e-08    0.00000000e+00    1.20000000e+00   -4.81558496e-06   -3.35981600e-05
   4.11206898e-08    0.00000000e+00    1.20000000e+00   -4.65532281e-06   -2.43006165e-05
   4.11292931e-08    0.00000000e+00    1.20000000e+00   -4.23968301e-06   -1.64546984e-05
   4.11378963e-08    0.00000000e+00    1.20000000e+00   -3.72958737e-06   -1.01806449e-05
   4.11464996e-08    0.00000000e+00    1.20000000e+00   -3.21316763e-06   -5.35231658e-06
   4.11551029e-08    0.00000000e+00    1.20000000e+00   -2.73374204e-06   -1.75319417e-06
   4.11637062e-08    0.00000000e+00    1.20000000e+00   -2.30877134e-06    8.40642524e-07
   4.11723095e-08    0.00000000e+00    1.20000000e+00   -1.94179911e-06    2.63582109e-06
   4.11809128e-08    0.00000000e+00    1.20000000e+00   -1.62954995e-06    3.81420283e-06
   4.11895161e-08    0.00000000e+00    1.20000000e+00   -1.36592416e-06    4.52900871e-06
   4.11981194e-08    0.00000000e+00    1.20000000e+00   -1.14410942e-06    4.90411360e-06
   4.12067227e-08    0.00000000e+00    1.20000000e+00   -9.57603686e-07    5.03629098e-06
   4.12153260e-08    0.00000000e+00    1.20000000e+00   -8.00638422e-07    4.99903977e-06
   4.12239292e-08    0.00000000e+00    1.20000000e+00   -6.68290684e-07    4.84636092e-06
   4.12325325e-08    0.00000000e+00    1.20000000e+00   -5.56447087e-07    4.61631671e-06
   4.12411358e-08    0.00000000e+00    1.20000000e+00   -4.61707679e-07    4.33753603e-06
   4.12497391e-08    0.00000000e+00    1.20000000e+00   -3.81274515e-07    4.03290114e-06
   4.12574821e-08    0.00000000e+00    1.20000000e+00   -3.19230307e-07    3.74991338e-06
   4.12644161e-08    0.00000000e+00    1.20000000e+00   -2.70777849e-07    3.49646711e-06
   4.12706568e-08    0.00000000e+00    1.20000000e+00   -2.32170416e-07    3.27443867e-06
   4.12762734e-08    0.00000000e+00    1.20000000e+00   -2.01006228e-07    3.08516053e-06
   4.12818900e-08    0.00000000e+00    1.20000000e+00   -1.72870290e-07    2.90948991e-06
   4.12875065e-08    0.00000000e+00    1.20000000e+00   -1.47456579e-07    2.74886929e-06
   4.12931231e-08    0.00000000e+00    1.20000000e+00   -1.24492349e-07    2.60422045e-06
   4.12987397e-08    0.00000000e+00    1.20000000e+00   -1.03734090e-07    2.47736666e-06
   4.13043563e-08    0.00000000e+00    1.20000000e+00   -8.49640267e-08    2.37064911e-06
   4.13099729e-08    0.00000000e+00    1.20000000e+00   -6.79871108e-08    2.28168254e-06
   4.13150278e-08    0.00000000e+00    1.20000000e+00   -5.40982033e-08    2.20591583e-06
   4.13195772e-08    0.00000000e+00    1.20000000e+00   -4.26244194e-08    2.12863574e-06
   4.13241267e-08    0.00000000e+00    1.20000000e+00   -3.20416895e-08    2.03639381e-06
   4.13286761e-08    0.00000000e+00    1.20000000e+00   -2.22797784e-08    1.93131947e-06
   4.13332255e-08    0.00000000e+00    1.20000000e+00   -1.32741717e-08    1.82003643e-06
   4.13377750e-08    0.00000000e+00    1.20000000e+00   -4.96557777e-09    1.70959616e-06
   4.13423244e-08    0.00000000e+00    1.20000000e+00    2.70052248e-09    1.60514354e-06
   4.13468738e-08    0.00000000e+00    1.20000000e+00    9.77428075e-09    1.50942706e-06
   4.13514233e-08    0.00000000e+00    1.20000000e+00    1.63018506e-08    1.42324759e-06
   4.13559727e-08    0.00000000e+00    1.20000000e+00    2.23257205e-08    1.34614140e-06
   4.13605221e-08    0.00000000e+00    1.20000000e+00    2.78850174e-08    1.27697858e-06
   4.13696210e-08    0.00000000e+00    1.20000000e+00    3.77659509e-08    1.15651528e-06
   4.13878187e-08    0.00000000e+00    1.20000000e+00    5.34352510e-08    9.58609033e-07
   4.14060165e-08    0.00000000e+00    1.20000000e+00    6.47810655e-08    7.93216452e-07
   4.14242142e-08    0.00000000e+00    1.20000000e+00    7.29988916e-08    6.49822433e-07
   4.14424120e-08    0.00000000e+00    1.20000000e+00    7.89523153e-08    5.31133481e-07
   4.14606097e-08    0.00000000e+00    1.20000000e+00    8.32659110e-08    4.38294268e-07
   4.14788074e-08    0.00000000e+00    1.20000000e+00    8.63917198e-08    3.68149698e-07
   4.15152029e-08    0.00000000e+00    1.20000000e+00    9.03743856e-08    2.74574124e-07
   4.15515984e-08    0.00000000e+00    1.20000000e+00    9.24304076e-08    2.20298041e-07
   4.15879938e-08    0.00000000e+00    1.20000000e+00    9.34924374e-08    1.85724220e-07
   4.16243893e-08    0.00000000e+00    1.20000000e+00    9.40414566e-08    1.62430698e-07
   4.16971803e-08    0.00000000e+00    1.20000000e+00    9.44994795e-08    1.33764059e-07
   4.18427621e-08    0.00000000e+00    1.20000000e+00    9.46479973e-08    1.09230223e-07
   4.19883440e-08    0.00000000e+00    1.20000000e+00    9.46318923e-08    1.01257894e-07
   4.21339259e-08    0.00000000e+00    1.20000000e+00    9.46343949e-08    9.90104362e-08
   4.22795078e-08    0.00000000e+00    1.20000000e+00    9.46342299e-08    9.73035896e-08
   4.25706716e-08    0.00000000e+00    1.20000000e+00    9.46343085e-08    9.57061771e-08
   4.30456716e-08    0.00000000e+00    1.20000000e+00    9.46342842e-08    9.50963668e-08
   4.32500000e-08    0.00000000e+00    1.20000000e+00    9.46342955e-08    9.47099481e-08
   4.32502094e-08    7.50000000e-03    1.20000000e+00    7.87087415e-07    7.69638187e-07
   4.32504187e-08    1.50000000e-02    1.20000000e+00    1.45482544e-06    1.42036859e-06
   4.32506281e-08    2.25000000e-02    1.20000000e+00    2.11037655e-06    2.05917264e-06
   4.32510469e-08    3.75000000e-02    1.20000000e+00    3.34920562e-06    3.26607822e-06
   4.32518844e-08    6.75000000e-02    1.20000000e+00    5.55029095e-06    5.40967077e-06
   4.32535594e-08    1.27500000e-01    1.20000000e+00    8.95379114e-06    8.72297402e-06
   4.32569094e-08    2.47500000e-01    1.20000000e+00    1.26317640e-05    1.23045602e-05
   4.32602594e-08    3.67500000e-01    1.20000000e+00    1.34108498e-05    1.30677182e-05
   4.32636094e-08    4.87500000e-01    1.20000000e+00    1.26661655e-05    1.23460351e-05
   4.32646700e-08    5.25493050e-01    1.20000000e+00    1.22186871e-05    1.19094388e-05
   4.32667913e-08    6.01479151e-01    1.20000000e+00    1.11228072e-05    1.08377916e-05
   4.32674783e-08    6.26088101e-01    1.20000000e+00    1.06248533e-05    1.03498446e-05
   4.32688523e-08    6.75306000e-01    1.20000000e+00    9.39941220e-06    9.14874858e-06
   4.32716003e-08    7.73741798e-01    1.20000000e+00    4.92035883e-06    4.76256673e-06
   4.32720181e-08    7.88708775e-01    1.20000000e+00    3.88744627e-06    3.75167852e-06
   4.32724359e-08    8.03675752e-01    1.20000000e+00    2.77811811e-06    2.66589605e-06
   4.32732716e-08    8.33609707e-01    1.20000000e+00    1.68582200e-07    1.13369195e-07
   4.32741073e-08    8.63543661e-01    1.20000000e+00   -3.02750041e-06   -3.00892356e-06
   4.32749429e-08    8.93477615e-01    1.20000000e+00   -6.87034072e-06   -6.75476226e-06
   4.32757786e-08    9.23411570e-01    1.20000000e+00   -1.13539377e-05   -1.11127773e-05
   4.32766142e-08    9.53345524e-01    1.20000000e+00   -1.64057636e-05   -1.60116350e-05
   4.32774499e-08    9.83279478e-01    1.20000000e+00   -2.19500807e-05   -2.13806279e-05
   4.32782855e-08    1.01321343e+00    1.20000000e+00   -2.79416222e-05   -2.71781954e-05
   4.32791212e-08    1.04314739e+00    1.20000000e+00   -3.43550131e-05   -3.33808752e-05
   4.32799569e-08    1.07308134e+00    1.20000000e+00   -4.11696270e-05   -3.99692430e-05
   4.32807925e-08    1.10301530e+00    1.20000000e+00   -4.83618435e-05   -4.69208378e-05
   4.32816282e-08    1.13294925e+00    1.20000000e+00   -5.59021203e-05   -5.42075163e-05
   4.32824638e-08    1.16288320e+00    1.20000000e+00   -6.37540858e-05   -6.17946762e-05
   4.32832995e-08    1.19281716e+00    1.20000000e+00   -7.18743663e-05   -6.96411781e-05
   4.32835000e-08    1.20000000e+00    1.20000000e+00   -7.38585479e-05   -7.15585714e-05
   4.32835484e-08    1.20000000e+00    1.20000000e+00   -7.44365975e-05   -7.21178100e-05
   4.32835912e-08    1.20000000e+00    1.20000000e+00   -7.49450499e-05   -7.26096831e-05
   4.32836341e-08    1.20000000e+00    1.20000000e+00   -7.54515031e-05   -7.30996056e-05
   4.32837199e-08    1.20000000e+00    1.20000000e+00   -7.64520022e-05   -7.40673512e-05
   4.32838914e-08    1.20000000e+00    1.20000000e+00   -7.84037680e-05   -7.59548507e-05
   4.32842344e-08    1.20000000e+00    1.20000000e+00   -8.21136500e-05   -7.95412138e-05
   4.32849205e-08    1.20000000e+00    1.20000000e+00   -8.87862577e-05   -8.59870800e-05
   4.32862927e-08    1.20000000e+00    1.20000000e+00   -9.93733271e-05   -9.62021048e-05
   4.32890370e-08    1.20000000e+00    1.20000000e+00   -1.11359228e-04   -1.07776266e-04
   4.32917814e-08    1.20000000e+00    1.20000000e+00   -1.13696274e-04   -1.10508951e-04
   4.32945257e-08    1.20000000e+00    1.20000000e+00   -1.08963216e-04   -1.08541070e-04
   4.32969956e-08    1.20000000e+00    1.20000000e+00   -1.00427048e-04   -1.03733601e-04
   4.32992185e-08    1.20000000e+00    1.20000000e+00   -9.04629432e-05   -9.41396495e-05
   4.33014414e-08    1.20000000e+00    1.20000000e+00   -7.88895565e-05   -7.71409592e-05
   4.33036643e-08    1.20000000e+00    1.20000000e+00   -6.57860986e-05   -5.15195422e-05
   4.33058873e-08    1.20000000e+00    1.20000000e+00   -5.15429649e-05   -1.70989265e-05
   4.33081102e-08    1.20000000e+00    1.20000000e+00   -3.70164797e-05    2.50134628e-05
   4.33103331e-08    1.20000000e+00    1.20000000e+00   -2.27425754e-05    7.28775367e-05
   4.33123337e-08    1.20000000e+00    1.20000000e+00   -1.02697121e-05    1.19179006e-04
   4.33143343e-08    1.20000000e+00    1.20000000e+00    1.76982233e-06    1.66890694e-04
   4.33163350e-08    1.20000000e+00    1.20000000e+00    1.33037824e-05    2.14504261e-04
   4.33183356e-08    1.20000000e+00    1.20000000e+00    2.42503635e-05    2.60659627e-04
   4.33203362e-08    1.20000000e+00    1.20000000e+00    3.45161039e-05    3.04198225e-04
   4.33223368e-08    1.20000000e+00    1.20000000e+00    4.39993155e-05    3.44177009e-04
   4.33243374e-08    1.20000000e+00    1.20000000e+00    5.25974399e-05    3.79865376e-04
   4.33263381e-08    1.20000000e+00    1.20000000e+00    6.02164779e-05    4.10739328e-04
   4.33283387e-08    1.20000000e+00    1.20000000e+00    6.67803143e-05    4.36475635e-04
   4.33303393e-08    1.20000000e+00    1.20000000e+00    7.22380951e-05    4.56942536e-04
   4.33323399e-08    1.20000000e+00    1.20000000e+00    7.65687129e-05    4.72183882e-04
   4.33343405e-08    1.20000000e+00    1.20000000e+00    7.97826573e-05    4.82396367e-04
   4.33363412e-08    1.20000000e+00    1.20000000e+00    8.19229765e-05    4.87901617e-04
   4.33383418e-08    1.20000000e+00    1.20000000e+00    8.30695060e-05    4.89115741e-04
   4.33403424e-08    1.20000000e+00    1.20000000e+00    8.33550111e-05    4.86518924e-04
   4.33423430e-08    1.20000000e+00    1.20000000e+00    8.30058891e-05    4.80627013e-04
   4.33443437e-08    1.20000000e+00    1.20000000e+00    8.23968189e-05    4.71966165e-04
   4.33463443e-08    1.20000000e+00    1.20000000e+00    8.20123525e-05    4.61050504e-04
   4.33483449e-08    1.20000000e+00    1.20000000e+00    8.22213161e-05    4.48362735e-04
   4.33503455e-08    1.20000000e+00    1.20000000e+00    8.31197185e-05    4.34343591e-04
   4.33523461e-08    1.20000000e+00    1.20000000e+00    8.46236490e-05    4.19403116e-04
   4.33543468e-08    1.20000000e+00    1.20000000e+00    8.65758984e-05    4.03937708e-04
   4.33563474e-08    1.20000000e+00    1.20000000e+00    8.87522830e-05    3.88319131e-04
   4.33583480e-08    1.20000000e+00    1.20000000e+00    9.08402222e-05    3.72874487e-04
   4.33603486e-08    1.20000000e+00    1.20000000e+00    9.24436037e-05    3.57881193e-04
   4.33623493e-08    1.20000000e+00    1.20000000e+00    9.31132978e-05    3.43570509e-04
   4.33643499e-08    1.20000000e+00    1.20000000e+00    9.23939752e-05    3.30128351e-04
   4.33663505e-08    1.20000000e+00    1.20000000e+00    8.99036367e-05    3.17689684e-04
   4.33683511e-08    1.20000000e+00    1.20000000e+00    8.54290397e-05    3.06329791e-04
   4.33703517e-08    1.20000000e+00    1.20000000e+00    7.89679487e-05    2.96058819e-04
   4.33723524e-08    1.20000000e+00    1.20000000e+00    7.07052800e-05    2.86823286e-04
   4.33743530e-08    1.20000000e+00    1.20000000e+00    6.09601515e-05    2.78512531e-04
   4.33763536e-08    1.20000000e+00    1.20000000e+00    5.01294043e-05    2.70964907e-04
   4.33783542e-08    1.20000000e+00    1.20000000e+00    3.86376488e-05    2.63969800e-04
   4.33803548e-08    1.20000000e+00    1.20000000e+00    2.68978869e-05    2.57264739e-04
   4.33823555e-08    1.20000000e+00    1.20000000e+00    1.52838904e-05    2.50529774e-04
   4.33843561e-08    1.20000000e+00    1.20000000e+00    4.11356178e-06    2.43383229e-04
   4.33863567e-08    1.20000000e+00    1.20000000e+00   -6.35863566e-06    2.35383792e-04
   4.33883573e-08    1.20000000e+00    1.20000000e+00   -1.59424879e-05    2.26042771e-04
   4.33903580e-08    1.20000000e+00    1.20000000e+00   -2.45082693e-05    2.14846616e-04
   4.33923586e-08    1.20000000e+00    1.20000000e+00   -3.19802255e-05    2.01284284e-04
   4.33943592e-08    1.20000000e+00    1.20000000e+00   -3.83286792e-05    1.84870083e-04
   4.33963598e-08    1.20000000e+00    1.20000000e+00   -4.35617340e-05    1.65153597e-04
   4.33983604e-08    1.20000000e+00    1.20000000e+00   -4.77172215e-05    1.41714055e-04
   4.34003611e-08    1.20000000e+00    1.20000000e+00   -5.08552906e-05    1.14143019e-04
   4.34023617e-08    1.20000000e+00    1.20000000e+00   -5.30518540e-05    8.20225795e-05
   4.34043623e-08    1.20000000e+00    1.20000000e+00   -5.43929829e-05    4.49054500e-05
   4.34063629e-08    1.20000000e+00    1.20000000e+00   -5.49702532e-05    2.30037613e-06
   4.34103642e-08    1.20000000e+00    1.20000000e+00   -5.42489545e-05   -1.01818950e-04
   4.34143654e-08    1.20000000e+00    1.20000000e+00   -5.15523604e-05   -2.35090447e-04
   4.34183667e-08    1.20000000e+00    1.20000000e+00   -4.75205533e-05   -4.03432139e-04
   4.34223679e-08    1.20000000e+00    1.20000000e+00   -4.26940147e-05   -6.13619289e-04
   4.34263692e-08    1.20000000e+00    1.20000000e+00   -3.75031247e-05   -8.73372896e-04
   4.34303704e-08    1.20000000e+00    1.20000000e+00   -3.22725449e-05   -1.19164911e-03
   4.34343716e-08    1.20000000e+00    1.20000000e+00   -2.72334744e-05   -1.57915246e-03
   4.34383729e-08    1.20000000e+00    1.20000000e+00   -2.25391634e-05   -2.04864003e-03
   4.34423741e-08    1.20000000e+00    1.20000000e+00   -1.82808352e-05   -2.61085690e-03
   4.34463754e-08    1.20000000e+00    1.20000000e+00   -1.45024169e-05   -3.26728005e-03
   4.34503766e-08    1.20000000e+00    1.20000000e+00   -1.12132988e-05   -4.01244377e-03
   4.34543779e-08    1.20000000e+00    1.20000000e+00   -8.39887268e-06   -4.84376225e-03
   4.34583791e-08    1.20000000e+00    1.20000000e+00   -6.02889985e-06   -5.76517333e-03
   4.34623803e-08    1.20000000e+00    1.20000000e+00   -4.06392930e-06   -6.78694589e-03
   4.34663816e-08    1.20000000e+00    1.20000000e+00   -2.46005116e-06   -7.92628040e-03
   4.34703828e-08    1.20000000e+00    1.20000000e+00   -1.17228765e-06   -9.20975085e-03
   4.34743841e-08    1.20000000e+00    1.20000000e+00   -1.56904071e-07   -1.06791880e-02
   4.34783853e-08    1.20000000e+00    1.20000000e+00    6.27110792e-07   -1.23993609e-02
   4.34823866e-08    1.20000000e+00    1.20000000e+00    1.21718523e-06   -1.44175482e-02
   4.34863878e-08    1.20000000e+00    1.20000000e+00    1.64675530e-06   -1.66068402e-02
   4.34903890e-08    1.20000000e+00    1.20000000e+00    1.94517085e-06   -1.85894529e-02
   4.34943903e-08    1.20000000e+00    1.20000000e+00    2.13781285e-06   -1.98164877e-02
   4.34983915e-08    1.20000000e+00    1.20000000e+00    2.24634387e-06   -1.96102924e-02
   4.35023928e-08    1.20000000e+00    1.20000000e+00    2.28903445e-06   -1.71701883e-02
   4.35063940e-08    1.20000000e+00    1.20000000e+00    2.28112436e-06   -1.16358592e-02
   4.35103953e-08    1.20000000e+00    1.20000000e+00    2.23519071e-06   -2.32025715e-03
   4.35143965e-08    1.20000000e+00    1.20000000e+00    2.16150414e-06    1.11618723e-02
   4.35183978e-08    1.20000000e+00    1.20000000e+00    2.06836181e-06    2.90479415e-02
   4.35223990e-08    1.20000000e+00    1.20000000e+00    1.96239044e-06    5.14575741e-02
   4.35264002e-08    1.20000000e+00    1.20000000e+00    1.84881700e-06    7.83618088e-02
   4.35304015e-08    1.20000000e+00    1.20000000e+00    1.73170629e-06    1.09562291e-01
   4.35344027e-08    1.20000000e+00    1.20000000e+00    1.61416688e-06    1.44683848e-01
   4.35384040e-08    1.20000000e+00    1.20000000e+00    1.49852758e-06    1.83194773e-01
   4.35424052e-08    1.20000000e+00    1.20000000e+00    1.38648695e-06    2.24461948e-01
   4.35464065e-08    1.20000000e+00    1.20000000e+00    1.27923910e-06    2.67825375e-01
   4.35504077e-08    1.20000000e+00    1.20000000e+00    1.17757842e-06    3.12664521e-01
   4.35544089e-08    1.20000000e+00    1.20000000e+00    1.08198616e-06    3.58438242e-01
   4.35584102e-08    1.20000000e+00    1.20000000e+00    9.92701487e-07    4.04697155e-01
   4.35624114e-08    1.20000000e+00    1.20000000e+00    9.09779376e-07    4.51077213e-01
   4.35664127e-08    1.20000000e+00    1.20000000e+00    8.33137297e-07    4.97284208e-01
   4.35704139e-08    1.20000000e+00    1.20000000e+00    7.62592698e-07    5.43075914e-01
   4.35744152e-08    1.20000000e+00    1.20000000e+00    6.97892761e-07    5.88245423e-01
   4.35784164e-08    1.20000000e+00    1.20000000e+00    6.38737832e-07    6.32607167e-01
   4.35824177e-08    1.20000000e+00    1.20000000e+00    5.84799658e-07    6.75986055e-01
   4.35864189e-08    1.20000000e+00    1.20000000e+00    5.35735415e-07    7.18209774e-01
   4.35904201e-08    1.20000000e+00    1.20000000e+00    4.91198329e-07    7.59104221e-01
   4.35944214e-08    1.20000000e+00    1.20000000e+00    4.50845571e-07    7.98492131e-01
   4.35984226e-08    1.20000000e+00    1.20000000e+00    4.14343977e-07    8.36194966e-01
   4.36024239e-08    1.20000000e+00    1.20000000e+00    3.81374054e-07    8.72037978e-01
   4.36064251e-08    1.20000000e+00    1.20000000e+00    3.51632647e-07    9.05858064e-01
   4.36104264e-08    1.20000000e+00    1.20000000e+00    3.24834558e-07    9.37513468e-01
   4.36144276e-08    1.20000000e+00    1.20000000e+00    3.00713380e-07    9.66893923e-01
   4.36184288e-08    1.20000000e+00    1.20000000e+00    2.79021723e-07    9.93929458e-01
   4.36224301e-08    1.20000000e+00    1.20000000e+00    2.59531004e-07    1.01859618e+00
   4.36264313e-08    1.20000000e+00    1.20000000e+00    2.42030908e-07    1.04091790e+00
   4.36304326e-08    1.20000000e+00    1.20000000e+00    2.26328638e-07    1.06096330e+00
   4.36344338e-08    1.20000000e+00    1.20000000e+00    2.12248008e-07    1.07883938e+00
   4.36384351e-08    1.20000000e+00    1.20000000e+00    1.99628451e-07    1.09468248e+00
   4.36424363e-08    1.20000000e+00    1.20000000e+00    1.88323981e-07    1.10864843e+00
   4.36464375e-08    1.20000000e+00    1.20000000e+00    1.78202147e-07    1.12090324e+00
   4.36504388e-08    1.20000000e+00    1.20000000e+00    1.69142992e-07    1.13161510e+00
   4.36544400e-08    1.20000000e+00    1.20000000e+00    1.61038054e-07    1.14094827e+00
   4.36584413e-08    1.20000000e+00    1.20000000e+00    1.53789399e-07    1.14905870e+00
   4.36624425e-08    1.20000000e+00    1.20000000e+00    1.47308711e-07    1.15609132e+00
   4.36664438e-08    1.20000000e+00    1.20000000e+00    1.41516433e-07    1.16217858e+00
   4.36704450e-08    1.20000000e+00    1.20000000e+00    1.36340971e-07    1.16743994e+00
   4.36744463e-08    1.20000000e+00    1.20000000e+00    1.31717949e-07    1.17198213e+00
   4.36784475e-08    1.20000000e+00    1.20000000e+00    1.27589531e-07    1.17589968e+00
   4.36824487e-08    1.20000000e+00    1.20000000e+00    1.23903785e-07    1.17927583e+00
   4.36864500e-08    1.20000000e+00    1.20000000e+00    1.20614113e-07    1.18218354e+00
   4.36944525e-08    1.20000000e+00    1.20000000e+00    1.15044213e-07    1.18686232e+00
   4.37024550e-08    1.20000000e+00    1.20000000e+00    1.10617179e-07    1.19031816e+00
   4.37104574e-08    1.20000000e+00    1.20000000e+00    1.07102556e-07    1.19286774e+00
   4.37184599e-08    1.20000000e+00    1.20000000e+00    1.04315776e-07    1.19474718e+00
   4.37344649e-08    1.20000000e+00    1.20000000e+00    1.00321977e-07    1.19719385e+00
   4.37500003e-08    1.20000000e+00    1.20000000e+00    9.79089747e-08    1.19847101e+00
   4.37502004e-08    1.20000000e+00    1.19711910e+00    9.78852173e-08    1.19848252e+00
   4.37506005e-08    1.20000000e+00    1.19135731e+00    9.78382679e-08    1.19850518e+00
   4.37514007e-08    1.20000000e+00    1.17983372e+00    9.77454875e-08    1.19854982e+00
   4.37530012e-08    1.20000000e+00    1.15678655e+00    9.75664867e-08    1.19863517e+00
   4.37562022e-08    1.20000000e+00    1.11069221e+00    9.72332859e-08    1.19879120e+00
   4.37626042e-08    1.20000000e+00    1.01850352e+00    9.66556504e-08    1.19905256e+00
   4.37754082e-08    1.20000000e+00    8.34126138e-01    9.57863249e-08    1.19942193e+00
   4.37882122e-08    1.20000000e+00    6.49748759e-01    9.52088690e-08    1.19964680e+00
   4.38010162e-08    1.20000000e+00    4.65371380e-01    9.48315473e-08    1.19978382e+00
   4.38026341e-08    1.20000000e+00    4.42072288e-01    9.47961490e-08    1.19979618e+00
   4.38042521e-08    1.20000000e+00    4.18773196e-01    9.47617315e-08    1.19980818e+00
   4.38074881e-08    1.20000000e+00    3.72175011e-01    9.46985102e-08    1.19983009e+00
   4.38107241e-08    1.20000000e+00    3.25576827e-01    9.46422549e-08    1.19984948e+00
   4.38139601e-08    1.20000000e+00    2.78978642e-01    9.45923196e-08    1.19986662e+00
   4.38171961e-08    1.20000000e+00    2.32380458e-01    9.45481156e-08    1.19988179e+00
   4.38204321e-08    1.20000000e+00    1.85782274e-01    9.45091062e-08    1.19989521e+00
   4.38236680e-08    1.20000000e+00    1.39184089e-01    9.44748023e-08    1.19990708e+00
   4.38269040e-08    1.20000000e+00    9.25859047e-02    9.44447588e-08    1.19991758e+00
   4.38301400e-08    1.20000000e+00    4.59877202e-02    9.44185696e-08    1.19992687e+00
   4.38333336e-08    1.20000000e+00    8.06021916e-14    9.43961424e-08    1.19993498e+00
   4.38336572e-08    1.20000000e+00    0.00000000e+00    9.43940644e-08    1.19993575e+00
   4.38339058e-08    1.20000000e+00    0.00000000e+00    9.43924863e-08    1.19993634e+00
   4.38344031e-08    1.20000000e+00    0.00000000e+00    9.43893659e-08    1.19993750e+00
   4.38353976e-08    1.20000000e+00    0.00000000e+00    9.43833389e-08    1.19993975e+00
   4.38373865e-08    1.20000000e+00    0.00000000e+00    9.43721072e-08    1.19994399e+00
   4.38413645e-08    1.20000000e+00    0.00000000e+00    9.43526883e-08    1.19995152e+00
   4.38493204e-08    1.20000000e+00    0.00000000e+00    9.43242970e-08    1.19996359e+00
   4.38652323e-08    1.20000000e+00    0.00000000e+00    9.42984031e-08    1.19997949e+00
   4.38811442e-08    1.20000000e+00    0.00000000e+00    9.43004061e-08    1.19998831e+00
   4.38970561e-08    1.20000000e+00    0.00000000e+00    9.43176988e-08    1.19999323e+00
   4.39129679e-08    1.20000000e+00    0.00000000e+00    9.43425877e-08    1.19999597e+00
   4.39288798e-08    1.20000000e+00    0.00000000e+00    9.43704619e-08    1.19999752e+00
   4.39447917e-08    1.20000000e+00    0.00000000e+00    9.43986327e-08    1.19999841e+00
   4.39591124e-08    1.20000000e+00    0.00000000e+00    9.44229934e-08    1.19999889e+00
   4.39720010e-08    1.20000000e+00    0.00000000e+00    9.44435900e-08    1.19999917e+00
   4.39836007e-08    1.20000000e+00    0.00000000e+00    9.44608649e-08    1.19999936e+00
   4.39952005e-08    1.20000000e+00    0.00000000e+00    9.44768809e-08    1.19999950e+00
   4.40068003e-08    1.20000000e+00    0.00000000e+00    9.44916365e-08    1.19999961e+00
   4.40184000e-08    1.20000000e+00    0.00000000e+00    9.45051661e-08    1.19999970e+00
   4.40299998e-08    1.20000000e+00    0.00000000e+00    9.45175252e-08    1.19999976e+00
   4.40415995e-08    1.20000000e+00    0.00000000e+00    9.45287821e-08    1.19999981e+00
   4.40531993e-08    1.20000000e+00    0.00000000e+00    9.45390122e-08    1.19999985e+00
   4.40647990e-08    1.20000000e+00    0.00000000e+00    9.45482925e-08    1.19999987e+00
   4.40763988e-08    1.20000000e+00    0.00000000e+00    9.45566991e-08    1.19999989e+00
   4.40879985e-08    1.20000000e+00    0.00000000e+00    9.45643058e-08    1.19999990e+00
   4.41111981e-08    1.20000000e+00    0.00000000e+00    9.45774240e-08    1.19999992e+00
   4.41575971e-08    1.20000000e+00    0.00000000e+00    9.45969814e-08    1.19999994e+00
   4.42503951e-08    1.20000000e+00    0.00000000e+00    9.46189339e-08    1.19999998e+00
   4.43339134e-08    1.20000000e+00    0.00000000e+00    9.46273258e-08    1.19999999e+00
   4.44174316e-08    1.20000000e+00    0.00000000e+00    9.46311317e-08    1.19999999e+00
   4.45009498e-08    1.20000000e+00    0.00000000e+00    9.46328593e-08    1.19999999e+00
   4.46679863e-08    1.20000000e+00    0.00000000e+00    9.46340914e-08    1.19999999e+00
   4.50020593e-08    1.20000000e+00    0.00000000e+00    9.46343361e-08    1.19999999e+00
   4.53361322e-08    1.20000000e+00    0.00000000e+00    9.46342871e-08    1.19999999e+00
   4.56250000e-08    1.20000000e+00    0.00000000e+00    9.46342958e-08    1.19999999e+00
   4.56252094e-08    1.19250000e+00    0.00000000e+00   -3.05723667e-07    1.19999927e+00
   4.56254187e-08    1.18500000e+00    0.00000000e+00   -6.85590147e-07    1.19999858e+00
   4.56256281e-08    1.17750000e+00    0.00000000e+00   -1.05543250e-06    1.19999790e+00
   4.56260469e-08    1.16250000e+00    0.00000000e+00   -1.73712635e-06    1.19999666e+00
   4.56268844e-08    1.13250000e+00    0.00000000e+00   -2.88924060e-06    1.19999455e+00
   4.56285594e-08    1.07250000e+00    0.00000000e+00   -4.49584612e-06    1.19999153e+00
   4.56319094e-08    9.52500000e-01    0.00000000e+00   -5.85661441e-06    1.19998865e+00
   4.56386094e-08    7.12500000e-01    0.00000000e+00   -6.08477828e-06    1.19998698e+00
   4.56446394e-08    4.96500000e-01    0.00000000e+00   -2.85495236e-06    1.19999177e+00
   4.56451810e-08    4.77096981e-01    0.00000000e+00   -2.08636737e-06    1.19999309e+00
   4.56457227e-08    4.57693962e-01    0.00000000e+00   -1.26551991e-06    1.19999450e+00
   4.56468060e-08    4.18887924e-01    0.00000000e+00    6.27283932e-07    1.19999780e+00
   4.56478894e-08    3.80081887e-01    0.00000000e+00    2.80388679e-06    1.20000165e+00
   4.56489727e-08    3.41275849e-01    0.00000000e+00    5.20257913e-06    1.20000595e+00
   4.56500561e-08    3.02469811e-01    0.00000000e+00    7.77323097e-06    1.20001061e+00
   4.56511394e-08    2.63663773e-01    0.00000000e+00    1.04733575e-05    1.20001559e+00
   4.56522227e-08    2.24857736e-01    0.00000000e+00    1.32640442e-05    1.20002081e+00
   4.56533061e-08    1.86051698e-01    0.00000000e+00    1.61085574e-05    1.20002622e+00
   4.56543894e-08    1.47245660e-01    0.00000000e+00    1.89722429e-05    1.20003177e+00
   4.56554727e-08    1.08439622e-01    0.00000000e+00    2.18227690e-05    1.20003740e+00
   4.56565561e-08    6.96335845e-02    0.00000000e+00    2.46303604e-05    1.20004306e+00
   4.56576394e-08    3.08275467e-02    0.00000000e+00    2.73679332e-05    1.20004872e+00
   4.56585000e-08    1.06137321e-13    0.00000000e+00    2.94769693e-05    1.20005317e+00
   4.56586083e-08    0.00000000e+00    0.00000000e+00    3.00241587e-05    1.20005425e+00
   4.56586859e-08    0.00000000e+00    0.00000000e+00    3.04089497e-05    1.20005501e+00
   4.56587634e-08    0.00000000e+00    0.00000000e+00    3.07902909e-05    1.20005576e+00
   4.56589185e-08    0.00000000e+00    0.00000000e+00    3.15324874e-05    1.20005724e+00
   4.56592287e-08    0.00000000e+00    0.00000000e+00    3.29366739e-05    1.20006005e+00
   4.56598492e-08    0.00000000e+00    0.00000000e+00    3.54378583e-05    1.20006513e+00
   4.56610900e-08    0.00000000e+00    0.00000000e+00    3.93161602e-05    1.20007340e+00
   4.56635716e-08    0.00000000e+00    0.00000000e+00    4.33381782e-05    1.20008363e+00
   4.56660533e-08    0.00000000e+00    0.00000000e+00    4.34613046e-05    1.20008733e+00
   4.56685349e-08    0.00000000e+00    0.00000000e+00    4.09134226e-05    1.20008651e+00
   4.56734982e-08    0.00000000e+00    0.00000000e+00    3.16552232e-05    1.20007731e+00
   4.56784615e-08    0.00000000e+00    0.00000000e+00    2.02262809e-05    1.20006318e+00
   4.56834248e-08    0.00000000e+00    0.00000000e+00    9.42757805e-06    1.20004845e+00
   4.56883881e-08    0.00000000e+00    0.00000000e+00    4.16254430e-07    1.20003507e+00
   4.56933514e-08    0.00000000e+00    0.00000000e+00   -6.59182598e-06    1.20002318e+00
   4.56983146e-08    0.00000000e+00    0.00000000e+00   -1.17629279e-05    1.20001145e+00
   4.57032779e-08    0.00000000e+00    0.00000000e+00   -1.65155319e-05    1.19999803e+00
   4.57077449e-08    0.00000000e+00    0.00000000e+00   -2.19674537e-05    1.19998321e+00
   4.57117652e-08    0.00000000e+00    0.00000000e+00   -2.81730303e-05    1.19996700e+00
   4.57153544e-08    0.00000000e+00    0.00000000e+00   -3.46181151e-05    1.19995011e+00
   4.57185067e-08    0.00000000e+00    0.00000000e+00   -4.07842445e-05    1.19993340e+00
   4.57213292e-08    0.00000000e+00    0.00000000e+00   -4.63767573e-05    1.19991697e+00
   4.57238695e-08    0.00000000e+00    0.00000000e+00   -5.10909169e-05    1.19990142e+00
   4.57264097e-08    0.00000000e+00    0.00000000e+00   -5.51674510e-05    1.19988629e+00
   4.57289500e-08    0.00000000e+00    0.00000000e+00   -5.83541519e-05    1.19987294e+00
   4.57314903e-08    0.00000000e+00    0.00000000e+00   -6.04739310e-05    1.19986229e+00
   4.57340306e-08    0.00000000e+00    0.00000000e+00   -6.14240039e-05    1.19985473e+00
   4.57365708e-08    0.00000000e+00    0.00000000e+00   -6.11675927e-05    1.19985027e+00
   4.57391111e-08    0.00000000e+00    0.00000000e+00   -5.97101301e-05    1.19984873e+00
   4.57416514e-08    0.00000000e+00    0.00000000e+00   -5.70341138e-05    1.19984974e+00
   4.57441917e-08    0.00000000e+00    0.00000000e+00   -5.30682002e-05    1.19985270e+00
   4.57467319e-08    0.00000000e+00    0.00000000e+00   -4.79224848e-05    1.19985637e+00
   4.57492722e-08    0.00000000e+00    0.00000000e+00   -4.18580844e-05    1.19985923e+00
   4.57518125e-08    0.00000000e+00    0.00000000e+00   -3.48127259e-05    1.19986150e+00
   4.57543527e-08    0.00000000e+00    0.00000000e+00   -2.62349549e-05    1.19986469e+00
   4.57568930e-08    0.00000000e+00    0.00000000e+00   -1.60717313e-05    1.19986978e+00
   4.57594333e-08    0.00000000e+00    0.00000000e+00   -6.02849924e-06    1.19987716e+00
   4.57619736e-08    0.00000000e+00    0.00000000e+00    2.72466133e-06    1.19988694e+00
   4.57645138e-08    0.00000000e+00    0.00000000e+00    1.03709481e-05    1.19989906e+00
   4.57670541e-08    0.00000000e+00    0.00000000e+00    1.73803224e-05    1.19991339e+00
   4.57695944e-08    0.00000000e+00    0.00000000e+00    2.40620790e-05    1.19992972e+00
   4.57718806e-08    0.00000000e+00    0.00000000e+00    2.98539152e-05    1.19994585e+00
   4.57739382e-08    0.00000000e+00    0.00000000e+00    3.48015249e-05    1.19996121e+00
   4.57759959e-08    0.00000000e+00    0.00000000e+00    3.93468658e-05    1.19997700e+00
   4.57780535e-08    0.00000000e+00    0.00000000e+00    4.33269694e-05    1.19999280e+00
   4.57801111e-08    0.00000000e+00    0.00000000e+00    4.65972615e-05    1.20000819e+00
   4.57821687e-08    0.00000000e+00    0.00000000e+00    4.90553119e-05    1.20002276e+00
   4.57842263e-08    0.00000000e+00    0.00000000e+00    5.06508206e-05    1.20003620e+00
   4.57862840e-08    0.00000000e+00    0.00000000e+00    5.13845130e-05    1.20004826e+00
   4.57883416e-08    0.00000000e+00    0.00000000e+00    5.13001564e-05    1.20005879e+00
   4.57903992e-08    0.00000000e+00    0.00000000e+00    5.04735463e-05    1.20006773e+00
   4.57924568e-08    0.00000000e+00    0.00000000e+00    4.90011805e-05    1.20007507e+00
   4.57945144e-08    0.00000000e+00    0.00000000e+00    4.69901872e-05    1.20008088e+00
   4.57965721e-08    0.00000000e+00    0.00000000e+00    4.45501957e-05    1.20008527e+00
   4.57986297e-08    0.00000000e+00    0.00000000e+00    4.17872844e-05    1.20008835e+00
   4.58027449e-08    0.00000000e+00    0.00000000e+00    3.57114486e-05    1.20009122e+00
   4.58068602e-08    0.00000000e+00    0.00000000e+00    2.93616575e-05    1.20009057e+00
   4.58109754e-08    0.00000000e+00    0.00000000e+00    2.32147628e-05    1.20008740e+00
   4.58150906e-08    0.00000000e+00    0.00000000e+00    1.75793275e-05    1.20008260e+00
   4.58192059e-08    0.00000000e+00    0.00000000e+00    1.26243424e-05    1.20007684e+00
   4.58274364e-08    0.00000000e+00    0.00000000e+00    4.91293651e-06    1.20006440e+00
   4.58356669e-08    0.00000000e+00    0.00000000e+00   -9.81415344e-08    1.20005227e+00
   4.58438973e-08    0.00000000e+00    0.00000000e+00   -2.97615841e-06    1.20004155e+00
   4.58521278e-08    0.00000000e+00    0.00000000e+00   -4.37087261e-06    1.20003254e+00
   4.58685888e-08    0.00000000e+00    0.00000000e+00   -4.85526627e-06    1.20001906e+00
   4.58850497e-08    0.00000000e+00    0.00000000e+00   -3.98025381e-06    1.20001039e+00
   4.59015107e-08    0.00000000e+00    0.00000000e+00   -2.94941894e-06    1.20000498e+00
   4.59179717e-08    0.00000000e+00    0.00000000e+00   -2.11233515e-06    1.20000164e+00
   4.59344326e-08    0.00000000e+00    0.00000000e+00   -1.49994911e-06    1.19999962e+00
   4.59492475e-08    0.00000000e+00    0.00000000e+00   -1.10206185e-06    1.19999851e+00
   4.59625809e-08    0.00000000e+00    0.00000000e+00   -8.34856788e-07    1.19999791e+00
   4.59745551e-08    0.00000000e+00    0.00000000e+00   -6.49197908e-07    1.19999758e+00
   4.59853319e-08    0.00000000e+00    0.00000000e+00   -5.15692658e-07    1.19999742e+00
   4.59961087e-08    0.00000000e+00    0.00000000e+00   -4.07105001e-07    1.19999734e+00
   4.60068856e-08    0.00000000e+00    0.00000000e+00   -3.18456342e-07    1.19999733e+00
   4.60176624e-08    0.00000000e+00    0.00000000e+00   -2.45865379e-07    1.19999737e+00
   4.60284392e-08    0.00000000e+00    0.00000000e+00   -1.86279620e-07    1.19999744e+00
   4.60392160e-08    0.00000000e+00    0.00000000e+00   -1.37276909e-07    1.19999753e+00
   4.60499928e-08    0.00000000e+00    0.00000000e+00   -9.69193221e-08    1.19999764e+00
   4.60607696e-08    0.00000000e+00    0.00000000e+00   -6.36452150e-08    1.19999776e+00
   4.60693977e-08    0.00000000e+00    0.00000000e+00   -4.12742370e-08    1.19999787e+00
   4.60764503e-08    0.00000000e+00    0.00000000e+00   -2.53805472e-08    1.19999796e+00
   4.60827977e-08    0.00000000e+00    0.00000000e+00   -1.26821455e-08    1.19999805e+00
   4.60885104e-08    0.00000000e+00    0.00000000e+00   -2.41307742e-09    1.19999812e+00
   4.60942230e-08    0.00000000e+00    0.00000000e+00    6.86993478e-09    1.19999820e+00
   4.60999356e-08    0.00000000e+00    0.00000000e+00    1.52622748e-08    1.19999828e+00
   4.61056483e-08    0.00000000e+00    0.00000000e+00    2.28499446e-08    1.19999836e+00
   4.61113609e-08    0.00000000e+00    0.00000000e+00    2.97105222e-08    1.19999843e+00
   4.61170736e-08    0.00000000e+00    0.00000000e+00    3.59140140e-08    1.19999846e+00
   4.61227862e-08    0.00000000e+00    0.00000000e+00    4.15236140e-08    1.19999845e+00
   4.61284988e-08    0.00000000e+00    0.00000000e+00    4.65963822e-08    1.19999841e+00
   4.61342115e-08    0.00000000e+00    0.00000000e+00    5.11838535e-08    1.19999835e+00
   4.61393528e-08    0.00000000e+00    0.00000000e+00    5.49356453e-08    1.19999829e+00
   4.61444942e-08    0.00000000e+00    0.00000000e+00    5.83630243e-08    1.19999825e+00
   4.61496356e-08    0.00000000e+00    0.00000000e+00    6.14941028e-08    1.19999823e+00
   4.61547770e-08    0.00000000e+00    0.00000000e+00    6.43545460e-08    1.19999824e+00
   4.61599184e-08    0.00000000e+00    0.00000000e+00    6.69677876e-08    1.19999827e+00
   4.61650597e-08    0.00000000e+00    0.00000000e+00    6.93552245e-08    1.19999833e+00
   4.61702011e-08    0.00000000e+00    0.00000000e+00    7.15363966e-08    1.19999840e+00
   4.61753425e-08    0.00000000e+00    0.00000000e+00    7.35291478e-08    1.19999847e+00
   4.61804839e-08    0.00000000e+00    0.00000000e+00    7.53497750e-08    1.19999855e+00
   4.61907666e-08    0.00000000e+00    0.00000000e+00    7.85388554e-08    1.19999870e+00
   4.62113321e-08    0.00000000e+00    0.00000000e+00    8.34543117e-08    1.19999896e+00
   4.62318976e-08    0.00000000e+00    0.00000000e+00    8.68670752e-08    1.19999914e+00
   4.62524631e-08    0.00000000e+00    0.00000000e+00    8.92368481e-08    1.19999927e+00
   4.62730286e-08    0.00000000e+00    0.00000000e+00    9.08826036e-08    1.19999937e+00
   4.62935941e-08    0.00000000e+00    0.00000000e+00    9.20257116e-08    1.19999945e+00
   4.63141596e-08    0.00000000e+00    0.00000000e+00    9.28198241e-08    1.19999951e+00
   4.63347251e-08    0.00000000e+00    0.00000000e+00    9.33716009e-08    1.19999957e+00
   4.63758561e-08    0.00000000e+00    0.00000000e+00    9.40371645e-08    1.19999967e+00
   4.64169871e-08    0.00000000e+00    0.00000000e+00    9.43508183e-08    1.19999974e+00
   4.64581181e-08    0.00000000e+00    0.00000000e+00    9.44989428e-08    1.19999980e+00
   4.64992492e-08    0.00000000e+00    0.00000000e+00    9.45691169e-08    1.19999984e+00
   4.65815112e-08    0.00000000e+00    0.00000000e+00    9.46221467e-08    1.19999990e+00
   4.67460352e-08    0.00000000e+00    0.00000000e+00    9.46355698e-08    1.19999996e+00
   4.69105592e-08    0.00000000e+00    0.00000000e+00    9.46338691e-08    1.19999998e+00
   4.70750832e-08    0.00000000e+00    0.00000000e+00    9.46343307e-08    1.19999999e+00
   4.72396073e-08    0.00000000e+00    0.00000000e+00    9.46342779e-08    1.19999999e+00
   4.75686553e-08    0.00000000e+00    0.00000000e+00    9.46342990e-08    1.19999999e+00
   4.80000000e-08    0.00000000e+00    0.00000000e+00    9.46342898e-08    1.19999999e+00
   4.80002094e-08    7.50000000e-03    0.00000000e+00    7.87088255e-07    1.20000062e+00
   4.80004187e-08    1.50000000e-02    0.00000000e+00    1.45482704e-06    1.20000121e+00
   4.80006281e-08    2.25000000e-02    0.00000000e+00    2.11037887e-06    1.20000179e+00
   4.80010469e-08    3.75000000e-02    0.00000000e+00    3.34920917e-06    1.20000286e+00
   4.80018844e-08    6.75000000e-02    0.00000000e+00    5.55029616e-06    1.20000469e+00
   4.80035594e-08    1.27500000e-01    0.00000000e+00    8.95379746e-06    1.20000731e+00
   4.80069094e-08    2.47500000e-01    0.00000000e+00    1.26317681e-05    1.20000966e+00
   4.80102594e-08    3.67500000e-01    0.00000000e+00    1.34108501e-05    1.20000970e+00
   4.80136094e-08    4.87500000e-01    0.00000000e+00    1.26661630e-05    1.20000878e+00
   4.80146629e-08    5.25236452e-01    0.00000000e+00    1.22221536e-05    1.20000839e+00
   4.80167698e-08    6.00709357e-01    0.00000000e+00    1.11369625e-05    1.20000747e+00
   4.80174578e-08    6.25353037e-01    0.00000000e+00    1.06407351e-05    1.20000707e+00
   4.80188337e-08    6.74640398e-01    0.00000000e+00    9.41976162e-06    1.20000609e+00
   4.80215856e-08    7.73215120e-01    0.00000000e+00    4.95368690e-06    1.20000253e+00
   4.80220017e-08    7.88120315e-01    0.00000000e+00    3.92933792e-06    1.20000172e+00
   4.80224178e-08    8.03025510e-01    0.00000000e+00    2.82950729e-06    1.20000085e+00
   4.80232500e-08    8.32835899e-01    0.00000000e+00    2.43587013e-07    1.19999880e+00
   4.80240822e-08    8.62646289e-01    0.00000000e+00   -2.92205916e-06    1.19999631e+00
   4.80249144e-08    8.92456679e-01    0.00000000e+00   -6.72814010e-06    1.19999333e+00
   4.80257466e-08    9.22267068e-01    0.00000000e+00   -1.11712953e-05    1.19998987e+00
   4.80265788e-08    9.52077458e-01    0.00000000e+00   -1.61812250e-05    1.19998601e+00
   4.80274110e-08    9.81887848e-01    0.00000000e+00   -2.16821517e-05    1.19998180e+00
   4.80282432e-08    1.01169824e+00    0.00000000e+00   -2.76281105e-05    1.19997730e+00
   4.80290754e-08    1.04150863e+00    0.00000000e+00   -3.39935022e-05    1.19997251e+00
   4.80299077e-08    1.07131902e+00    0.00000000e+00   -4.07579647e-05    1.19996743e+00
   4.80307399e-08    1.10112941e+00    0.00000000e+00   -4.78984461e-05    1.19996207e+00
   4.80315721e-08    1.13093980e+00    0.00000000e+00   -5.53861630e-05    1.19995644e+00
   4.80324043e-08    1.16075019e+00    0.00000000e+00   -6.31856405e-05    1.19995055e+00
   4.80332365e-08    1.19056058e+00    0.00000000e+00   -7.12545176e-05    1.19994443e+00
   4.80335000e-08    1.20000000e+00    0.00000000e+00   -7.38594214e-05    1.19994245e+00
   4.80335467e-08    1.20000000e+00    0.00000000e+00   -7.44178549e-05    1.19994201e+00
   4.80335879e-08    1.20000000e+00    0.00000000e+00   -7.49064287e-05    1.19994162e+00
   4.80336291e-08    1.20000000e+00    0.00000000e+00   -7.53931585e-05    1.19994124e+00
   4.80337114e-08    1.20000000e+00    0.00000000e+00   -7.63551714e-05    1.19994048e+00
   4.80338761e-08    1.20000000e+00    0.00000000e+00   -7.82337624e-05    1.19993902e+00
   4.80342055e-08    1.20000000e+00    0.00000000e+00   -8.18121022e-05    1.19993625e+00
   4.80348644e-08    1.20000000e+00    0.00000000e+00   -8.82776374e-05    1.19993132e+00
   4.80361820e-08    1.20000000e+00    0.00000000e+00   -9.86477390e-05    1.19992364e+00
   4.80388174e-08    1.20000000e+00    0.00000000e+00   -1.10782745e-04    1.19991492e+00
   4.80414527e-08    1.20000000e+00    0.00000000e+00   -1.13798678e-04    1.19991148e+00
   4.80440881e-08    1.20000000e+00    0.00000000e+00   -1.10062293e-04    1.19990631e+00
   4.80464599e-08    1.20000000e+00    0.00000000e+00   -1.02496318e-04    1.19989764e+00
   4.80485945e-08    1.20000000e+00    0.00000000e+00   -9.33922066e-05    1.19988843e+00
   4.80507292e-08    1.20000000e+00    0.00000000e+00   -8.27324416e-05    1.19987813e+00
   4.80528638e-08    1.20000000e+00    0.00000000e+00   -7.06464131e-05    1.19986642e+00
   4.80549984e-08    1.20000000e+00    0.00000000e+00   -5.72992936e-05    1.19985323e+00
   4.80571331e-08    1.20000000e+00    0.00000000e+00   -4.33748777e-05    1.19983887e+00
   4.80592677e-08    1.20000000e+00    0.00000000e+00   -2.95246506e-05    1.19982395e+00
   4.80614023e-08    1.20000000e+00    0.00000000e+00   -1.60184307e-05    1.19980923e+00
   4.80635369e-08    1.20000000e+00    0.00000000e+00   -2.96719301e-06    1.19979546e+00
   4.80656716e-08    1.20000000e+00    0.00000000e+00    9.54260126e-06    1.19978327e+00
   4.80678062e-08    1.20000000e+00    0.00000000e+00    2.14164605e-05    1.19977317e+00
   4.80699408e-08    1.20000000e+00    0.00000000e+00    3.25449799e-05    1.19976550e+00
   4.80720755e-08    1.20000000e+00    0.00000000e+00    4.28065081e-05    1.19976045e+00
   4.80742101e-08    1.20000000e+00    0.00000000e+00    5.20761552e-05    1.19975800e+00
   4.80763447e-08    1.20000000e+00    0.00000000e+00    6.02384300e-05    1.19975799e+00
   4.80784794e-08    1.20000000e+00    0.00000000e+00    6.72001698e-05    1.19976012e+00
   4.80806140e-08    1.20000000e+00    0.00000000e+00    7.29008108e-05    1.19976401e+00
   4.80827486e-08    1.20000000e+00    0.00000000e+00    7.73184740e-05    1.19976918e+00
   4.80848833e-08    1.20000000e+00    0.00000000e+00    8.04723471e-05    1.19977517e+00
   4.80870179e-08    1.20000000e+00    0.00000000e+00    8.24244554e-05    1.19978151e+00
   4.80891525e-08    1.20000000e+00    0.00000000e+00    8.32884338e-05    1.19978777e+00
   4.80912872e-08    1.20000000e+00    0.00000000e+00    8.32609664e-05    1.19979362e+00
   4.80934218e-08    1.20000000e+00    0.00000000e+00    8.26905700e-05    1.19979883e+00
   4.80955564e-08    1.20000000e+00    0.00000000e+00    8.21181133e-05    1.19980329e+00
   4.80976910e-08    1.20000000e+00    0.00000000e+00    8.20862659e-05    1.19980704e+00
   4.80998257e-08    1.20000000e+00    0.00000000e+00    8.28315997e-05    1.19981021e+00
   4.81019603e-08    1.20000000e+00    0.00000000e+00    8.42999069e-05    1.19981300e+00
   4.81040949e-08    1.20000000e+00    0.00000000e+00    8.63159142e-05    1.19981551e+00
   4.81062296e-08    1.20000000e+00    0.00000000e+00    8.86219732e-05    1.19981767e+00
   4.81083642e-08    1.20000000e+00    0.00000000e+00    9.08498058e-05    1.19981904e+00
   4.81104988e-08    1.20000000e+00    0.00000000e+00    9.25225883e-05    1.19981888e+00
   4.81126335e-08    1.20000000e+00    0.00000000e+00    9.30954459e-05    1.19981609e+00
   4.81147681e-08    1.20000000e+00    0.00000000e+00    9.20219801e-05    1.19980937e+00
   4.81169027e-08    1.20000000e+00    0.00000000e+00    8.88684509e-05    1.19979742e+00
   4.81190374e-08    1.20000000e+00    0.00000000e+00    8.34362189e-05    1.19977905e+00
   4.81211720e-08    1.20000000e+00    0.00000000e+00    7.57962088e-05    1.19975345e+00
   4.81233066e-08    1.20000000e+00    0.00000000e+00    6.62400050e-05    1.19972031e+00
   4.81254412e-08    1.20000000e+00    0.00000000e+00    5.52031347e-05    1.19967996e+00
   4.81275759e-08    1.20000000e+00    0.00000000e+00    4.31902567e-05    1.19963354e+00
   4.81297105e-08    1.20000000e+00    0.00000000e+00    3.07131779e-05    1.19958305e+00
   4.81318451e-08    1.20000000e+00    0.00000000e+00    1.82456588e-05    1.19953144e+00
   4.81339798e-08    1.20000000e+00    0.00000000e+00    6.19504692e-06    1.19948249e+00
   4.81361144e-08    1.20000000e+00    0.00000000e+00   -5.11169728e-06    1.19944068e+00
   4.81382490e-08    1.20000000e+00    0.00000000e+00   -1.54310880e-05    1.19941091e+00
   4.81403837e-08    1.20000000e+00    0.00000000e+00   -2.45988328e-05    1.19939834e+00
   4.81425183e-08    1.20000000e+00    0.00000000e+00   -3.25211453e-05    1.19940818e+00
   4.81446529e-08    1.20000000e+00    0.00000000e+00   -3.91638945e-05    1.19944571e+00
   4.81467876e-08    1.20000000e+00    0.00000000e+00   -4.45411489e-05    1.19951612e+00
   4.81489222e-08    1.20000000e+00    0.00000000e+00   -4.87041227e-05    1.19962459e+00
   4.81510568e-08    1.20000000e+00    0.00000000e+00   -5.17311200e-05    1.19977625e+00
   4.81531915e-08    1.20000000e+00    0.00000000e+00   -5.37187814e-05    1.19997614e+00
   4.81553261e-08    1.20000000e+00    0.00000000e+00   -5.47747380e-05    1.20022920e+00
   4.81574607e-08    1.20000000e+00    0.00000000e+00   -5.50116503e-05    1.20054018e+00
   4.81595953e-08    1.20000000e+00    0.00000000e+00   -5.45425315e-05    1.20091342e+00
   4.81617300e-08    1.20000000e+00    0.00000000e+00   -5.34772104e-05    1.20135245e+00
   4.81638646e-08    1.20000000e+00    0.00000000e+00   -5.19197750e-05    1.20185940e+00
   4.81659992e-08    1.20000000e+00    0.00000000e+00   -4.99668351e-05    1.20243455e+00
   4.81681339e-08    1.20000000e+00    0.00000000e+00   -4.77064514e-05    1.20307664e+00
   4.81702685e-08    1.20000000e+00    0.00000000e+00   -4.52175944e-05    1.20378362e+00
   4.81724031e-08    1.20000000e+00    0.00000000e+00   -4.25700110e-05    1.20455321e+00
   4.81745378e-08    1.20000000e+00    0.00000000e+00   -3.98243989e-05    1.20538294e+00
   4.81766724e-08    1.20000000e+00    0.00000000e+00   -3.70328012e-05    1.20627013e+00
   4.81788070e-08    1.20000000e+00    0.00000000e+00   -3.42391515e-05    1.20721191e+00
   4.81809417e-08    1.20000000e+00    0.00000000e+00   -3.14799152e-05    1.20820525e+00
   4.81830763e-08    1.20000000e+00    0.00000000e+00   -2.87847815e-05    1.20924709e+00
   4.81852109e-08    1.20000000e+00    0.00000000e+00   -2.61773731e-05    1.21033440e+00
   4.81873456e-08    1.20000000e+00    0.00000000e+00   -2.36759491e-05    1.21146433e+00
   4.81894802e-08    1.20000000e+00    0.00000000e+00   -2.12940814e-05    1.21263425e+00
   4.81916148e-08    1.20000000e+00    0.00000000e+00   -1.90412940e-05    1.21384189e+00
   4.81937494e-08    1.20000000e+00    0.00000000e+00   -1.69236561e-05    1.21508542e+00
   4.81958841e-08    1.20000000e+00    0.00000000e+00   -1.49443248e-05    1.21636348e+00
   4.82001533e-08    1.20000000e+00    0.00000000e+00   -1.13998184e-05    1.21902109e+00
   4.82044226e-08    1.20000000e+00    0.00000000e+00   -8.39184806e-06    1.22181680e+00
   4.82086919e-08    1.20000000e+00    0.00000000e+00   -5.88570220e-06    1.22476110e+00
   4.82129611e-08    1.20000000e+00    0.00000000e+00   -3.83440772e-06    1.22786376e+00
   4.82172304e-08    1.20000000e+00    0.00000000e+00   -2.18527128e-06    1.23109285e+00
   4.82214996e-08    1.20000000e+00    0.00000000e+00   -8.84447766e-07    1.23428451e+00
   4.82257689e-08    1.20000000e+00    0.00000000e+00    1.20030694e-07    1.23706877e+00
   4.82300382e-08    1.20000000e+00    0.00000000e+00    8.76388422e-07    1.23880979e+00
   4.82343074e-08    1.20000000e+00    0.00000000e+00    1.42808941e-06    1.23851060e+00
   4.82385767e-08    1.20000000e+00    0.00000000e+00    1.81341979e-06    1.23473753e+00
   4.82428460e-08    1.20000000e+00    0.00000000e+00    2.06547561e-06    1.22558511e+00
   4.82471152e-08    1.20000000e+00    0.00000000e+00    2.21241013e-06    1.20886351e+00
   4.82509576e-08    1.20000000e+00    0.00000000e+00    2.27411614e-06    1.18621395e+00
   4.82544157e-08    1.20000000e+00    0.00000000e+00    2.28509691e-06    1.15941601e+00
   4.82578738e-08    1.20000000e+00    0.00000000e+00    2.26325657e-06    1.12655403e+00
   4.82613319e-08    1.20000000e+00    0.00000000e+00    2.21602226e-06    1.08787800e+00
   4.82647900e-08    1.20000000e+00    0.00000000e+00    2.14960796e-06    1.04385241e+00
   4.82682481e-08    1.20000000e+00    0.00000000e+00    2.06917052e-06    9.95099176e-01
   4.82717062e-08    1.20000000e+00    0.00000000e+00    1.97895287e-06    9.42333100e-01
   4.82751643e-08    1.20000000e+00    0.00000000e+00    1.88241365e-06    8.86305759e-01
   4.82786224e-08    1.20000000e+00    0.00000000e+00    1.78234308e-06    8.27764491e-01
   4.82820805e-08    1.20000000e+00    0.00000000e+00    1.68096549e-06    7.67427818e-01
   4.82855386e-08    1.20000000e+00    0.00000000e+00    1.58002935e-06    7.05975871e-01
   4.82889967e-08    1.20000000e+00    0.00000000e+00    1.48088560e-06    6.44053145e-01
   4.82924548e-08    1.20000000e+00    0.00000000e+00    1.38455533e-06    5.82280717e-01
   4.82959129e-08    1.20000000e+00    0.00000000e+00    1.29178794e-06    5.21274984e-01
   4.82993710e-08    1.20000000e+00    0.00000000e+00    1.20311077e-06    4.61669068e-01
   4.83028291e-08    1.20000000e+00    0.00000000e+00    1.11887114e-06    4.04130638e-01
   4.83062872e-08    1.20000000e+00    0.00000000e+00    1.03927192e-06    3.49366180e-01
   4.83097453e-08    1.20000000e+00    0.00000000e+00    9.64401283e-07    2.98099272e-01
   4.83132034e-08    1.20000000e+00    0.00000000e+00    8.94257546e-07    2.51014292e-01
   4.83166615e-08    1.20000000e+00    0.00000000e+00    8.28769773e-07    2.08671530e-01
   4.83201196e-08    1.20000000e+00    0.00000000e+00    7.67814751e-07    1.71419784e-01
   4.83235777e-08    1.20000000e+00    0.00000000e+00    7.11230887e-07    1.39342274e-01
   4.83270358e-08    1.20000000e+00    0.00000000e+00    6.58829502e-07    1.12258799e-01
   4.83304939e-08    1.20000000e+00    0.00000000e+00    6.10403946e-07    8.97794400e-02
   4.83339520e-08    1.20000000e+00    0.00000000e+00    5.65736871e-07    7.13842767e-02
   4.83374101e-08    1.20000000e+00    0.00000000e+00    5.24605995e-07    5.65014914e-02
   4.83408682e-08    1.20000000e+00    0.00000000e+00    4.86788586e-07    4.45671669e-02
   4.83443263e-08    1.20000000e+00    0.00000000e+00    4.52064922e-07    3.50626106e-02
   4.83477844e-08    1.20000000e+00    0.00000000e+00    4.20220883e-07    2.75326106e-02
   4.83512425e-08    1.20000000e+00    0.00000000e+00    3.91049862e-07    2.15904760e-02
   4.83547006e-08    1.20000000e+00    0.00000000e+00    3.64354102e-07    1.69152184e-02
   4.83581587e-08    1.20000000e+00    0.00000000e+00    3.39945590e-07    1.32447752e-02
   4.83616168e-08    1.20000000e+00    0.00000000e+00    3.17646592e-07    1.03677640e-02
   4.83650749e-08    1.20000000e+00    0.00000000e+00    2.97289895e-07    8.11519227e-03
   4.83685330e-08    1.20000000e+00    0.00000000e+00    2.78718845e-07    6.35284676e-03
   4.83754492e-08    1.20000000e+00    0.00000000e+00    2.46298013e-07    3.86776192e-03
   4.83823654e-08    1.20000000e+00    0.00000000e+00    2.19412453e-07    2.36027485e-03
   4.83892816e-08    1.20000000e+00    0.00000000e+00    1.97158563e-07    1.44506859e-03
   4.83961979e-08    1.20000000e+00    0.00000000e+00    1.78767280e-07    8.88407847e-04
   4.84031141e-08    1.20000000e+00    0.00000000e+00    1.63588454e-07    5.48933810e-04
   4.84169465e-08    1.20000000e+00    0.00000000e+00    1.40594347e-07    2.00607286e-04
   4.84446113e-08    1.20000000e+00    0.00000000e+00    1.13939795e-07    1.24724250e-05
   4.84722761e-08    1.20000000e+00    0.00000000e+00    1.02350119e-07    4.29676743e-06
   4.84999409e-08    1.20000000e+00    0.00000000e+00    9.74110392e-08    1.98416053e-06
   4.85000000e-08    1.20000000e+00    0.00000000e+00    9.74048166e-08    1.98150622e-06
   4.85000591e-08    1.20000000e+00    8.50711720e-04    9.73986108e-08    1.98022515e-06
   4.85001182e-08    1.20000000e+00    1.70142344e-03    9.73924160e-08    1.97892748e-06
   4.85002363e-08    1.20000000e+00    3.40284688e-03    9.73800487e-08    1.97629933e-06
   4.85004726e-08    1.20000000e+00    6.80569376e-03    9.73554470e-08    1.97084983e-06
   4.85009452e-08    1.20000000e+00    1.36113875e-02    9.73067700e-08    1.95921700e-06
   4.85018905e-08    1.20000000e+00    2.72227750e-02    9.72114849e-08    1.93331292e-06
   4.85037809e-08    1.20000000e+00    5.44455501e-02    9.70289192e-08    1.87308719e-06
   4.85075619e-08    1.20000000e+00    1.08891100e-01    9.66937405e-08    1.73256391e-06
   4.85151238e-08    1.20000000e+00    2.17782200e-01    9.61284718e-08    1.43773367e-06
   4.85302475e-08    1.20000000e+00    4.35564401e-01    9.53238866e-08    9.73811676e-07
   4.85453713e-08    1.20000000e+00    6.53346601e-01    9.48362055e-08    6.86811796e-07
   4.85468831e-08    1.20000000e+00    6.75117087e-01    9.48016277e-08    6.63191325e-07
   4.85499068e-08    1.20000000e+00    7.18658058e-01    9.47359827e-08    6.11812463e-07
   4.85529305e-08    1.20000000e+00    7.62199030e-01    9.46770553e-08    5.52928681e-07
   4.85559541e-08    1.20000000e+00    8.05740001e-01    9.46242627e-08    4.87359822e-07
   4.85589778e-08    1.20000000e+00    8.49280972e-01    9.45770710e-08    4.18931358e-07
   4.85620015e-08    1.20000000e+00    8.92821944e-01    9.45349906e-08    3.53406328e-07
   4.85650252e-08    1.20000000e+00    9.36362915e-01    9.44975725e-08    2.94869485e-07
   4.85680489e-08    1.20000000e+00    9.79903887e-01    9.44644048e-08    2.45328602e-07
   4.85710725e-08    1.20000000e+00    1.02344486e+00    9.44351104e-08    2.05884621e-07
   4.85740962e-08    1.20000000e+00    1.06698583e+00    9.44093434e-08    1.77150818e-07
   4.85771199e-08    1.20000000e+00    1.11052680e+00    9.43867868e-08    1.59212613e-07
   4.85801436e-08    1.20000000e+00    1.15406777e+00    9.43671505e-08    1.51567980e-07
   4.85831672e-08    1.20000000e+00    1.19760874e+00    9.43501683e-08    1.53222960e-07
   4.85833333e-08    1.20000000e+00    1.20000000e+00    9.43493086e-08    1.53563536e-07
   4.85834994e-08    1.20000000e+00    1.20000000e+00    9.43484597e-08    1.51755549e-07
   4.85836488e-08    1.20000000e+00    1.20000000e+00    9.43477014e-08    1.50501706e-07
   4.85839477e-08    1.20000000e+00    1.20000000e+00    9.43461964e-08    1.48707812e-07
   4.85845455e-08    1.20000000e+00    1.20000000e+00    9.43432550e-08    1.49038976e-07
   4.85857412e-08    1.20000000e+00    1.20000000e+00    9.43376400e-08    1.62181751e-07
   4.85881324e-08    1.20000000e+00    1.20000000e+00    9.43274297e-08    2.19153197e-07
   4.85905237e-08    1.20000000e+00    1.20000000e+00    9.43185034e-08    2.94897546e-07
   4.85929149e-08    1.20000000e+00    1.20000000e+00    9.43107645e-08    3.70146133e-07
   4.85976974e-08    1.20000000e+00    1.20000000e+00    9.42984591e-08    4.85477059e-07
   4.86024800e-08    1.20000000e+00    1.20000000e+00    9.42899138e-08    5.43174116e-07
   4.86120450e-08    1.20000000e+00    1.20000000e+00    9.42817230e-08    5.26834219e-07
   4.86216100e-08    1.20000000e+00    1.20000000e+00    9.42828174e-08    4.19942185e-07
   4.86407400e-08    1.20000000e+00    1.20000000e+00    9.43017142e-08    2.12950690e-07
   4.86598701e-08    1.20000000e+00    1.20000000e+00    9.43330955e-08    1.09198233e-07
   4.86628661e-08    1.20000000e+00    1.20000000e+00    9.43386089e-08    1.03887821e-07
   4.86658622e-08    1.20000000e+00    1.20000000e+00    9.43441459e-08    9.99583687e-08
   4.86718542e-08    1.20000000e+00    1.20000000e+00    9.43553136e-08    9.71562502e-08
   4.86778463e-08    1.20000000e+00    1.20000000e+00    9.43665196e-08    9.87822094e-08
   4.86838384e-08    1.20000000e+00    1.20000000e+00    9.43776665e-08    1.02399168e-07
   4.86898304e-08    1.20000000e+00    1.20000000e+00    9.43886753e-08    1.05719967e-07
   4.86958225e-08    1.20000000e+00    1.20000000e+00    9.43994848e-08    1.06673326e-07
   4.87018146e-08    1.20000000e+00    1.20000000e+00    9.44100470e-08    1.03953496e-07
   4.87078066e-08    1.20000000e+00    1.20000000e+00    9.44203258e-08    9.74153046e-08
   4.87137987e-08    1.20000000e+00    1.20000000e+00    9.44302943e-08    8.79852378e-08
   4.87197908e-08    1.20000000e+00    1.20000000e+00    9.44399335e-08    7.71926155e-08
   4.87257829e-08    1.20000000e+00    1.20000000e+00    9.44492307e-08    6.66338857e-08
   4.87317749e-08    1.20000000e+00    1.20000000e+00    9.44581790e-08    5.75986300e-08
   4.87377670e-08    1.20000000e+00    1.20000000e+00    9.44667750e-08    5.09102546e-08
   4.87437591e-08    1.20000000e+00    1.20000000e+00    9.44750194e-08    4.69274400e-08
   4.87497511e-08    1.20000000e+00    1.20000000e+00    9.44829150e-08    4.56305586e-08
   4.87557432e-08    1.20000000e+00    1.20000000e+00    9.44904676e-08    4.67359564e-08
   4.87617353e-08    1.20000000e+00    1.20000000e+00    9.44976840e-08    4.98055315e-08
   4.87737194e-08    1.20000000e+00    1.20000000e+00    9.45111480e-08    5.96385306e-08
   4.87857036e-08    1.20000000e+00    1.20000000e+00    9.45233801e-08    7.16897201e-08
   4.87976877e-08    1.20000000e+00    1.20000000e+00    9.45344646e-08    8.32464321e-08
   4.88096719e-08    1.20000000e+00    1.20000000e+00    9.45444893e-08    9.27702538e-08
   4.88336401e-08    1.20000000e+00    1.20000000e+00    9.45617448e-08    1.04271709e-07
   4.88815767e-08    1.20000000e+00    1.20000000e+00    9.45873166e-08    1.07405883e-07
   4.89774498e-08    1.20000000e+00    1.20000000e+00    9.46155832e-08    9.69411109e-08
   4.90571259e-08    1.20000000e+00    1.20000000e+00    9.46254607e-08    9.44889667e-08
   4.91368020e-08    1.20000000e+00    1.20000000e+00    9.46301215e-08    9.50035493e-08
   4.92164780e-08    1.20000000e+00    1.20000000e+00    9.46323233e-08    9.48112326e-08
   4.93758301e-08    1.20000000e+00    1.20000000e+00    9.46339693e-08    9.47093657e-08
   4.96945344e-08    1.20000000e+00    1.20000000e+00    9.46343526e-08    9.46582823e-08
   5.00132387e-08    1.20000000e+00    1.20000000e+00    9.46342843e-08    9.46388974e-08
   5.03319429e-08    1.20000000e+00    1.20000000e+00    9.46342964e-08    9.46444226e-08
   5.03750000e-08    1.20000000e+00    1.20000000e+00    9.46342959e-08    9.46374027e-08
   5.03752094e-08    1.19250000e+00    1.20000000e+00   -3.05724560e-07   -3.04410454e-07
   5.03754187e-08    1.18500000e+00    1.20000000e+00   -6.85591896e-07   -6.83054328e-07
   5.03756281e-08    1.17750000e+00    1.20000000e+00   -1.05543508e-06   -1.05171669e-06
   5.03760469e-08    1.16250000e+00    1.20000000e+00   -1.73713050e-06   -1.73129374e-06
   5.03768844e-08    1.13250000e+00    1.20000000e+00   -2.88924741e-06   -2.88003583e-06
   5.03785594e-08    1.07250000e+00    1.20000000e+00   -4.49585651e-06   -4.48257746e-06
   5.03819094e-08    9.52500000e-01    1.20000000e+00   -5.85662653e-06   -5.84140136e-06
   5.03886094e-08    7.12500000e-01    1.20000000e+00   -6.08478545e-06   -6.06966463e-06
   5.03946394e-08    4.96500000e-01    1.20000000e+00   -2.85494796e-06   -2.84599149e-06
   5.03951896e-08    4.76790140e-01    1.20000000e+00   -2.07297045e-06   -2.06601548e-06
   5.03957398e-08    4.57080279e-01    1.20000000e+00   -1.23712464e-06   -1.23238529e-06
   5.03968403e-08    4.17660559e-01    1.20000000e+00    6.92801848e-07    6.92009254e-07
   5.03979408e-08    3.78240838e-01    1.20000000e+00    2.91346489e-06    2.90583418e-06
   5.03990412e-08    3.38821118e-01    1.20000000e+00    5.36064931e-06    5.34515100e-06
   5.04001417e-08    2.99401397e-01    1.20000000e+00    7.98238575e-06    7.95822795e-06
   5.04012422e-08    2.59981677e-01    1.20000000e+00    1.07344949e-05    1.07010743e-05
   5.04023426e-08    2.20561956e-01    1.20000000e+00    1.35764083e-05    1.35332856e-05
   5.04034431e-08    1.81142236e-01    1.20000000e+00    1.64698378e-05    1.64167251e-05
   5.04045436e-08    1.41722515e-01    1.20000000e+00    1.93787316e-05    1.93154832e-05
   5.04056440e-08    1.02302795e-01    1.20000000e+00    2.22695453e-05    2.21961492e-05
   5.04067445e-08    6.28830745e-02    1.20000000e+00    2.51114838e-05    2.50280524e-05
   5.04078450e-08    2.34633540e-02    1.20000000e+00    2.78766280e-05    2.77833902e-05
   5.04085000e-08    1.35669254e-13    1.20000000e+00    2.94763002e-05    2.93773760e-05
   5.04086100e-08    0.00000000e+00    1.20000000e+00    3.00319300e-05    2.99310696e-05
   5.04086893e-08    0.00000000e+00    1.20000000e+00    3.04248934e-05    3.03226619e-05
   5.04087686e-08    0.00000000e+00    1.20000000e+00    3.08142550e-05    3.07106639e-05
   5.04089271e-08    0.00000000e+00    1.20000000e+00    3.15715936e-05    3.14653534e-05
   5.04092441e-08    0.00000000e+00    1.20000000e+00    3.30025861e-05    3.28913224e-05
   5.04098782e-08    0.00000000e+00    1.20000000e+00    3.55443767e-05    3.54241299e-05
   5.04111464e-08    0.00000000e+00    1.20000000e+00    3.94587148e-05    3.93244556e-05
   5.04136827e-08    0.00000000e+00    1.20000000e+00    4.34198420e-05    4.32710128e-05
   5.04162190e-08    0.00000000e+00    1.20000000e+00    4.33687643e-05    4.32197678e-05
   5.04187554e-08    0.00000000e+00    1.20000000e+00    4.06001796e-05    4.04611387e-05
   5.04238280e-08    0.00000000e+00    1.20000000e+00    3.09292424e-05    3.08261657e-05
   5.04289007e-08    0.00000000e+00    1.20000000e+00    1.92294653e-05    1.91708899e-05
   5.04339733e-08    0.00000000e+00    1.20000000e+00    8.33986750e-06    8.32309954e-06
   5.04390460e-08    0.00000000e+00    1.20000000e+00   -6.29321736e-07   -6.14796443e-07
   5.04441186e-08    0.00000000e+00    1.20000000e+00   -7.50552319e-06   -7.50518303e-06
   5.04491913e-08    0.00000000e+00    1.20000000e+00   -1.25802412e-05   -1.26887254e-05
   5.04542639e-08    0.00000000e+00    1.20000000e+00   -1.75990505e-05   -1.78569379e-05
   5.04588293e-08    0.00000000e+00    1.20000000e+00   -2.35223784e-05   -2.39194175e-05
   5.04628025e-08    0.00000000e+00    1.20000000e+00   -2.99509862e-05   -3.04807874e-05
   5.04661984e-08    0.00000000e+00    1.20000000e+00   -3.62292939e-05   -3.68905653e-05
   5.04691488e-08    0.00000000e+00    1.20000000e+00   -4.20637293e-05   -4.28712913e-05
   5.04718042e-08    0.00000000e+00    1.20000000e+00   -4.72911050e-05   -4.82650902e-05
   5.04741940e-08    0.00000000e+00    1.20000000e+00   -5.16528295e-05   -5.27971431e-05
   5.04765838e-08    0.00000000e+00    1.20000000e+00   -5.54164778e-05   -5.67363513e-05
   5.04789737e-08    0.00000000e+00    1.20000000e+00   -5.83780715e-05   -5.98637150e-05
   5.04813635e-08    0.00000000e+00    1.20000000e+00   -6.03928711e-05   -6.20208155e-05
   5.04837533e-08    0.00000000e+00    1.20000000e+00   -6.13743765e-05   -6.31128783e-05
   5.04861432e-08    0.00000000e+00    1.20000000e+00   -6.12884274e-05   -6.31177718e-05
   5.04885330e-08    0.00000000e+00    1.20000000e+00   -6.01375985e-05   -6.21210488e-05
   5.04909228e-08    0.00000000e+00    1.20000000e+00   -5.79180233e-05   -6.03361384e-05
   5.04933126e-08    0.00000000e+00    1.20000000e+00   -5.45698554e-05   -5.77769530e-05
   5.04957025e-08    0.00000000e+00    1.20000000e+00   -5.01112489e-05   -5.37683115e-05
   5.04980923e-08    0.00000000e+00    1.20000000e+00   -4.47598048e-05   -4.72907063e-05
   5.05004821e-08    0.00000000e+00    1.20000000e+00   -3.86277355e-05   -3.75028547e-05
   5.05028720e-08    0.00000000e+00    1.20000000e+00   -3.14350960e-05   -2.38233763e-05
   5.05052618e-08    0.00000000e+00    1.20000000e+00   -2.26937783e-05   -5.89932431e-06
   5.05076516e-08    0.00000000e+00    1.20000000e+00   -1.29480435e-05    1.55169235e-05
   5.05100415e-08    0.00000000e+00    1.20000000e+00   -3.79667287e-06    3.80485318e-05
   5.05124313e-08    0.00000000e+00    1.20000000e+00    4.17489983e-06    5.98790016e-05
   5.05148211e-08    0.00000000e+00    1.20000000e+00    1.12456029e-05    8.01924880e-05
   5.05172109e-08    0.00000000e+00    1.20000000e+00    1.78014508e-05    9.84395182e-05
   5.05196008e-08    0.00000000e+00    1.20000000e+00    2.40816603e-05    1.14077614e-04
   5.05217516e-08    0.00000000e+00    1.20000000e+00    2.95395229e-05    1.25466885e-04
   5.05239025e-08    0.00000000e+00    1.20000000e+00    3.47234504e-05    1.33906593e-04
   5.05260533e-08    0.00000000e+00    1.20000000e+00    3.94703506e-05    1.39096783e-04
   5.05282042e-08    0.00000000e+00    1.20000000e+00    4.35950275e-05    1.40873994e-04
   5.05303550e-08    0.00000000e+00    1.20000000e+00    4.69347836e-05    1.39246823e-04
   5.05325059e-08    0.00000000e+00    1.20000000e+00    4.93782035e-05    1.34400671e-04
   5.05346567e-08    0.00000000e+00    1.20000000e+00    5.08762508e-05    1.26673948e-04
   5.05368075e-08    0.00000000e+00    1.20000000e+00    5.14395306e-05    1.16516420e-04
   5.05389584e-08    0.00000000e+00    1.20000000e+00    5.11274290e-05    1.04441719e-04
   5.05411092e-08    0.00000000e+00    1.20000000e+00    5.00341109e-05    9.09831646e-05
   5.05432601e-08    0.00000000e+00    1.20000000e+00    4.82747097e-05    7.66579039e-05
   5.05454109e-08    0.00000000e+00    1.20000000e+00    4.59734903e-05    6.19410783e-05
   5.05475618e-08    0.00000000e+00    1.20000000e+00    4.32546534e-05    4.72495470e-05
   5.05497126e-08    0.00000000e+00    1.20000000e+00    4.02357869e-05    3.29336651e-05
   5.05518635e-08    0.00000000e+00    1.20000000e+00    3.70236404e-05    1.92752587e-05
   5.05561652e-08    0.00000000e+00    1.20000000e+00    3.04091867e-05   -5.22624532e-06
   5.05604669e-08    0.00000000e+00    1.20000000e+00    2.39377809e-05   -2.53358652e-05
   5.05647686e-08    0.00000000e+00    1.20000000e+00    1.79884280e-05   -4.07142176e-05
   5.05690702e-08    0.00000000e+00    1.20000000e+00    1.27695853e-05   -5.15346184e-05
   5.05733719e-08    0.00000000e+00    1.20000000e+00    8.36199186e-06   -5.82808702e-05
   5.05776736e-08    0.00000000e+00    1.20000000e+00    4.75970168e-06   -6.15895539e-05
   5.05819753e-08    0.00000000e+00    1.20000000e+00    1.90375623e-06   -6.21392711e-05
   5.05862770e-08    0.00000000e+00    1.20000000e+00   -2.92709208e-07   -6.05800871e-05
   5.05948804e-08    0.00000000e+00    1.20000000e+00   -3.13849690e-06   -5.35540864e-05
   5.06034838e-08    0.00000000e+00    1.20000000e+00   -4.44998481e-06   -4.37785960e-05
   5.06120872e-08    0.00000000e+00    1.20000000e+00   -4.81564447e-06   -3.35973606e-05
   5.06206906e-08    0.00000000e+00    1.20000000e+00   -4.65529907e-06   -2.42998202e-05
   5.06292940e-08    0.00000000e+00    1.20000000e+00   -4.23961149e-06   -1.64539657e-05
   5.06378973e-08    0.00000000e+00    1.20000000e+00   -3.72949235e-06   -1.01800078e-05
   5.06465007e-08    0.00000000e+00    1.20000000e+00   -3.21306460e-06   -5.35178631e-06
   5.06551041e-08    0.00000000e+00    1.20000000e+00   -2.73364013e-06   -1.75277011e-06
   5.06637075e-08    0.00000000e+00    1.20000000e+00   -2.30867547e-06    8.40967285e-07
   5.06723109e-08    0.00000000e+00    1.20000000e+00   -1.94171154e-06    2.63605740e-06
   5.06809143e-08    0.00000000e+00    1.20000000e+00   -1.62947139e-06    3.81436352e-06
   5.06895177e-08    0.00000000e+00    1.20000000e+00   -1.36585442e-06    4.52910697e-06
   5.06981211e-08    0.00000000e+00    1.20000000e+00   -1.14404790e-06    4.90416175e-06
   5.07067244e-08    0.00000000e+00    1.20000000e+00   -9.57549600e-07    5.03629991e-06
   5.07153278e-08    0.00000000e+00    1.20000000e+00   -8.00590944e-07    4.99901864e-06
   5.07239312e-08    0.00000000e+00    1.20000000e+00   -6.68249026e-07    4.84631695e-06
   5.07325346e-08    0.00000000e+00    1.20000000e+00   -5.56410530e-07    4.61625549e-06
   5.07411380e-08    0.00000000e+00    1.20000000e+00   -4.61675584e-07    4.33746268e-06
   5.07497414e-08    0.00000000e+00    1.20000000e+00   -3.81246321e-07    4.03281997e-06
   5.07574844e-08    0.00000000e+00    1.20000000e+00   -3.19205206e-07    3.74982796e-06
   5.07644183e-08    0.00000000e+00    1.20000000e+00   -2.70756822e-07    3.49638873e-06
   5.07706588e-08    0.00000000e+00    1.20000000e+00   -2.32152513e-07    3.27436860e-06
   5.07762753e-08    0.00000000e+00    1.20000000e+00   -2.00990758e-07    3.08509914e-06
   5.07818917e-08    0.00000000e+00    1.20000000e+00   -1.72856943e-07    2.90943736e-06
   5.07875082e-08    0.00000000e+00    1.20000000e+00   -1.47445084e-07    2.74882515e-06
   5.07931246e-08    0.00000000e+00    1.20000000e+00   -1.24482470e-07    2.60418431e-06
   5.07987411e-08    0.00000000e+00    1.20000000e+00   -1.03725618e-07    2.47733826e-06
   5.08043575e-08    0.00000000e+00    1.20000000e+00   -8.49567827e-08    2.37062782e-06
   5.08099740e-08    0.00000000e+00    1.20000000e+00   -6.79809345e-08    2.28166605e-06
   5.08150288e-08    0.00000000e+00    1.20000000e+00   -5.40928683e-08    2.20590056e-06
   5.08195781e-08    0.00000000e+00    1.20000000e+00   -4.26197558e-08    2.12861997e-06
   5.08241274e-08    0.00000000e+00    1.20000000e+00   -3.20376246e-08    2.03637789e-06
   5.08286767e-08    0.00000000e+00    1.20000000e+00   -2.22762467e-08    1.93130473e-06
   5.08332261e-08    0.00000000e+00    1.20000000e+00   -1.32711147e-08    1.82002408e-06
   5.08377754e-08    0.00000000e+00    1.20000000e+00   -4.96294260e-09    1.70958679e-06
   5.08423247e-08    0.00000000e+00    1.20000000e+00    2.70278318e-09    1.60513716e-06
   5.08468740e-08    0.00000000e+00    1.20000000e+00    9.77620938e-09    1.50942334e-06
   5.08514234e-08    0.00000000e+00    1.20000000e+00    1.63034852e-08    1.42324608e-06
   5.08559727e-08    0.00000000e+00    1.20000000e+00    2.23270953e-08    1.34614166e-06
   5.08605220e-08    0.00000000e+00    1.20000000e+00    2.78861629e-08    1.27698027e-06
   5.08696207e-08    0.00000000e+00    1.20000000e+00    3.77667159e-08    1.15651922e-06
   5.08878180e-08    0.00000000e+00    1.20000000e+00    5.34354959e-08    9.58616428e-07
   5.09060153e-08    0.00000000e+00    1.20000000e+00    6.47810210e-08    7.93226613e-07
   5.09242126e-08    0.00000000e+00    1.20000000e+00    7.29987003e-08    6.49834311e-07
   5.09424099e-08    0.00000000e+00    1.20000000e+00    7.89520628e-08    5.31145641e-07
   5.09606072e-08    0.00000000e+00    1.20000000e+00    8.32656470e-08    4.38305598e-07
   5.09788045e-08    0.00000000e+00    1.20000000e+00    8.63914708e-08    3.68159690e-07
   5.10151991e-08    0.00000000e+00    1.20000000e+00    9.03741947e-08    2.74581512e-07
   5.10515937e-08    0.00000000e+00    1.20000000e+00    9.24302788e-08    2.20303562e-07
   5.10879883e-08    0.00000000e+00    1.20000000e+00    9.34923571e-08    1.85728552e-07
   5.11243829e-08    0.00000000e+00    1.20000000e+00    9.40414091e-08    1.62434173e-07
   5.11971721e-08    0.00000000e+00    1.20000000e+00    9.44994662e-08    1.33766330e-07
   5.13427505e-08    0.00000000e+00    1.20000000e+00    9.46480002e-08    1.09231205e-07
   5.14883289e-08    0.00000000e+00    1.20000000e+00    9.46318925e-08    1.01258364e-07
   5.16339073e-08    0.00000000e+00    1.20000000e+00    9.46343950e-08    9.90107015e-08
   5.17794857e-08    0.00000000e+00    1.20000000e+00    9.46342297e-08    9.73037853e-08
   5.20706425e-08    0.00000000e+00    1.20000000e+00    9.46343084e-08    9.57062477e-08
   5.25456425e-08    0.00000000e+00    1.20000000e+00    9.46342845e-08    9.50963942e-08
   5.27500000e-08    0.00000000e+00    1.20000000e+00    9.46342950e-08    9.47099481e-08
   5.27502094e-08    7.50000000e-03    1.20000000e+00    7.87089022e-07    7.69638187e-07
   5.27504187e-08    1.50000000e-02    1.20000000e+00    1.45482850e-06    1.42036859e-06
   5.27506281e-08    2.25000000e-02    1.20000000e+00    2.11038098e-06    2.05917264e-06
   5.27510469e-08    3.75000000e-02    1.20000000e+00    3.34921237e-06    3.26607822e-06
   5.27518844e-08    6.75000000e-02    1.20000000e+00    5.55030087e-06    5.40967077e-06
   5.27535594e-08    1.27500000e-01    1.20000000e+00    8.95380316e-06    8.72297402e-06
   5.27569094e-08    2.47500000e-01    1.20000000e+00    1.26317718e-05    1.23045602e-05
   5.27602594e-08    3.67500000e-01    1.20000000e+00    1.34108503e-05    1.30677182e-05
   5.27636094e-08    4.87500000e-01    1.20000000e+00    1.26661609e-05    1.23460351e-05
   5.27646700e-08    5.25492820e-01    1.20000000e+00    1.22186848e-05    1.19094418e-05
   5.27667913e-08    6.01478460e-01    1.20000000e+00    1.11228130e-05    1.08378041e-05
   5.27674783e-08    6.26087349e-01    1.20000000e+00    1.06248623e-05    1.03498607e-05
   5.27688523e-08    6.75305126e-01    1.20000000e+00    9.39943048e-06    9.14877487e-06
   5.27716003e-08    7.73740681e-01    1.20000000e+00    4.92041839e-06    4.76263716e-06
   5.27720181e-08    7.88707590e-01    1.20000000e+00    3.88751835e-06    3.75176207e-06
   5.27724359e-08    8.03674499e-01    1.20000000e+00    2.77820393e-06    2.66599400e-06
   5.27732716e-08    8.33608316e-01    1.20000000e+00    1.68701415e-07    1.13502009e-07
   5.27741072e-08    8.63542133e-01    1.20000000e+00   -3.02733934e-06   -3.00874729e-06
   5.27749429e-08    8.93475951e-01    1.20000000e+00   -6.87013068e-06   -6.75453549e-06
   5.27757785e-08    9.23409768e-01    1.20000000e+00   -1.13536758e-05   -1.11124973e-05
   5.27766142e-08    9.53343586e-01    1.20000000e+00   -1.64054498e-05   -1.60113016e-05
   5.27774498e-08    9.83277403e-01    1.20000000e+00   -2.19497144e-05   -2.13802403e-05
   5.27782855e-08    1.01321122e+00    1.20000000e+00   -2.79412013e-05   -2.71777518e-05
   5.27791211e-08    1.04314504e+00    1.20000000e+00   -3.43545351e-05   -3.33803734e-05
   5.27799568e-08    1.07307886e+00    1.20000000e+00   -4.11690897e-05   -3.99686810e-05
   5.27807924e-08    1.10301267e+00    1.20000000e+00   -4.83612456e-05   -4.69202144e-05
   5.27816281e-08    1.13294649e+00    1.20000000e+00   -5.59014614e-05   -5.42068311e-05
   5.27824637e-08    1.16288031e+00    1.20000000e+00   -6.37533668e-05   -6.17939299e-05
   5.27832994e-08    1.19281413e+00    1.20000000e+00   -7.18735894e-05   -6.96403727e-05
   5.27835000e-08    1.20000000e+00    1.20000000e+00   -7.38586069e-05   -7.15585729e-05
   5.27835484e-08    1.20000000e+00    1.20000000e+00   -7.44366527e-05   -7.21178075e-05
   5.27835912e-08    1.20000000e+00    1.20000000e+00   -7.49451016e-05   -7.26096769e-05
   5.27836341e-08    1.20000000e+00    1.20000000e+00   -7.54515514e-05   -7.30995956e-05
   5.27837199e-08    1.20000000e+00    1.20000000e+00   -7.64520436e-05   -7.40673339e-05
   5.27838914e-08    1.20000000e+00    1.20000000e+00   -7.84037964e-05   -7.59548197e-05
   5.27842344e-08    1.20000000e+00    1.20000000e+00   -8.21136548e-05   -7.95411581e-05
   5.27849205e-08    1.20000000e+00    1.20000000e+00   -8.87862246e-05   -8.59869858e-05
   5.27862927e-08    1.20000000e+00    1.20000000e+00   -9.93732524e-05   -9.62019713e-05
   5.27890370e-08    1.20000000e+00    1.20000000e+00   -1.11359177e-04   -1.07776162e-04
   5.27917813e-08    1.20000000e+00    1.20000000e+00   -1.13696353e-04   -1.10508954e-04
   5.27945256e-08    1.20000000e+00    1.20000000e+00   -1.08963499e-04   -1.08541174e-04
   5.27969955e-08    1.20000000e+00    1.20000000e+00   -1.00427531e-04   -1.03733914e-04
   5.27992184e-08    1.20000000e+00    1.20000000e+00   -9.04635974e-05   -9.41403673e-05
   5.28014413e-08    1.20000000e+00    1.20000000e+00   -7.88903822e-05   -7.71422890e-05
   5.28036642e-08    1.20000000e+00    1.20000000e+00   -6.57870944e-05   -5.15216617e-05
   5.28058871e-08    1.20000000e+00    1.20000000e+00   -5.15440731e-05   -1.71019385e-05
   5.28081100e-08    1.20000000e+00    1.20000000e+00   -3.70176202e-05    2.50095716e-05
   5.28103329e-08    1.20000000e+00    1.20000000e+00   -2.27436989e-05    7.28728545e-05
   5.28123335e-08    1.20000000e+00    1.20000000e+00   -1.02707943e-05    1.19173730e-04
   5.28143341e-08    1.20000000e+00    1.20000000e+00    1.76880100e-06    1.66884975e-04
   5.28163347e-08    1.20000000e+00    1.20000000e+00    1.33028392e-05    2.14498274e-04
   5.28183353e-08    1.20000000e+00    1.20000000e+00    2.42495154e-05    2.60653553e-04
   5.28203359e-08    1.20000000e+00    1.20000000e+00    3.45153683e-05    3.04192248e-04
   5.28223365e-08    1.20000000e+00    1.20000000e+00    4.39987100e-05    3.44171302e-04
   5.28243371e-08    1.20000000e+00    1.20000000e+00    5.25969818e-05    3.79860100e-04
   5.28263377e-08    1.20000000e+00    1.20000000e+00    6.02161831e-05    4.10734624e-04
   5.28283383e-08    1.20000000e+00    1.20000000e+00    6.67801957e-05    4.36471620e-04
   5.28303389e-08    1.20000000e+00    1.20000000e+00    7.22381612e-05    4.56939298e-04
   5.28323395e-08    1.20000000e+00    1.20000000e+00    7.65689674e-05    4.72181479e-04
   5.28343402e-08    1.20000000e+00    1.20000000e+00    7.97830984e-05    4.82394828e-04
   5.28363408e-08    1.20000000e+00    1.20000000e+00    8.19235974e-05    4.87900941e-04
   5.28383414e-08    1.20000000e+00    1.20000000e+00    8.30702960e-05    4.89115902e-04
   5.28403420e-08    1.20000000e+00    1.20000000e+00    8.33559592e-05    4.86519874e-04
   5.28423426e-08    1.20000000e+00    1.20000000e+00    8.30069914e-05    4.80628688e-04
   5.28443432e-08    1.20000000e+00    1.20000000e+00    8.23980889e-05    4.71968488e-04
   5.28463438e-08    1.20000000e+00    1.20000000e+00    8.20138175e-05    4.61053392e-04
   5.28483444e-08    1.20000000e+00    1.20000000e+00    8.22229926e-05    4.48366104e-04
   5.28503450e-08    1.20000000e+00    1.20000000e+00    8.31215982e-05    4.34347355e-04
   5.28523456e-08    1.20000000e+00    1.20000000e+00    8.46257062e-05    4.19407186e-04
   5.28543462e-08    1.20000000e+00    1.20000000e+00    8.65780957e-05    4.03941988e-04
   5.28563468e-08    1.20000000e+00    1.20000000e+00    8.87545695e-05    3.88323528e-04
   5.28583474e-08    1.20000000e+00    1.20000000e+00    9.08425310e-05    3.72878912e-04
   5.28603480e-08    1.20000000e+00    1.20000000e+00    9.24458531e-05    3.57885566e-04
   5.28623486e-08    1.20000000e+00    1.20000000e+00    9.31153932e-05    3.43574757e-04
   5.28643492e-08    1.20000000e+00    1.20000000e+00    9.23958160e-05    3.30132411e-04
   5.28663499e-08    1.20000000e+00    1.20000000e+00    8.99051332e-05    3.17693507e-04
   5.28683505e-08    1.20000000e+00    1.20000000e+00    8.54301321e-05    3.06333347e-04
   5.28703511e-08    1.20000000e+00    1.20000000e+00    7.89686144e-05    2.96062097e-04
   5.28723517e-08    1.20000000e+00    1.20000000e+00    7.07055304e-05    2.86826300e-04
   5.28743523e-08    1.20000000e+00    1.20000000e+00    6.09600239e-05    2.78515313e-04
   5.28763529e-08    1.20000000e+00    1.20000000e+00    5.01289533e-05    2.70967511e-04
   5.28783535e-08    1.20000000e+00    1.20000000e+00    3.86369380e-05    2.63972302e-04
   5.28803541e-08    1.20000000e+00    1.20000000e+00    2.68969822e-05    2.57267242e-04
   5.28823547e-08    1.20000000e+00    1.20000000e+00    1.52828545e-05    2.50532410e-04
   5.28843553e-08    1.20000000e+00    1.20000000e+00    4.11245140e-06    2.43386163e-04
   5.28863559e-08    1.20000000e+00    1.20000000e+00   -6.35977205e-06    2.35387220e-04
   5.28883565e-08    1.20000000e+00    1.20000000e+00   -1.59436106e-05    2.26046915e-04
   5.28903571e-08    1.20000000e+00    1.20000000e+00   -2.45093476e-05    2.14851715e-04
   5.28923577e-08    1.20000000e+00    1.20000000e+00   -3.19812366e-05    2.01290584e-04
   5.28943583e-08    1.20000000e+00    1.20000000e+00   -3.83296077e-05    1.84877824e-04
   5.28963589e-08    1.20000000e+00    1.20000000e+00   -4.35625707e-05    1.65163017e-04
   5.28983596e-08    1.20000000e+00    1.20000000e+00   -4.77179626e-05    1.41725392e-04
   5.29003602e-08    1.20000000e+00    1.20000000e+00   -5.08559361e-05    1.14156519e-04
   5.29023608e-08    1.20000000e+00    1.20000000e+00   -5.30524072e-05    8.20385094e-05
   5.29043614e-08    1.20000000e+00    1.20000000e+00   -5.43934493e-05    4.49241020e-05
   5.29063620e-08    1.20000000e+00    1.20000000e+00   -5.49706398e-05    2.32207786e-06
   5.29103632e-08    1.20000000e+00    1.20000000e+00   -5.42492057e-05   -1.01789996e-04
   5.29143644e-08    1.20000000e+00    1.20000000e+00   -5.15525090e-05   -2.35052446e-04
   5.29183656e-08    1.20000000e+00    1.20000000e+00   -4.75206298e-05   -4.03382941e-04
   5.29223668e-08    1.20000000e+00    1.20000000e+00   -4.26940446e-05   -6.13556360e-04
   5.29263680e-08    1.20000000e+00    1.20000000e+00   -3.75031278e-05   -8.73293241e-04
   5.29303693e-08    1.20000000e+00    1.20000000e+00   -3.22725355e-05   -1.19154913e-03
   5.29343705e-08    1.20000000e+00    1.20000000e+00   -2.72334623e-05   -1.57902770e-03
   5.29383717e-08    1.20000000e+00    1.20000000e+00   -2.25391545e-05   -2.04848542e-03
   5.29423729e-08    1.20000000e+00    1.20000000e+00   -1.82808328e-05   -2.61066892e-03
   5.29463741e-08    1.20000000e+00    1.20000000e+00   -1.45024223e-05   -3.26705836e-03
   5.29503753e-08    1.20000000e+00    1.20000000e+00   -1.12133122e-05   -4.01218867e-03
   5.29543765e-08    1.20000000e+00    1.20000000e+00   -8.39889318e-06   -4.84347218e-03
   5.29583777e-08    1.20000000e+00    1.20000000e+00   -6.02892628e-06   -5.76484452e-03
   5.29623790e-08    1.20000000e+00    1.20000000e+00   -4.06396029e-06   -6.78657218e-03
   5.29663802e-08    1.20000000e+00    1.20000000e+00   -2.46008533e-06   -7.92585257e-03
   5.29703814e-08    1.20000000e+00    1.20000000e+00   -1.17232372e-06   -9.20925502e-03
   5.29743826e-08    1.20000000e+00    1.20000000e+00   -1.56940925e-07   -1.06786021e-02
   5.29783838e-08    1.20000000e+00    1.20000000e+00    6.27074105e-07   -1.23986542e-02
   5.29823850e-08    1.20000000e+00    1.20000000e+00    1.21714947e-06   -1.44167200e-02
   5.29863862e-08    1.20000000e+00    1.20000000e+00    1.64672107e-06   -1.66059884e-02
   5.29903874e-08    1.20000000e+00    1.20000000e+00    1.94513858e-06   -1.85887690e-02
   5.29943887e-08    1.20000000e+00    1.20000000e+00    2.13778282e-06   -1.98162301e-02
   5.29983899e-08    1.20000000e+00    1.20000000e+00    2.24631628e-06   -1.96107869e-02
   5.30023911e-08    1.20000000e+00    1.20000000e+00    2.28900939e-06   -1.71718250e-02
   5.30063923e-08    1.20000000e+00    1.20000000e+00    2.28110185e-06   -1.16390361e-02
   5.30103935e-08    1.20000000e+00    1.20000000e+00    2.23517069e-06   -2.32525666e-03
   5.30143947e-08    1.20000000e+00    1.20000000e+00    2.16148655e-06    1.11548581e-02
   5.30183959e-08    1.20000000e+00    1.20000000e+00    2.06834650e-06    2.90387622e-02
   5.30223971e-08    1.20000000e+00    1.20000000e+00    1.96237730e-06    5.14461374e-02
   5.30263984e-08    1.20000000e+00    1.20000000e+00    1.84880586e-06    7.83480970e-02
   5.30303996e-08    1.20000000e+00    1.20000000e+00    1.73169700e-06    1.09546373e-01
   5.30344008e-08    1.20000000e+00    1.20000000e+00    1.61415928e-06    1.44665884e-01
   5.30384020e-08    1.20000000e+00    1.20000000e+00    1.49852150e-06    1.83175000e-01
   5.30424032e-08    1.20000000e+00    1.20000000e+00    1.38648226e-06    2.24440648e-01
   5.30464044e-08    1.20000000e+00    1.20000000e+00    1.27923565e-06    2.67802842e-01
   5.30504056e-08    1.20000000e+00    1.20000000e+00    1.17757607e-06    3.12641029e-01
   5.30544068e-08    1.20000000e+00    1.20000000e+00    1.08198478e-06    3.58414034e-01
   5.30584081e-08    1.20000000e+00    1.20000000e+00    9.92700971e-07    4.04672434e-01
   5.30624093e-08    1.20000000e+00    1.20000000e+00    9.09779612e-07    4.51052152e-01
   5.30664105e-08    1.20000000e+00    1.20000000e+00    8.33138188e-07    4.97258953e-01
   5.30704117e-08    1.20000000e+00    1.20000000e+00    7.62594154e-07    5.43050593e-01
   5.30744129e-08    1.20000000e+00    1.20000000e+00    6.97894703e-07    5.88220154e-01
   5.30784141e-08    1.20000000e+00    1.20000000e+00    6.38740188e-07    6.32582062e-01
   5.30824153e-08    1.20000000e+00    1.20000000e+00    5.84802364e-07    6.75961230e-01
   5.30864165e-08    1.20000000e+00    1.20000000e+00    5.35738413e-07    7.18185346e-01
   5.30904178e-08    1.20000000e+00    1.20000000e+00    4.91201568e-07    7.59080313e-01
   5.30944190e-08    1.20000000e+00    1.20000000e+00    4.50849006e-07    7.98468874e-01
   5.30984202e-08    1.20000000e+00    1.20000000e+00    4.14347568e-07    8.36172493e-01
   5.31024214e-08    1.20000000e+00    1.20000000e+00    3.81377767e-07    8.72016422e-01
   5.31064226e-08    1.20000000e+00    1.20000000e+00    3.51636450e-07    9.05837552e-01
   5.31104238e-08    1.20000000e+00    1.20000000e+00    3.24838425e-07    9.37494112e-01
   5.31144250e-08    1.20000000e+00    1.20000000e+00    3.00717287e-07    9.66875818e-01
   5.31184262e-08    1.20000000e+00    1.20000000e+00    2.79025650e-07    9.93912669e-01
   5.31224275e-08    1.20000000e+00    1.20000000e+00    2.59534933e-07    1.01858075e+00
   5.31264287e-08    1.20000000e+00    1.20000000e+00    2.42034824e-07    1.04090382e+00
   5.31304299e-08    1.20000000e+00    1.20000000e+00    2.26332528e-07    1.06095056e+00
   5.31344311e-08    1.20000000e+00    1.20000000e+00    2.12251861e-07    1.07882792e+00
   5.31384323e-08    1.20000000e+00    1.20000000e+00    1.99632258e-07    1.09467224e+00
   5.31424335e-08    1.20000000e+00    1.20000000e+00    1.88327734e-07    1.10863932e+00
   5.31464347e-08    1.20000000e+00    1.20000000e+00    1.78205838e-07    1.12089517e+00
   5.31504359e-08    1.20000000e+00    1.20000000e+00    1.69146618e-07    1.13160799e+00
   5.31544372e-08    1.20000000e+00    1.20000000e+00    1.61041609e-07    1.14094201e+00
   5.31584384e-08    1.20000000e+00    1.20000000e+00    1.53792880e-07    1.14905321e+00
   5.31624396e-08    1.20000000e+00    1.20000000e+00    1.47312115e-07    1.15608652e+00
   5.31664408e-08    1.20000000e+00    1.20000000e+00    1.41519758e-07    1.16217438e+00
   5.31704420e-08    1.20000000e+00    1.20000000e+00    1.36344215e-07    1.16743628e+00
   5.31744432e-08    1.20000000e+00    1.20000000e+00    1.31721112e-07    1.17197893e+00
   5.31784444e-08    1.20000000e+00    1.20000000e+00    1.27592612e-07    1.17589689e+00
   5.31824456e-08    1.20000000e+00    1.20000000e+00    1.23906783e-07    1.17927341e+00
   5.31864469e-08    1.20000000e+00    1.20000000e+00    1.20617030e-07    1.18218144e+00
   5.31944493e-08    1.20000000e+00    1.20000000e+00    1.15046967e-07    1.18686073e+00
   5.32024517e-08    1.20000000e+00    1.20000000e+00    1.10619774e-07    1.19031697e+00
   5.32104541e-08    1.20000000e+00    1.20000000e+00    1.07104996e-07    1.19286684e+00
   5.32184566e-08    1.20000000e+00    1.20000000e+00    1.04318068e-07    1.19474650e+00
   5.32344614e-08    1.20000000e+00    1.20000000e+00    1.00323991e-07    1.19719347e+00
   5.32500003e-08    1.20000000e+00    1.20000000e+00    9.79102883e-08    1.19847103e+00
   5.32502004e-08    1.20000000e+00    1.19711913e+00    9.78865306e-08    1.19848253e+00
   5.32506005e-08    1.20000000e+00    1.19135738e+00    9.78395807e-08    1.19850520e+00
   5.32514007e-08    1.20000000e+00    1.17983388e+00    9.77467991e-08    1.19854984e+00
   5.32530012e-08    1.20000000e+00    1.15678689e+00    9.75677951e-08    1.19863518e+00
   5.32562022e-08    1.20000000e+00    1.11069290e+00    9.72345867e-08    1.19879122e+00
   5.32626041e-08    1.20000000e+00    1.01850493e+00    9.66569293e-08    1.19905257e+00
   5.32754080e-08    1.20000000e+00    8.34128977e-01    9.57875408e-08    1.19942193e+00
   5.32882119e-08    1.20000000e+00    6.49753029e-01    9.52100057e-08    1.19964680e+00
   5.33010158e-08    1.20000000e+00    4.65377080e-01    9.48325970e-08    1.19978382e+00
   5.33026338e-08    1.20000000e+00    4.42077828e-01    9.47971868e-08    1.19979618e+00
   5.33042518e-08    1.20000000e+00    4.18778575e-01    9.47627577e-08    1.19980818e+00
   5.33074878e-08    1.20000000e+00    3.72180069e-01    9.46995131e-08    1.19983009e+00
   5.33107238e-08    1.20000000e+00    3.25581563e-01    9.46432347e-08    1.19984948e+00
   5.33139598e-08    1.20000000e+00    2.78983058e-01    9.45932766e-08    1.19986662e+00
   5.33171958e-08    1.20000000e+00    2.32384552e-01    9.45490500e-08    1.19988179e+00
   5.33204318e-08    1.20000000e+00    1.85786046e-01    9.45100182e-08    1.19989521e+00
   5.33236678e-08    1.20000000e+00    1.39187541e-01    9.44756925e-08    1.19990708e+00
   5.33269038e-08    1.20000000e+00    9.25890349e-02    9.44456273e-08    1.19991758e+00
   5.33301398e-08    1.20000000e+00    4.59905292e-02    9.44194169e-08    1.19992687e+00
   5.33333336e-08    1.20000000e+00    1.04360964e-13    9.43969679e-08    1.19993498e+00
   5.33336572e-08    1.20000000e+00    0.00000000e+00    9.43948880e-08    1.19993575e+00
   5.33339058e-08    1.20000000e+00    0.00000000e+00    9.43933081e-08    1.19993634e+00
   5.33344031e-08    1.20000000e+00    0.00000000e+00    9.43901845e-08    1.19993750e+00
   5.33353976e-08    1.20000000e+00    0.00000000e+00    9.43841513e-08    1.19993975e+00
   5.33373866e-08    1.20000000e+00    0.00000000e+00    9.43729069e-08    1.19994399e+00
   5.33413645e-08    1.20000000e+00    0.00000000e+00    9.43534635e-08    1.19995152e+00
   5.33493205e-08    1.20000000e+00    0.00000000e+00    9.43250250e-08    1.19996359e+00
   5.33652324e-08    1.20000000e+00    0.00000000e+00    9.42990425e-08    1.19997949e+00
   5.33811444e-08    1.20000000e+00    0.00000000e+00    9.43009661e-08    1.19998831e+00
   5.33970563e-08    1.20000000e+00    0.00000000e+00    9.43181877e-08    1.19999323e+00
   5.34129682e-08    1.20000000e+00    0.00000000e+00    9.43430138e-08    1.19999597e+00
   5.34288801e-08    1.20000000e+00    0.00000000e+00    9.43708326e-08    1.19999752e+00
   5.34447921e-08    1.20000000e+00    0.00000000e+00    9.43989550e-08    1.19999841e+00
   5.34591128e-08    1.20000000e+00    0.00000000e+00    9.44232772e-08    1.19999889e+00
   5.34720015e-08    1.20000000e+00    0.00000000e+00    9.44438429e-08    1.19999917e+00
   5.34836013e-08    1.20000000e+00    0.00000000e+00    9.44610931e-08    1.19999936e+00
   5.34952011e-08    1.20000000e+00    0.00000000e+00    9.44770865e-08    1.19999950e+00
   5.35068009e-08    1.20000000e+00    0.00000000e+00    9.44918220e-08    1.19999961e+00
   5.35184007e-08    1.20000000e+00    0.00000000e+00    9.45053332e-08    1.19999970e+00
   5.35300004e-08    1.20000000e+00    0.00000000e+00    9.45176756e-08    1.19999976e+00
   5.35416002e-08    1.20000000e+00    0.00000000e+00    9.45289177e-08    1.19999981e+00
   5.35532000e-08    1.20000000e+00    0.00000000e+00    9.45391342e-08    1.19999985e+00
   5.35647998e-08    1.20000000e+00    0.00000000e+00    9.45484022e-08    1.19999987e+00
   5.35763996e-08    1.20000000e+00    0.00000000e+00    9.45567977e-08    1.19999989e+00
   5.35879994e-08    1.20000000e+00    0.00000000e+00    9.45643947e-08    1.19999990e+00
   5.36111990e-08    1.20000000e+00    0.00000000e+00    9.45774960e-08    1.19999992e+00
   5.36575982e-08    1.20000000e+00    0.00000000e+00    9.45970280e-08    1.19999994e+00
   5.37503966e-08    1.20000000e+00    0.00000000e+00    9.46189527e-08    1.19999998e+00
   5.38339151e-08    1.20000000e+00    0.00000000e+00    9.46273336e-08    1.19999999e+00
   5.39174336e-08    1.20000000e+00    0.00000000e+00    9.46311347e-08    1.19999999e+00
   5.40009521e-08    1.20000000e+00    0.00000000e+00    9.46328602e-08    1.19999999e+00
   5.41679892e-08    1.20000000e+00    0.00000000e+00    9.46340907e-08    1.19999999e+00
   5.45020633e-08    1.20000000e+00    0.00000000e+00    9.46343350e-08    1.19999999e+00
   5.48361374e-08    1.20000000e+00    0.00000000e+00    9.46342860e-08    1.19999999e+00
   5.51250000e-08    1.20000000e+00    0.00000000e+00    9.46342953e-08    1.19999999e+00
   5.51252094e-08    1.19250000e+00    0.00000000e+00   -3.05725351e-07    1.19999927e+00
   5.51254187e-08    1.18500000e+00    0.00000000e+00   -6.85593446e-07    1.19999858e+00
   5.51256281e-08    1.17750000e+00    0.00000000e+00   -1.05543738e-06    1.19999790e+00
   5.51260469e-08    1.16250000e+00    0.00000000e+00   -1.73713418e-06    1.19999666e+00
   5.51268844e-08    1.13250000e+00    0.00000000e+00   -2.88925347e-06    1.19999455e+00
   5.51285594e-08    1.07250000e+00    0.00000000e+00   -4.49586580e-06    1.19999153e+00
   5.51319094e-08    9.52500000e-01    0.00000000e+00   -5.85663747e-06    1.19998865e+00
   5.51386094e-08    7.12500000e-01    0.00000000e+00   -6.08479214e-06    1.19998698e+00
   5.51446394e-08    4.96500000e-01    0.00000000e+00   -2.85494437e-06    1.19999177e+00
   5.51451810e-08    4.77097394e-01    0.00000000e+00   -2.08637369e-06    1.19999309e+00
   5.51457227e-08    4.57694788e-01    0.00000000e+00   -1.26554249e-06    1.19999450e+00
   5.51468060e-08    4.18889575e-01    0.00000000e+00    6.27220206e-07    1.19999780e+00
   5.51478893e-08    3.80084363e-01    0.00000000e+00    2.80377355e-06    1.20000165e+00
   5.51489726e-08    3.41279150e-01    0.00000000e+00    5.20241098e-06    1.20000595e+00
   5.51500559e-08    3.02473938e-01    0.00000000e+00    7.77300466e-06    1.20001061e+00
   5.51511392e-08    2.63668726e-01    0.00000000e+00    1.04730718e-05    1.20001559e+00
   5.51522226e-08    2.24863513e-01    0.00000000e+00    1.32636998e-05    1.20002081e+00
   5.51533059e-08    1.86058301e-01    0.00000000e+00    1.61081568e-05    1.20002622e+00
   5.51543892e-08    1.47253089e-01    0.00000000e+00    1.89717905e-05    1.20003177e+00
   5.51554725e-08    1.08447876e-01    0.00000000e+00    2.18222705e-05    1.20003740e+00
   5.51565558e-08    6.96426638e-02    0.00000000e+00    2.46298229e-05    1.20004306e+00
   5.51576391e-08    3.08374514e-02    0.00000000e+00    2.73673648e-05    1.20004871e+00
   5.51585000e-08    1.65201186e-13    0.00000000e+00    2.94770930e-05    1.20005317e+00
   5.51586083e-08    0.00000000e+00    0.00000000e+00    3.00242730e-05    1.20005425e+00
   5.51586859e-08    0.00000000e+00    0.00000000e+00    3.04090588e-05    1.20005501e+00
   5.51587634e-08    0.00000000e+00    0.00000000e+00    3.07903949e-05    1.20005576e+00
   5.51589185e-08    0.00000000e+00    0.00000000e+00    3.15325820e-05    1.20005724e+00
   5.51592287e-08    0.00000000e+00    0.00000000e+00    3.29367521e-05    1.20006005e+00
   5.51598491e-08    0.00000000e+00    0.00000000e+00    3.54379125e-05    1.20006513e+00
   5.51610899e-08    0.00000000e+00    0.00000000e+00    3.93161969e-05    1.20007340e+00
   5.51635715e-08    0.00000000e+00    0.00000000e+00    4.33382659e-05    1.20008363e+00
   5.51660531e-08    0.00000000e+00    0.00000000e+00    4.34615123e-05    1.20008733e+00
   5.51685347e-08    0.00000000e+00    0.00000000e+00    4.09137743e-05    1.20008651e+00
   5.51734979e-08    0.00000000e+00    0.00000000e+00    3.16558307e-05    1.20007731e+00
   5.51784611e-08    0.00000000e+00    0.00000000e+00    2.02270417e-05    1.20006318e+00
   5.51834243e-08    0.00000000e+00    0.00000000e+00    9.42837356e-06    1.20004845e+00
   5.51883875e-08    0.00000000e+00    0.00000000e+00    4.17000643e-07    1.20003507e+00
   5.51933507e-08    0.00000000e+00    0.00000000e+00   -6.59119057e-06    1.20002318e+00
   5.51983139e-08    0.00000000e+00    0.00000000e+00   -1.17624086e-05    1.20001145e+00
   5.52032771e-08    0.00000000e+00    0.00000000e+00   -1.65149033e-05    1.19999803e+00
   5.52077440e-08    0.00000000e+00    0.00000000e+00   -2.19665790e-05    1.19998321e+00
   5.52117642e-08    0.00000000e+00    0.00000000e+00   -2.81719112e-05    1.19996701e+00
   5.52153535e-08    0.00000000e+00    0.00000000e+00   -3.46168900e-05    1.19995012e+00
   5.52185058e-08    0.00000000e+00    0.00000000e+00   -4.07829938e-05    1.19993340e+00
   5.52213283e-08    0.00000000e+00    0.00000000e+00   -4.63755233e-05    1.19991698e+00
   5.52238686e-08    0.00000000e+00    0.00000000e+00   -5.10898034e-05    1.19990142e+00
   5.52264089e-08    0.00000000e+00    0.00000000e+00   -5.51665574e-05    1.19988630e+00
   5.52289492e-08    0.00000000e+00    0.00000000e+00   -5.83535589e-05    1.19987294e+00
   5.52314894e-08    0.00000000e+00    0.00000000e+00   -6.04736931e-05    1.19986229e+00
   5.52340297e-08    0.00000000e+00    0.00000000e+00   -6.14241484e-05    1.19985473e+00
   5.52365700e-08    0.00000000e+00    0.00000000e+00   -6.11681215e-05    1.19985027e+00
   5.52391103e-08    0.00000000e+00    0.00000000e+00   -5.97110227e-05    1.19984873e+00
   5.52416505e-08    0.00000000e+00    0.00000000e+00   -5.70353317e-05    1.19984974e+00
   5.52441908e-08    0.00000000e+00    0.00000000e+00   -5.30697069e-05    1.19985269e+00
   5.52467311e-08    0.00000000e+00    0.00000000e+00   -4.79242549e-05    1.19985637e+00
   5.52492714e-08    0.00000000e+00    0.00000000e+00   -4.18600968e-05    1.19985923e+00
   5.52518117e-08    0.00000000e+00    0.00000000e+00   -3.48149956e-05    1.19986150e+00
   5.52543519e-08    0.00000000e+00    0.00000000e+00   -2.62374873e-05    1.19986469e+00
   5.52568922e-08    0.00000000e+00    0.00000000e+00   -1.60742850e-05    1.19986977e+00
   5.52594325e-08    0.00000000e+00    0.00000000e+00   -6.03075972e-06    1.19987715e+00
   5.52619728e-08    0.00000000e+00    0.00000000e+00    2.72275253e-06    1.19988693e+00
   5.52645131e-08    0.00000000e+00    0.00000000e+00    1.03693685e-05    1.19989905e+00
   5.52670533e-08    0.00000000e+00    0.00000000e+00    1.73790674e-05    1.19991338e+00
   5.52695936e-08    0.00000000e+00    0.00000000e+00    2.40611667e-05    1.19992971e+00
   5.52718799e-08    0.00000000e+00    0.00000000e+00    2.98533310e-05    1.19994584e+00
   5.52739375e-08    0.00000000e+00    0.00000000e+00    3.48012430e-05    1.19996121e+00
   5.52759951e-08    0.00000000e+00    0.00000000e+00    3.93468775e-05    1.19997699e+00
   5.52780527e-08    0.00000000e+00    0.00000000e+00    4.33272497e-05    1.19999279e+00
   5.52801104e-08    0.00000000e+00    0.00000000e+00    4.65977718e-05    1.20000818e+00
   5.52821680e-08    0.00000000e+00    0.00000000e+00    4.90560045e-05    1.20002276e+00
   5.52842256e-08    0.00000000e+00    0.00000000e+00    5.06516444e-05    1.20003620e+00
   5.52862832e-08    0.00000000e+00    0.00000000e+00    5.13854179e-05    1.20004826e+00
   5.52883409e-08    0.00000000e+00    0.00000000e+00    5.13010970e-05    1.20005879e+00
   5.52903985e-08    0.00000000e+00    0.00000000e+00    5.04744837e-05    1.20006773e+00
   5.52924561e-08    0.00000000e+00    0.00000000e+00    4.90020835e-05    1.20007507e+00
   5.52945137e-08    0.00000000e+00    0.00000000e+00    4.69910320e-05    1.20008088e+00
   5.52965714e-08    0.00000000e+00    0.00000000e+00    4.45509658e-05    1.20008527e+00
   5.52986290e-08    0.00000000e+00    0.00000000e+00    4.17879693e-05    1.20008834e+00
   5.53027443e-08    0.00000000e+00    0.00000000e+00    3.57119540e-05    1.20009122e+00
   5.53068595e-08    0.00000000e+00    0.00000000e+00    2.93619909e-05    1.20009057e+00
   5.53109748e-08    0.00000000e+00    0.00000000e+00    2.32149485e-05    1.20008740e+00
   5.53150900e-08    0.00000000e+00    0.00000000e+00    1.75793968e-05    1.20008260e+00
   5.53192053e-08    0.00000000e+00    0.00000000e+00    1.26243267e-05    1.20007684e+00
   5.53274358e-08    0.00000000e+00    0.00000000e+00    4.91282747e-06    1.20006440e+00
   5.53356663e-08    0.00000000e+00    0.00000000e+00   -9.82715692e-08    1.20005227e+00
   5.53438968e-08    0.00000000e+00    0.00000000e+00   -2.97627209e-06    1.20004155e+00
   5.53521273e-08    0.00000000e+00    0.00000000e+00   -4.37095668e-06    1.20003254e+00
   5.53685883e-08    0.00000000e+00    0.00000000e+00   -4.85529599e-06    1.20001906e+00
   5.53850493e-08    0.00000000e+00    0.00000000e+00   -3.98025123e-06    1.20001039e+00
   5.54015103e-08    0.00000000e+00    0.00000000e+00   -2.94940398e-06    1.20000498e+00
   5.54179713e-08    0.00000000e+00    0.00000000e+00   -2.11231797e-06    1.20000164e+00
   5.54344323e-08    0.00000000e+00    0.00000000e+00   -1.49993354e-06    1.19999962e+00
   5.54492472e-08    0.00000000e+00    0.00000000e+00   -1.10204863e-06    1.19999851e+00
   5.54625806e-08    0.00000000e+00    0.00000000e+00   -8.34845653e-07    1.19999791e+00
   5.54745549e-08    0.00000000e+00    0.00000000e+00   -6.49188336e-07    1.19999758e+00
   5.54853318e-08    0.00000000e+00    0.00000000e+00   -5.15684350e-07    1.19999742e+00
   5.54961086e-08    0.00000000e+00    0.00000000e+00   -4.07097811e-07    1.19999734e+00
   5.55068855e-08    0.00000000e+00    0.00000000e+00   -3.18450133e-07    1.19999733e+00
   5.55176623e-08    0.00000000e+00    0.00000000e+00   -2.45860024e-07    1.19999737e+00
   5.55284392e-08    0.00000000e+00    0.00000000e+00   -1.86275008e-07    1.19999744e+00
   5.55392160e-08    0.00000000e+00    0.00000000e+00   -1.37272939e-07    1.19999753e+00
   5.55499929e-08    0.00000000e+00    0.00000000e+00   -9.69159083e-08    1.19999764e+00
   5.55607697e-08    0.00000000e+00    0.00000000e+00   -6.36422813e-08    1.19999776e+00
   5.55693978e-08    0.00000000e+00    0.00000000e+00   -4.12716696e-08    1.19999787e+00
   5.55764504e-08    0.00000000e+00    0.00000000e+00   -2.53782502e-08    1.19999796e+00
   5.55827978e-08    0.00000000e+00    0.00000000e+00   -1.26800671e-08    1.19999805e+00
   5.55885105e-08    0.00000000e+00    0.00000000e+00   -2.41117793e-09    1.19999812e+00
   5.55942231e-08    0.00000000e+00    0.00000000e+00    6.87167138e-09    1.19999820e+00
   5.55999358e-08    0.00000000e+00    0.00000000e+00    1.52638622e-08    1.19999828e+00
   5.56056484e-08    0.00000000e+00    0.00000000e+00    2.28513959e-08    1.19999836e+00
   5.56113611e-08    0.00000000e+00    0.00000000e+00    2.97118494e-08    1.19999843e+00
   5.56170737e-08    0.00000000e+00    0.00000000e+00    3.59152277e-08    1.19999846e+00
   5.56227864e-08    0.00000000e+00    0.00000000e+00    4.15247241e-08    1.19999845e+00
   5.56284990e-08    0.00000000e+00    0.00000000e+00    4.65973978e-08    1.19999841e+00
   5.56342117e-08    0.00000000e+00    0.00000000e+00    5.11847825e-08    1.19999835e+00
   5.56393530e-08    0.00000000e+00    0.00000000e+00    5.49365030e-08    1.19999829e+00
   5.56444944e-08    0.00000000e+00    0.00000000e+00    5.83638163e-08    1.19999825e+00
   5.56496358e-08    0.00000000e+00    0.00000000e+00    6.14948341e-08    1.19999823e+00
   5.56547772e-08    0.00000000e+00    0.00000000e+00    6.43552213e-08    1.19999824e+00
   5.56599186e-08    0.00000000e+00    0.00000000e+00    6.69684111e-08    1.19999827e+00
   5.56650600e-08    0.00000000e+00    0.00000000e+00    6.93558006e-08    1.19999833e+00
   5.56702014e-08    0.00000000e+00    0.00000000e+00    7.15369288e-08    1.19999840e+00
   5.56753427e-08    0.00000000e+00    0.00000000e+00    7.35296395e-08    1.19999847e+00
   5.56804841e-08    0.00000000e+00    0.00000000e+00    7.53502294e-08    1.19999855e+00
   5.56907669e-08    0.00000000e+00    0.00000000e+00    7.85392435e-08    1.19999870e+00
   5.57113324e-08    0.00000000e+00    0.00000000e+00    8.34545947e-08    1.19999896e+00
   5.57318980e-08    0.00000000e+00    0.00000000e+00    8.68672824e-08    1.19999914e+00
   5.57524635e-08    0.00000000e+00    0.00000000e+00    8.92370002e-08    1.19999927e+00
   5.57730290e-08    0.00000000e+00    0.00000000e+00    9.08827160e-08    1.19999937e+00
   5.57935946e-08    0.00000000e+00    0.00000000e+00    9.20257949e-08    1.19999945e+00
   5.58141601e-08    0.00000000e+00    0.00000000e+00    9.28198863e-08    1.19999951e+00
   5.58347256e-08    0.00000000e+00    0.00000000e+00    9.33716475e-08    1.19999957e+00
   5.58758567e-08    0.00000000e+00    0.00000000e+00    9.40371907e-08    1.19999967e+00
   5.59169878e-08    0.00000000e+00    0.00000000e+00    9.43508337e-08    1.19999974e+00
   5.59581188e-08    0.00000000e+00    0.00000000e+00    9.44989520e-08    1.19999980e+00
   5.59992499e-08    0.00000000e+00    0.00000000e+00    9.45691228e-08    1.19999984e+00
   5.60815120e-08    0.00000000e+00    0.00000000e+00    9.46221492e-08    1.19999990e+00
   5.62460363e-08    0.00000000e+00    0.00000000e+00    9.46355701e-08    1.19999996e+00
   5.64105606e-08    0.00000000e+00    0.00000000e+00    9.46338693e-08    1.19999998e+00
   5.65750849e-08    0.00000000e+00    0.00000000e+00    9.46343304e-08    1.19999999e+00
   5.67396092e-08    0.00000000e+00    0.00000000e+00    9.46342784e-08    1.19999999e+00
   5.70686577e-08    0.00000000e+00    0.00000000e+00    9.46342984e-08    1.19999999e+00
   5.75000000e-08    0.00000000e+00    0.00000000e+00    9.46342903e-08    1.19999999e+00
   5.75002094e-08    7.50000000e-03    0.00000000e+00    7.87089711e-07    1.20000062e+00
   5.75004187e-08    1.50000000e-02    0.00000000e+00    1.45482981e-06    1.20000121e+00
   5.75006281e-08    2.25000000e-02    0.00000000e+00    2.11038289e-06    1.20000179e+00
   5.75010469e-08    3.75000000e-02    0.00000000e+00    3.34921528e-06    1.20000286e+00
   5.75018844e-08    6.75000000e-02    0.00000000e+00    5.55030515e-06    1.20000469e+00
   5.75035594e-08    1.27500000e-01    0.00000000e+00    8.95380835e-06    1.20000731e+00
   5.75069094e-08    2.47500000e-01    0.00000000e+00    1.26317752e-05    1.20000966e+00
   5.75102594e-08    3.67500000e-01    0.00000000e+00    1.34108505e-05    1.20000970e+00
   5.75136094e-08    4.87500000e-01    0.00000000e+00    1.26661589e-05    1.20000878e+00
   5.75146628e-08    5.25236260e-01    0.00000000e+00    1.22221512e-05    1.20000839e+00
   5.75167698e-08    6.00708780e-01    0.00000000e+00    1.11369667e-05    1.20000747e+00
   5.75174578e-08    6.25352410e-01    0.00000000e+00    1.06407419e-05    1.20000707e+00
   5.75188337e-08    6.74639671e-01    0.00000000e+00    9.41977610e-06    1.20000609e+00
   5.75215856e-08    7.73214193e-01    0.00000000e+00    4.95373520e-06    1.20000253e+00
   5.75220017e-08    7.88119330e-01    0.00000000e+00    3.92939651e-06    1.20000172e+00
   5.75224178e-08    8.03024468e-01    0.00000000e+00    2.82957717e-06    1.20000085e+00
   5.75232500e-08    8.32834743e-01    0.00000000e+00    2.43684336e-07    1.19999880e+00
   5.75240822e-08    8.62645019e-01    0.00000000e+00   -2.92192741e-06    1.19999631e+00
   5.75249144e-08    8.92455294e-01    0.00000000e+00   -6.72796797e-06    1.19999333e+00
   5.75257466e-08    9.22265570e-01    0.00000000e+00   -1.11710803e-05    1.19998987e+00
   5.75265788e-08    9.52075845e-01    0.00000000e+00   -1.61809671e-05    1.19998601e+00
   5.75274110e-08    9.81886120e-01    0.00000000e+00   -2.16818503e-05    1.19998180e+00
   5.75282432e-08    1.01169640e+00    0.00000000e+00   -2.76277639e-05    1.19997730e+00
   5.75290754e-08    1.04150667e+00    0.00000000e+00   -3.39931083e-05    1.19997251e+00
   5.75299076e-08    1.07131695e+00    0.00000000e+00   -4.07575216e-05    1.19996743e+00
   5.75307398e-08    1.10112722e+00    0.00000000e+00   -4.78979528e-05    1.19996207e+00
   5.75315720e-08    1.13093750e+00    0.00000000e+00   -5.53856190e-05    1.19995644e+00
   5.75324042e-08    1.16074777e+00    0.00000000e+00   -6.31850465e-05    1.19995055e+00
   5.75332364e-08    1.19055805e+00    0.00000000e+00   -7.12538753e-05    1.19994443e+00
   5.75335000e-08    1.20000000e+00    0.00000000e+00   -7.38594746e-05    1.19994245e+00
   5.75335467e-08    1.20000000e+00    0.00000000e+00   -7.44179051e-05    1.19994201e+00
   5.75335879e-08    1.20000000e+00    0.00000000e+00   -7.49064760e-05    1.19994162e+00
   5.75336291e-08    1.20000000e+00    0.00000000e+00   -7.53932029e-05    1.19994124e+00
   5.75337114e-08    1.20000000e+00    0.00000000e+00   -7.63552102e-05    1.19994048e+00
   5.75338761e-08    1.20000000e+00    0.00000000e+00   -7.82337904e-05    1.19993902e+00
   5.75342055e-08    1.20000000e+00    0.00000000e+00   -8.18121105e-05    1.19993625e+00
   5.75348644e-08    1.20000000e+00    0.00000000e+00   -8.82776139e-05    1.19993132e+00
   5.75361820e-08    1.20000000e+00    0.00000000e+00   -9.86476789e-05    1.19992364e+00
   5.75388174e-08    1.20000000e+00    0.00000000e+00   -1.10782698e-04    1.19991492e+00
   5.75414527e-08    1.20000000e+00    0.00000000e+00   -1.13798731e-04    1.19991148e+00
   5.75440880e-08    1.20000000e+00    0.00000000e+00   -1.10062509e-04    1.19990631e+00
   5.75464598e-08    1.20000000e+00    0.00000000e+00   -1.02496700e-04    1.19989764e+00
   5.75485944e-08    1.20000000e+00    0.00000000e+00   -9.33927326e-05    1.19988843e+00
   5.75507290e-08    1.20000000e+00    0.00000000e+00   -8.27331074e-05    1.19987813e+00
   5.75528637e-08    1.20000000e+00    0.00000000e+00   -7.06472223e-05    1.19986642e+00
   5.75549983e-08    1.20000000e+00    0.00000000e+00   -5.73002180e-05    1.19985323e+00
   5.75571329e-08    1.20000000e+00    0.00000000e+00   -4.33758512e-05    1.19983887e+00
   5.75592675e-08    1.20000000e+00    0.00000000e+00   -2.95256220e-05    1.19982395e+00
   5.75614021e-08    1.20000000e+00    0.00000000e+00   -1.60193701e-05    1.19980924e+00
   5.75635367e-08    1.20000000e+00    0.00000000e+00   -2.96807919e-06    1.19979546e+00
   5.75656714e-08    1.20000000e+00    0.00000000e+00    9.54178591e-06    1.19978327e+00
   5.75678060e-08    1.20000000e+00    0.00000000e+00    2.14157325e-05    1.19977317e+00
   5.75699406e-08    1.20000000e+00    0.00000000e+00    3.25443557e-05    1.19976551e+00
   5.75720752e-08    1.20000000e+00    0.00000000e+00    4.28060046e-05    1.19976045e+00
   5.75742098e-08    1.20000000e+00    0.00000000e+00    5.20757890e-05    1.19975800e+00
   5.75763444e-08    1.20000000e+00    0.00000000e+00    6.02382160e-05    1.19975799e+00
   5.75784791e-08    1.20000000e+00    0.00000000e+00    6.72001199e-05    1.19976012e+00
   5.75806137e-08    1.20000000e+00    0.00000000e+00    7.29009324e-05    1.19976401e+00
   5.75827483e-08    1.20000000e+00    0.00000000e+00    7.73187693e-05    1.19976918e+00
   5.75848829e-08    1.20000000e+00    0.00000000e+00    8.04728127e-05    1.19977517e+00
   5.75870175e-08    1.20000000e+00    0.00000000e+00    8.24250828e-05    1.19978151e+00
   5.75891521e-08    1.20000000e+00    0.00000000e+00    8.32892121e-05    1.19978777e+00
   5.75912868e-08    1.20000000e+00    0.00000000e+00    8.32618877e-05    1.19979362e+00
   5.75934214e-08    1.20000000e+00    0.00000000e+00    8.26916417e-05    1.19979883e+00
   5.75955560e-08    1.20000000e+00    0.00000000e+00    8.21193649e-05    1.19980329e+00
   5.75976906e-08    1.20000000e+00    0.00000000e+00    8.20877266e-05    1.19980704e+00
   5.75998252e-08    1.20000000e+00    0.00000000e+00    8.28332700e-05    1.19981021e+00
   5.76019599e-08    1.20000000e+00    0.00000000e+00    8.43017632e-05    1.19981300e+00
   5.76040945e-08    1.20000000e+00    0.00000000e+00    8.63179181e-05    1.19981551e+00
   5.76062291e-08    1.20000000e+00    0.00000000e+00    8.86240708e-05    1.19981767e+00
   5.76083637e-08    1.20000000e+00    0.00000000e+00    9.08519240e-05    1.19981904e+00
   5.76104983e-08    1.20000000e+00    0.00000000e+00    9.25246359e-05    1.19981888e+00
   5.76126329e-08    1.20000000e+00    0.00000000e+00    9.30973171e-05    1.19981609e+00
   5.76147676e-08    1.20000000e+00    0.00000000e+00    9.20235638e-05    1.19980938e+00
   5.76169022e-08    1.20000000e+00    0.00000000e+00    8.88696538e-05    1.19979742e+00
   5.76190368e-08    1.20000000e+00    0.00000000e+00    8.34369872e-05    1.19977906e+00
   5.76211714e-08    1.20000000e+00    0.00000000e+00    7.57965326e-05    1.19975346e+00
   5.76233060e-08    1.20000000e+00    0.00000000e+00    6.62399120e-05    1.19972032e+00
   5.76254406e-08    1.20000000e+00    0.00000000e+00    5.52026788e-05    1.19967998e+00
   5.76275753e-08    1.20000000e+00    0.00000000e+00    4.31895071e-05    1.19963356e+00
   5.76297099e-08    1.20000000e+00    0.00000000e+00    3.07122097e-05    1.19958307e+00
   5.76318445e-08    1.20000000e+00    0.00000000e+00    1.82445453e-05    1.19953145e+00
   5.76339791e-08    1.20000000e+00    0.00000000e+00    6.19385478e-06    1.19948251e+00
   5.76361137e-08    1.20000000e+00    0.00000000e+00   -5.11291107e-06    1.19944069e+00
   5.76382483e-08    1.20000000e+00    0.00000000e+00   -1.54322772e-05    1.19941092e+00
   5.76403830e-08    1.20000000e+00    0.00000000e+00   -2.45999619e-05    1.19939834e+00
   5.76425176e-08    1.20000000e+00    0.00000000e+00   -3.25221891e-05    1.19940818e+00
   5.76446522e-08    1.20000000e+00    0.00000000e+00   -3.91648364e-05    1.19944569e+00
   5.76467868e-08    1.20000000e+00    0.00000000e+00   -4.45419800e-05    1.19951609e+00
   5.76489214e-08    1.20000000e+00    0.00000000e+00   -4.87048402e-05    1.19962455e+00
   5.76510560e-08    1.20000000e+00    0.00000000e+00   -5.17317259e-05    1.19977618e+00
   5.76531907e-08    1.20000000e+00    0.00000000e+00   -5.37192811e-05    1.19997605e+00
   5.76553253e-08    1.20000000e+00    0.00000000e+00   -5.47751393e-05    1.20022909e+00
   5.76574599e-08    1.20000000e+00    0.00000000e+00   -5.50119629e-05    1.20054004e+00
   5.76595945e-08    1.20000000e+00    0.00000000e+00   -5.45427656e-05    1.20091326e+00
   5.76617291e-08    1.20000000e+00    0.00000000e+00   -5.34773764e-05    1.20135226e+00
   5.76638637e-08    1.20000000e+00    0.00000000e+00   -5.19198831e-05    1.20185918e+00
   5.76659984e-08    1.20000000e+00    0.00000000e+00   -4.99668951e-05    1.20243430e+00
   5.76681330e-08    1.20000000e+00    0.00000000e+00   -4.77064724e-05    1.20307635e+00
   5.76702676e-08    1.20000000e+00    0.00000000e+00   -4.52175843e-05    1.20378331e+00
   5.76724022e-08    1.20000000e+00    0.00000000e+00   -4.25699771e-05    1.20455286e+00
   5.76745368e-08    1.20000000e+00    0.00000000e+00   -3.98243476e-05    1.20538256e+00
   5.76766714e-08    1.20000000e+00    0.00000000e+00   -3.70327378e-05    1.20626972e+00
   5.76788061e-08    1.20000000e+00    0.00000000e+00   -3.42390804e-05    1.20721147e+00
   5.76809407e-08    1.20000000e+00    0.00000000e+00   -3.14798402e-05    1.20820478e+00
   5.76830753e-08    1.20000000e+00    0.00000000e+00   -2.87847057e-05    1.20924659e+00
   5.76852099e-08    1.20000000e+00    0.00000000e+00   -2.61772989e-05    1.21033388e+00
   5.76873445e-08    1.20000000e+00    0.00000000e+00   -2.36758783e-05    1.21146378e+00
   5.76894791e-08    1.20000000e+00    0.00000000e+00   -2.12940153e-05    1.21263367e+00
   5.76916138e-08    1.20000000e+00    0.00000000e+00   -1.90412336e-05    1.21384129e+00
   5.76937484e-08    1.20000000e+00    0.00000000e+00   -1.69236021e-05    1.21508478e+00
   5.76958830e-08    1.20000000e+00    0.00000000e+00   -1.49442775e-05    1.21636282e+00
   5.77001522e-08    1.20000000e+00    0.00000000e+00   -1.13997847e-05    1.21902038e+00
   5.77044215e-08    1.20000000e+00    0.00000000e+00   -8.39182736e-06    1.22181603e+00
   5.77086907e-08    1.20000000e+00    0.00000000e+00   -5.88569304e-06    1.22476027e+00
   5.77129599e-08    1.20000000e+00    0.00000000e+00   -3.83440832e-06    1.22786286e+00
   5.77172292e-08    1.20000000e+00    0.00000000e+00   -2.18527972e-06    1.23109191e+00
   5.77214984e-08    1.20000000e+00    0.00000000e+00   -8.84462221e-07    1.23428361e+00
   5.77257676e-08    1.20000000e+00    0.00000000e+00    1.20011898e-07    1.23706805e+00
   5.77300369e-08    1.20000000e+00    0.00000000e+00    8.76366744e-07    1.23880951e+00
   5.77343061e-08    1.20000000e+00    0.00000000e+00    1.42806608e-06    1.23851115e+00
   5.77385753e-08    1.20000000e+00    0.00000000e+00    1.81339579e-06    1.23473949e+00
   5.77428446e-08    1.20000000e+00    0.00000000e+00    2.06545173e-06    1.22558924e+00
   5.77471138e-08    1.20000000e+00    0.00000000e+00    2.21238697e-06    1.20887057e+00
   5.77509561e-08    1.20000000e+00    0.00000000e+00    2.27409401e-06    1.18622394e+00
   5.77544142e-08    1.20000000e+00    0.00000000e+00    2.28507593e-06    1.15942877e+00
   5.77578723e-08    1.20000000e+00    0.00000000e+00    2.26323687e-06    1.12656958e+00
   5.77613303e-08    1.20000000e+00    0.00000000e+00    2.21600395e-06    1.08789626e+00
   5.77647884e-08    1.20000000e+00    0.00000000e+00    2.14959108e-06    1.04387320e+00
   5.77682465e-08    1.20000000e+00    0.00000000e+00    2.06915508e-06    9.95122268e-01
   5.77717046e-08    1.20000000e+00    0.00000000e+00    1.97893887e-06    9.42358206e-01
   5.77751627e-08    1.20000000e+00    0.00000000e+00    1.88240106e-06    8.86332575e-01
   5.77786207e-08    1.20000000e+00    0.00000000e+00    1.78233184e-06    8.27792707e-01
   5.77820788e-08    1.20000000e+00    0.00000000e+00    1.68095556e-06    7.67457127e-01
   5.77855369e-08    1.20000000e+00    0.00000000e+00    1.58002065e-06    7.06005970e-01
   5.77889950e-08    1.20000000e+00    0.00000000e+00    1.48087806e-06    6.44083735e-01
   5.77924531e-08    1.20000000e+00    0.00000000e+00    1.38454887e-06    5.82311492e-01
   5.77959111e-08    1.20000000e+00    0.00000000e+00    1.29178249e-06    5.21305622e-01
   5.77993692e-08    1.20000000e+00    0.00000000e+00    1.20310624e-06    4.61699222e-01
   5.78028273e-08    1.20000000e+00    0.00000000e+00    1.11886746e-06    4.04159926e-01
   5.78062854e-08    1.20000000e+00    0.00000000e+00    1.03926903e-06    3.49394191e-01
   5.78097434e-08    1.20000000e+00    0.00000000e+00    9.64399101e-07    2.98125581e-01
   5.78132015e-08    1.20000000e+00    0.00000000e+00    8.94256009e-07    2.51038502e-01
   5.78166596e-08    1.20000000e+00    0.00000000e+00    8.28768818e-07    2.08693327e-01
   5.78201177e-08    1.20000000e+00    0.00000000e+00    7.67814319e-07    1.71438979e-01
   5.78235758e-08    1.20000000e+00    0.00000000e+00    7.11230924e-07    1.39358827e-01
   5.78270338e-08    1.20000000e+00    0.00000000e+00    6.58829957e-07    1.12272812e-01
   5.78304919e-08    1.20000000e+00    0.00000000e+00    6.10404771e-07    8.97911169e-02
   5.78339500e-08    1.20000000e+00    0.00000000e+00    5.65738024e-07    7.13938830e-02
   5.78374081e-08    1.20000000e+00    0.00000000e+00    5.24607436e-07    5.65093143e-02
   5.78408662e-08    1.20000000e+00    0.00000000e+00    4.86790279e-07    4.45734875e-02
   5.78443242e-08    1.20000000e+00    0.00000000e+00    4.52066833e-07    3.50676864e-02
   5.78477823e-08    1.20000000e+00    0.00000000e+00    4.20222982e-07    2.75366679e-02
   5.78512404e-08    1.20000000e+00    0.00000000e+00    3.91052122e-07    2.15937079e-02
   5.78546985e-08    1.20000000e+00    0.00000000e+00    3.64356498e-07    1.69177859e-02
   5.78581566e-08    1.20000000e+00    0.00000000e+00    3.39948101e-07    1.32468109e-02
   5.78616146e-08    1.20000000e+00    0.00000000e+00    3.17649196e-07    1.03693758e-02
   5.78650727e-08    1.20000000e+00    0.00000000e+00    2.97292575e-07    8.11646707e-03
   5.78685308e-08    1.20000000e+00    0.00000000e+00    2.78721584e-07    6.35385434e-03
   5.78754470e-08    1.20000000e+00    0.00000000e+00    2.46300830e-07    3.86838659e-03
   5.78823631e-08    1.20000000e+00    0.00000000e+00    2.19415300e-07    2.36066203e-03
   5.78892793e-08    1.20000000e+00    0.00000000e+00    1.97161405e-07    1.44530881e-03
   5.78961954e-08    1.20000000e+00    0.00000000e+00    1.78770088e-07    8.88557165e-04
   5.79031116e-08    1.20000000e+00    0.00000000e+00    1.63591206e-07    5.49026863e-04
   5.79169439e-08    1.20000000e+00    0.00000000e+00    1.40596944e-07    2.00641683e-04
   5.79446085e-08    1.20000000e+00    0.00000000e+00    1.13942005e-07    1.24742995e-05
   5.79722732e-08    1.20000000e+00    0.00000000e+00    1.02351925e-07    4.29715394e-06
   5.79999378e-08    1.20000000e+00    0.00000000e+00    9.74124842e-08    1.98430850e-06
   5.80000000e-08    1.20000000e+00    0.00000000e+00    9.74059329e-08    1.98151400e-06
   5.80000622e-08    1.20000000e+00    8.95599633e-04    9.73994001e-08    1.98016439e-06
   5.80001244e-08    1.20000000e+00    1.79119927e-03    9.73928797e-08    1.97879639e-06
   5.80002488e-08    1.20000000e+00    3.58239853e-03    9.73798636e-08    1.97602411e-06
   5.80004976e-08    1.20000000e+00    7.16479706e-03    9.73539778e-08    1.97026598e-06
   5.80009951e-08    1.20000000e+00    1.43295941e-02    9.73027888e-08    1.95794090e-06
   5.80019902e-08    1.20000000e+00    2.86591883e-02    9.72027001e-08    1.93039994e-06
   5.80039804e-08    1.20000000e+00    5.73183765e-02    9.70113623e-08    1.86621860e-06
   5.80079609e-08    1.20000000e+00    1.14636753e-01    9.66616508e-08    1.71693291e-06
   5.80159218e-08    1.20000000e+00    2.29273506e-01    9.60771125e-08    1.40820529e-06
   5.80318435e-08    1.20000000e+00    4.58547012e-01    9.52599052e-08    9.36473718e-07
   5.80477653e-08    1.20000000e+00    6.87820518e-01    9.47792633e-08    6.45967892e-07
   5.80491941e-08    1.20000000e+00    7.08394676e-01    9.47492405e-08    6.22770670e-07
   5.80520516e-08    1.20000000e+00    7.49542992e-01    9.46921200e-08    5.71428985e-07
   5.80549091e-08    1.20000000e+00    7.90691308e-01    9.46406089e-08    5.12362815e-07
   5.80577666e-08    1.20000000e+00    8.31839623e-01    9.45942456e-08    4.48409300e-07
   5.80606241e-08    1.20000000e+00    8.72987939e-01    9.45526043e-08    3.84590175e-07
   5.80634817e-08    1.20000000e+00    9.14136255e-01    9.45152926e-08    3.25428407e-07
   5.80663392e-08    1.20000000e+00    9.55284571e-01    9.44819492e-08    2.73442139e-07
   5.80691967e-08    1.20000000e+00    9.96432886e-01    9.44522416e-08    2.29961976e-07
   5.80720542e-08    1.20000000e+00    1.03758120e+00    9.44258629e-08    1.95794379e-07
   5.80749117e-08    1.20000000e+00    1.07872952e+00    9.44025314e-08    1.71337180e-07
   5.80777693e-08    1.20000000e+00    1.11987783e+00    9.43819866e-08    1.56522310e-07
   5.80806268e-08    1.20000000e+00    1.16102615e+00    9.43639895e-08    1.50807965e-07
   5.80833333e-08    1.20000000e+00    1.20000000e+00    9.43490948e-08    1.52980120e-07
   5.80836191e-08    1.20000000e+00    1.20000000e+00    9.43476488e-08    1.50404342e-07
   5.80838215e-08    1.20000000e+00    1.20000000e+00    9.43466352e-08    1.49231441e-07
   5.80842263e-08    1.20000000e+00    1.20000000e+00    9.43446285e-08    1.48111320e-07
   5.80850360e-08    1.20000000e+00    1.20000000e+00    9.43407391e-08    1.52385854e-07
   5.80866554e-08    1.20000000e+00    1.20000000e+00    9.43334404e-08    1.79927547e-07
   5.80882747e-08    1.20000000e+00    1.20000000e+00    9.43267573e-08    2.23760682e-07
   5.80898941e-08    1.20000000e+00    1.20000000e+00    9.43206579e-08    2.74792197e-07
   5.80931328e-08    1.20000000e+00    1.20000000e+00    9.43100798e-08    3.75463276e-07
   5.80996102e-08    1.20000000e+00    1.20000000e+00    9.42946197e-08    5.14891786e-07
   5.81125651e-08    1.20000000e+00    1.20000000e+00    9.42813447e-08    5.35115263e-07
   5.81255200e-08    1.20000000e+00    1.20000000e+00    9.42850323e-08    3.78894076e-07
   5.81384749e-08    1.20000000e+00    1.20000000e+00    9.42990692e-08    2.31001855e-07
   5.81514298e-08    1.20000000e+00    1.20000000e+00    9.43190248e-08    1.43078700e-07
   5.81643847e-08    1.20000000e+00    1.20000000e+00    9.43419642e-08    1.04928824e-07
   5.81773396e-08    1.20000000e+00    1.20000000e+00    9.43659743e-08    9.87824666e-08
   5.81889990e-08    1.20000000e+00    1.20000000e+00    9.43874910e-08    1.05109954e-07
   5.81993405e-08    1.20000000e+00    1.20000000e+00    9.44060166e-08    1.06347291e-07
   5.82086478e-08    1.20000000e+00    1.20000000e+00    9.44220214e-08    9.75028282e-08
   5.82179551e-08    1.20000000e+00    1.20000000e+00    9.44372758e-08    8.16205390e-08
   5.82272625e-08    1.20000000e+00    1.20000000e+00    9.44517171e-08    6.47987452e-08
   5.82365698e-08    1.20000000e+00    1.20000000e+00    9.44653163e-08    5.20714569e-08
   5.82458771e-08    1.20000000e+00    1.20000000e+00    9.44780680e-08    4.58085840e-08
   5.82551844e-08    1.20000000e+00    1.20000000e+00    9.44899843e-08    4.59769450e-08
   5.82644918e-08    1.20000000e+00    1.20000000e+00    9.45010886e-08    5.11464035e-08
   5.82737991e-08    1.20000000e+00    1.20000000e+00    9.45114130e-08    5.94052792e-08
   5.82831064e-08    1.20000000e+00    1.20000000e+00    9.45209945e-08    6.89550706e-08
   5.82924138e-08    1.20000000e+00    1.20000000e+00    9.45298731e-08    7.84025052e-08
   5.83017211e-08    1.20000000e+00    1.20000000e+00    9.45380899e-08    8.68363689e-08
   5.83203357e-08    1.20000000e+00    1.20000000e+00    9.45527218e-08    9.91523474e-08
   5.83575650e-08    1.20000000e+00    1.20000000e+00    9.45759095e-08    1.08117182e-07
   5.83947944e-08    1.20000000e+00    1.20000000e+00    9.45925890e-08    1.05274714e-07
   5.84320237e-08    1.20000000e+00    1.20000000e+00    9.46045301e-08    1.00611766e-07
   5.84692530e-08    1.20000000e+00    1.20000000e+00    9.46130605e-08    9.76330154e-08
   5.85437116e-08    1.20000000e+00    1.20000000e+00    9.46237110e-08    9.53279713e-08
   5.86181702e-08    1.20000000e+00    1.20000000e+00    9.46290209e-08    9.49605855e-08
   5.87670875e-08    1.20000000e+00    1.20000000e+00    9.46332507e-08    9.47677455e-08
   5.90649220e-08    1.20000000e+00    1.20000000e+00    9.46344456e-08    9.46624005e-08
   5.93627565e-08    1.20000000e+00    1.20000000e+00    9.46342723e-08    9.46465975e-08
   5.96605909e-08    1.20000000e+00    1.20000000e+00    9.46342968e-08    9.46422416e-08
   5.98750000e-08    1.20000000e+00    1.20000000e+00    9.46342948e-08    9.46403744e-08
   5.98752094e-08    1.19250000e+00    1.20000000e+00   -3.05726059e-07   -3.04407485e-07
   5.98754188e-08    1.18500000e+00    1.20000000e+00   -6.85594834e-07   -6.83051368e-07
   5.98756281e-08    1.17750000e+00    1.20000000e+00   -1.05543943e-06   -1.05171374e-06
   5.98760469e-08    1.16250000e+00    1.20000000e+00   -1.73713748e-06   -1.73129082e-06
   5.98768844e-08    1.13250000e+00    1.20000000e+00   -2.88925892e-06   -2.88003303e-06
   5.98785594e-08    1.07250000e+00    1.20000000e+00   -4.49587418e-06   -4.48257501e-06
   5.98819094e-08    9.52500000e-01    1.20000000e+00   -5.85664743e-06   -5.84139985e-06
   5.98886094e-08    7.12500000e-01    1.20000000e+00   -6.08479842e-06   -6.06966482e-06
   5.98946394e-08    4.96500000e-01    1.20000000e+00   -2.85494139e-06   -2.84599260e-06
   5.98951896e-08    4.76790486e-01    1.20000000e+00   -2.07297564e-06   -2.06603171e-06
   5.98957398e-08    4.57080971e-01    1.20000000e+00   -1.23714323e-06   -1.23241846e-06
   5.98968403e-08    4.17661943e-01    1.20000000e+00    6.92749240e-07    6.91934183e-07
   5.98979407e-08    3.78242914e-01    1.20000000e+00    2.91337132e-06    2.90570943e-06
   5.98990412e-08    3.38823885e-01    1.20000000e+00    5.36051035e-06    5.34497161e-06
   5.99001416e-08    2.99404857e-01    1.20000000e+00    7.98219877e-06    7.95799106e-06
   5.99012421e-08    2.59985828e-01    1.20000000e+00    1.07342590e-05    1.07007790e-05
   5.99023425e-08    2.20566800e-01    1.20000000e+00    1.35761242e-05    1.35329328e-05
   5.99034430e-08    1.81147771e-01    1.20000000e+00    1.64695078e-05    1.64163176e-05
   5.99045434e-08    1.41728742e-01    1.20000000e+00    1.93783596e-05    1.93150253e-05
   5.99056439e-08    1.02309714e-01    1.20000000e+00    2.22691363e-05    2.21956465e-05
   5.99067443e-08    6.28906850e-02    1.20000000e+00    2.51110439e-05    2.50275118e-05
   5.99078447e-08    2.34716563e-02    1.20000000e+00    2.78761642e-05    2.77828194e-05
   5.99085000e-08    1.94955163e-13    1.20000000e+00    2.94764122e-05    2.93773756e-05
   5.99086100e-08    0.00000000e+00    1.20000000e+00    3.00320343e-05    2.99310598e-05
   5.99086893e-08    0.00000000e+00    1.20000000e+00    3.04249933e-05    3.03226465e-05
   5.99087686e-08    0.00000000e+00    1.20000000e+00    3.08143507e-05    3.07106431e-05
   5.99089271e-08    0.00000000e+00    1.20000000e+00    3.15716814e-05    3.14653224e-05
   5.99092441e-08    0.00000000e+00    1.20000000e+00    3.30026602e-05    3.28912735e-05
   5.99098782e-08    0.00000000e+00    1.20000000e+00    3.55444313e-05    3.54240540e-05
   5.99111463e-08    0.00000000e+00    1.20000000e+00    3.94587561e-05    3.93243566e-05
   5.99136826e-08    0.00000000e+00    1.20000000e+00    4.34199300e-05    4.32709585e-05
   5.99162189e-08    0.00000000e+00    1.20000000e+00    4.33689560e-05    4.32198349e-05
   5.99187552e-08    0.00000000e+00    1.20000000e+00    4.06004931e-05    4.04613578e-05
   5.99238278e-08    0.00000000e+00    1.20000000e+00    3.09297663e-05    3.08266656e-05
   5.99289004e-08    0.00000000e+00    1.20000000e+00    1.92301079e-05    1.91715702e-05
   5.99339729e-08    0.00000000e+00    1.20000000e+00    8.34052810e-06    8.32383634e-06
   5.99390455e-08    0.00000000e+00    1.20000000e+00   -6.28711109e-07   -6.14091733e-07
   5.99441181e-08    0.00000000e+00    1.20000000e+00   -7.50501622e-06   -7.50456487e-06
   5.99491907e-08    0.00000000e+00    1.20000000e+00   -1.25798147e-05   -1.26881498e-05
   5.99542633e-08    0.00000000e+00    1.20000000e+00   -1.75984951e-05   -1.78561528e-05
   5.99588286e-08    0.00000000e+00    1.20000000e+00   -2.35216064e-05   -2.39182980e-05
   5.99628017e-08    0.00000000e+00    1.20000000e+00   -2.99501285e-05   -3.04794780e-05
   5.99661977e-08    0.00000000e+00    1.20000000e+00   -3.62284114e-05   -3.68891805e-05
   5.99691481e-08    0.00000000e+00    1.20000000e+00   -4.20628349e-05   -4.28698958e-05
   5.99718035e-08    0.00000000e+00    1.20000000e+00   -4.72902633e-05   -4.82637804e-05
   5.99741934e-08    0.00000000e+00    1.20000000e+00   -5.16521025e-05   -5.27959908e-05
   5.99765832e-08    0.00000000e+00    1.20000000e+00   -5.54159236e-05   -5.67354157e-05
   5.99789730e-08    0.00000000e+00    1.20000000e+00   -5.83777337e-05   -5.98630357e-05
   5.99813629e-08    0.00000000e+00    1.20000000e+00   -6.03927755e-05   -6.20204123e-05
   5.99837527e-08    0.00000000e+00    1.20000000e+00   -6.13745312e-05   -6.31127524e-05
   5.99861426e-08    0.00000000e+00    1.20000000e+00   -6.12888248e-05   -6.31179028e-05
   5.99885324e-08    0.00000000e+00    1.20000000e+00   -6.01382161e-05   -6.21213857e-05
   5.99909223e-08    0.00000000e+00    1.20000000e+00   -5.79188215e-05   -6.03366196e-05
   5.99933121e-08    0.00000000e+00    1.20000000e+00   -5.45707866e-05   -5.77776357e-05
   5.99957020e-08    0.00000000e+00    1.20000000e+00   -5.01122917e-05   -5.37693870e-05
   5.99980918e-08    0.00000000e+00    1.20000000e+00   -4.47609489e-05   -4.72923492e-05
   6.00004817e-08    0.00000000e+00    1.20000000e+00   -3.86289608e-05   -3.75051630e-05
   6.00028715e-08    0.00000000e+00    1.20000000e+00   -3.14363615e-05   -2.38263949e-05
   6.00052614e-08    0.00000000e+00    1.20000000e+00   -2.26949897e-05   -5.90300923e-06
   6.00076512e-08    0.00000000e+00    1.20000000e+00   -1.29490941e-05    1.55129442e-05
   6.00100410e-08    0.00000000e+00    1.20000000e+00   -3.79753835e-06    3.80447101e-05
   6.00124309e-08    0.00000000e+00    1.20000000e+00    4.17422509e-06    5.98755295e-05
   6.00148207e-08    0.00000000e+00    1.20000000e+00    1.12451468e-05    8.01894435e-05
   6.00172106e-08    0.00000000e+00    1.20000000e+00    1.78012531e-05    9.84369568e-05
   6.00196004e-08    0.00000000e+00    1.20000000e+00    2.40817538e-05    1.14075584e-04
   6.00217513e-08    0.00000000e+00    1.20000000e+00    2.95398869e-05    1.25465365e-04
   6.00239021e-08    0.00000000e+00    1.20000000e+00    3.47240660e-05    1.33905596e-04
   6.00260530e-08    0.00000000e+00    1.20000000e+00    3.94711736e-05    1.39096300e-04
   6.00282039e-08    0.00000000e+00    1.20000000e+00    4.35959950e-05    1.40873992e-04
   6.00303547e-08    0.00000000e+00    1.20000000e+00    4.69358237e-05    1.39247243e-04
   6.00325056e-08    0.00000000e+00    1.20000000e+00    4.93792452e-05    1.34401434e-04
   6.00346565e-08    0.00000000e+00    1.20000000e+00    5.08772313e-05    1.26674969e-04
   6.00368073e-08    0.00000000e+00    1.20000000e+00    5.14403998e-05    1.16517610e-04
   6.00389582e-08    0.00000000e+00    1.20000000e+00    5.11281514e-05    1.04442997e-04
   6.00411090e-08    0.00000000e+00    1.20000000e+00    5.00346648e-05    9.09844583e-05
   6.00432599e-08    0.00000000e+00    1.20000000e+00    4.82750859e-05    7.66591557e-05
   6.00454108e-08    0.00000000e+00    1.20000000e+00    4.59736901e-05    6.19422442e-05
   6.00475616e-08    0.00000000e+00    1.20000000e+00    4.32546859e-05    4.72505971e-05
   6.00497125e-08    0.00000000e+00    1.20000000e+00    4.02356668e-05    3.29345816e-05
   6.00518633e-08    0.00000000e+00    1.20000000e+00    3.70233861e-05    1.92760343e-05
   6.00561651e-08    0.00000000e+00    1.20000000e+00    3.04087249e-05   -5.22574019e-06
   6.00604668e-08    0.00000000e+00    1.20000000e+00    2.39371913e-05   -2.53355874e-05
   6.00647685e-08    0.00000000e+00    1.20000000e+00    1.79877809e-05   -4.07141042e-05
   6.00690702e-08    0.00000000e+00    1.20000000e+00    1.27689357e-05   -5.15346043e-05
   6.00733720e-08    0.00000000e+00    1.20000000e+00    8.36137875e-06   -5.82808985e-05
   6.00776737e-08    0.00000000e+00    1.20000000e+00    4.75914971e-06   -6.15895806e-05
   6.00819754e-08    0.00000000e+00    1.20000000e+00    1.90327843e-06   -6.21392661e-05
   6.00862771e-08    0.00000000e+00    1.20000000e+00   -2.93108525e-07   -6.05800325e-05
   6.00948806e-08    0.00000000e+00    1.20000000e+00   -3.13874899e-06   -5.35539197e-05
   6.01034840e-08    0.00000000e+00    1.20000000e+00   -4.45011735e-06   -4.37783330e-05
   6.01120875e-08    0.00000000e+00    1.20000000e+00   -4.81569147e-06   -3.35970391e-05
   6.01206909e-08    0.00000000e+00    1.20000000e+00   -4.65529071e-06   -2.42994799e-05
   6.01292944e-08    0.00000000e+00    1.20000000e+00   -4.23957076e-06   -1.64536382e-05
   6.01378978e-08    0.00000000e+00    1.20000000e+00   -3.72943523e-06   -1.01797132e-05
   6.01465012e-08    0.00000000e+00    1.20000000e+00   -3.21300132e-06   -5.35153419e-06
   6.01551047e-08    0.00000000e+00    1.20000000e+00   -2.73357683e-06   -1.75256387e-06
   6.01637081e-08    0.00000000e+00    1.20000000e+00   -2.30861551e-06    8.41128252e-07
   6.01723116e-08    0.00000000e+00    1.20000000e+00   -1.94165653e-06    2.63617641e-06
   6.01809150e-08    0.00000000e+00    1.20000000e+00   -1.62942188e-06    3.81444559e-06
   6.01895185e-08    0.00000000e+00    1.20000000e+00   -1.36581040e-06    4.52915778e-06
   6.01981219e-08    0.00000000e+00    1.20000000e+00   -1.14400902e-06    4.90418699e-06
   6.02067254e-08    0.00000000e+00    1.20000000e+00   -9.57515393e-07    5.03630478e-06
   6.02153288e-08    0.00000000e+00    1.20000000e+00   -8.00560909e-07    4.99900764e-06
   6.02239323e-08    0.00000000e+00    1.20000000e+00   -6.68222676e-07    4.84629370e-06
   6.02325357e-08    0.00000000e+00    1.20000000e+00   -5.56387415e-07    4.61622283e-06
   6.02411391e-08    0.00000000e+00    1.20000000e+00   -4.61655301e-07    4.33742329e-06
   6.02497426e-08    0.00000000e+00    1.20000000e+00   -3.81228517e-07    4.03277613e-06
   6.02574857e-08    0.00000000e+00    1.20000000e+00   -3.19189364e-07    3.74978160e-06
   6.02644195e-08    0.00000000e+00    1.20000000e+00   -2.70743433e-07    3.49634608e-06
   6.02706599e-08    0.00000000e+00    1.20000000e+00   -2.32141011e-07    3.27433039e-06
   6.02762763e-08    0.00000000e+00    1.20000000e+00   -2.00980734e-07    3.08506562e-06
   6.02818927e-08    0.00000000e+00    1.20000000e+00   -1.72848215e-07    2.90940864e-06
   6.02875091e-08    0.00000000e+00    1.20000000e+00   -1.47437492e-07    2.74880106e-06
   6.02931254e-08    0.00000000e+00    1.20000000e+00   -1.24475873e-07    2.60416469e-06
   6.02987418e-08    0.00000000e+00    1.20000000e+00   -1.03719894e-07    2.47732313e-06
   6.03043582e-08    0.00000000e+00    1.20000000e+00   -8.49518230e-08    2.37061693e-06
   6.03099746e-08    0.00000000e+00    1.20000000e+00   -6.79766445e-08    2.28165789e-06
   6.03150293e-08    0.00000000e+00    1.20000000e+00   -5.40891093e-08    2.20589254e-06
   6.03195786e-08    0.00000000e+00    1.20000000e+00   -4.26164227e-08    2.12861071e-06
   6.03241278e-08    0.00000000e+00    1.20000000e+00   -3.20346733e-08    2.03636757e-06
   6.03286771e-08    0.00000000e+00    1.20000000e+00   -2.22736380e-08    1.93129441e-06
   6.03332264e-08    0.00000000e+00    1.20000000e+00   -1.32688127e-08    1.82001486e-06
   6.03377757e-08    0.00000000e+00    1.20000000e+00   -4.96091518e-09    1.70957936e-06
   6.03423249e-08    0.00000000e+00    1.20000000e+00    2.70456465e-09    1.60513176e-06
   6.03468742e-08    0.00000000e+00    1.20000000e+00    9.77777121e-09    1.50941988e-06
   6.03514235e-08    0.00000000e+00    1.20000000e+00    1.63048511e-08    1.42324430e-06
   6.03559727e-08    0.00000000e+00    1.20000000e+00    2.23282861e-08    1.34614128e-06
   6.03605220e-08    0.00000000e+00    1.20000000e+00    2.78871979e-08    1.27698100e-06
   6.03696205e-08    0.00000000e+00    1.20000000e+00    3.77674881e-08    1.15652155e-06
   6.03878176e-08    0.00000000e+00    1.20000000e+00    5.34358944e-08    9.58620672e-07
   6.04060147e-08    0.00000000e+00    1.20000000e+00    6.47811948e-08    7.93231981e-07
   6.04242117e-08    0.00000000e+00    1.20000000e+00    7.29987443e-08    6.49840326e-07
   6.04424088e-08    0.00000000e+00    1.20000000e+00    7.89520362e-08    5.31151725e-07
   6.04606059e-08    0.00000000e+00    1.20000000e+00    8.32655863e-08    4.38311272e-07
   6.04788029e-08    0.00000000e+00    1.20000000e+00    8.63913975e-08    3.68164722e-07
   6.05151971e-08    0.00000000e+00    1.20000000e+00    9.03741256e-08    2.74585282e-07
   6.05515912e-08    0.00000000e+00    1.20000000e+00    9.24302286e-08    2.20306410e-07
   6.05879854e-08    0.00000000e+00    1.20000000e+00    9.34923246e-08    1.85730800e-07
   6.06243795e-08    0.00000000e+00    1.20000000e+00    9.40413896e-08    1.62435982e-07
   6.06971678e-08    0.00000000e+00    1.20000000e+00    9.44994618e-08    1.33767516e-07
   6.08427444e-08    0.00000000e+00    1.20000000e+00    9.46480015e-08    1.09231719e-07
   6.09883209e-08    0.00000000e+00    1.20000000e+00    9.46318934e-08    1.01258612e-07
   6.11338975e-08    0.00000000e+00    1.20000000e+00    9.46343949e-08    9.90108407e-08
   6.12794740e-08    0.00000000e+00    1.20000000e+00    9.46342301e-08    9.73038877e-08
   6.15706272e-08    0.00000000e+00    1.20000000e+00    9.46343083e-08    9.57062852e-08
   6.20456272e-08    0.00000000e+00    1.20000000e+00    9.46342844e-08    9.50964077e-08
   6.22500000e-08    8.88910509e-14    1.20000000e+00    9.46342953e-08    9.47099487e-08
   6.22502094e-08    7.50000000e-03    1.20000000e+00    7.87090352e-07    7.69638187e-07
   6.22504188e-08    1.50000000e-02    1.20000000e+00    1.45483103e-06    1.42036859e-06
   6.22506281e-08    2.25000000e-02    1.20000000e+00    2.11038465e-06    2.05917264e-06
   6.22510469e-08    3.75000000e-02    1.20000000e+00    3.34921796e-06    3.26607823e-06
   6.22518844e-08    6.75000000e-02    1.20000000e+00    5.55030908e-06    5.40967077e-06
   6.22535594e-08    1.27500000e-01    1.20000000e+00    8.95381311e-06    8.72297402e-06
   6.22569094e-08    2.47500000e-01    1.20000000e+00    1.26317783e-05    1.23045602e-05
   6.22602594e-08    3.67500000e-01    1.20000000e+00    1.34108508e-05    1.30677182e-05
   6.22636094e-08    4.87500000e-01    1.20000000e+00    1.26661570e-05    1.23460351e-05
   6.22646700e-08    5.25492650e-01    1.20000000e+00    1.22186825e-05    1.19094441e-05
   6.22667913e-08    6.01477950e-01    1.20000000e+00    1.11228165e-05    1.08378134e-05
   6.22674783e-08    6.26086792e-01    1.20000000e+00    1.06248683e-05    1.03498727e-05
   6.22688522e-08    6.75304477e-01    1.20000000e+00    9.39944333e-06    9.14879441e-06
   6.22716002e-08    7.73739847e-01    1.20000000e+00    4.92046183e-06    4.76268973e-06
   6.22720181e-08    7.88706704e-01    1.20000000e+00    3.88757111e-06    3.75182447e-06
   6.22724359e-08    8.03673561e-01    1.20000000e+00    2.77826692e-06    2.66606721e-06
   6.22732715e-08    8.33607276e-01    1.20000000e+00    1.68789281e-07    1.13601386e-07
   6.22741072e-08    8.63540990e-01    1.20000000e+00   -3.02722026e-06   -3.00861529e-06
   6.22749428e-08    8.93474704e-01    1.20000000e+00   -6.86997506e-06   -6.75436555e-06
   6.22757785e-08    9.23408418e-01    1.20000000e+00   -1.13534815e-05   -1.11122872e-05
   6.22766141e-08    9.53342132e-01    1.20000000e+00   -1.64052168e-05   -1.60110514e-05
   6.22774498e-08    9.83275846e-01    1.20000000e+00   -2.19494421e-05   -2.13799494e-05
   6.22782854e-08    1.01320956e+00    1.20000000e+00   -2.79408881e-05   -2.71774187e-05
   6.22791211e-08    1.04314327e+00    1.20000000e+00   -3.43541791e-05   -3.33799964e-05
   6.22799567e-08    1.07307699e+00    1.20000000e+00   -4.11686893e-05   -3.99682586e-05
   6.22807924e-08    1.10301070e+00    1.20000000e+00   -4.83607997e-05   -4.69197457e-05
   6.22816280e-08    1.13294442e+00    1.20000000e+00   -5.59009698e-05   -5.42063158e-05
   6.22824637e-08    1.16287813e+00    1.20000000e+00   -6.37528301e-05   -6.17933686e-05
   6.22832993e-08    1.19281184e+00    1.20000000e+00   -7.18730092e-05   -6.96397668e-05
   6.22835000e-08    1.20000000e+00    1.20000000e+00   -7.38586556e-05   -7.15585740e-05
   6.22835484e-08    1.20000000e+00    1.20000000e+00   -7.44366984e-05   -7.21178054e-05
   6.22835912e-08    1.20000000e+00    1.20000000e+00   -7.49451444e-05   -7.26096717e-05
   6.22836341e-08    1.20000000e+00    1.20000000e+00   -7.54515914e-05   -7.30995874e-05
   6.22837199e-08    1.20000000e+00    1.20000000e+00   -7.64520782e-05   -7.40673199e-05
   6.22838914e-08    1.20000000e+00    1.20000000e+00   -7.84038205e-05   -7.59547946e-05
   6.22842344e-08    1.20000000e+00    1.20000000e+00   -8.21136598e-05   -7.95411131e-05
   6.22849205e-08    1.20000000e+00    1.20000000e+00   -8.87861991e-05   -8.59869097e-05
   6.22862927e-08    1.20000000e+00    1.20000000e+00   -9.93731933e-05   -9.62018635e-05
   6.22890370e-08    1.20000000e+00    1.20000000e+00   -1.11359137e-04   -1.07776079e-04
   6.22917813e-08    1.20000000e+00    1.20000000e+00   -1.13696418e-04   -1.10508956e-04
   6.22945255e-08    1.20000000e+00    1.20000000e+00   -1.08963728e-04   -1.08541257e-04
   6.22969954e-08    1.20000000e+00    1.20000000e+00   -1.00427922e-04   -1.03734167e-04
   6.22992183e-08    1.20000000e+00    1.20000000e+00   -9.04641268e-05   -9.41409467e-05
   6.23014412e-08    1.20000000e+00    1.20000000e+00   -7.88910497e-05   -7.71433625e-05
   6.23036641e-08    1.20000000e+00    1.20000000e+00   -6.57878987e-05   -5.15233727e-05
   6.23058869e-08    1.20000000e+00    1.20000000e+00   -5.15449668e-05   -1.71043701e-05
   6.23081098e-08    1.20000000e+00    1.20000000e+00   -3.70185382e-05    2.50064303e-05
   6.23103327e-08    1.20000000e+00    1.20000000e+00   -2.27446012e-05    7.28690745e-05
   6.23123333e-08    1.20000000e+00    1.20000000e+00   -1.02716612e-05    1.19169471e-04
   6.23143339e-08    1.20000000e+00    1.20000000e+00    1.76798518e-06    1.66880358e-04
   6.23163345e-08    1.20000000e+00    1.20000000e+00    1.33020884e-05    2.14493440e-04
   6.23183351e-08    1.20000000e+00    1.20000000e+00    2.42488432e-05    2.60648650e-04
   6.23203357e-08    1.20000000e+00    1.20000000e+00    3.45147885e-05    3.04187423e-04
   6.23223363e-08    1.20000000e+00    1.20000000e+00    4.39982367e-05    3.44166695e-04
   6.23243369e-08    1.20000000e+00    1.20000000e+00    5.25966289e-05    3.79855841e-04
   6.23263375e-08    1.20000000e+00    1.20000000e+00    6.02159631e-05    4.10730827e-04
   6.23283381e-08    1.20000000e+00    1.20000000e+00    6.67801187e-05    4.36468378e-04
   6.23303386e-08    1.20000000e+00    1.20000000e+00    7.22382340e-05    4.56936683e-04
   6.23323392e-08    1.20000000e+00    1.20000000e+00    7.65691926e-05    4.72179539e-04
   6.23343398e-08    1.20000000e+00    1.20000000e+00    7.97834744e-05    4.82393586e-04
   6.23363404e-08    1.20000000e+00    1.20000000e+00    8.19241184e-05    4.87900395e-04
   6.23383410e-08    1.20000000e+00    1.20000000e+00    8.30709534e-05    4.89116031e-04
   6.23403416e-08    1.20000000e+00    1.20000000e+00    8.33567444e-05    4.86520640e-04
   6.23423422e-08    1.20000000e+00    1.20000000e+00    8.30079022e-05    4.80630040e-04
   6.23443428e-08    1.20000000e+00    1.20000000e+00    8.23991385e-05    4.71970363e-04
   6.23463434e-08    1.20000000e+00    1.20000000e+00    8.20150312e-05    4.61055724e-04
   6.23483440e-08    1.20000000e+00    1.20000000e+00    8.22243853e-05    4.48368824e-04
   6.23503446e-08    1.20000000e+00    1.20000000e+00    8.31231631e-05    4.34350395e-04
   6.23523452e-08    1.20000000e+00    1.20000000e+00    8.46274217e-05    4.19410472e-04
   6.23543458e-08    1.20000000e+00    1.20000000e+00    8.65799299e-05    4.03945444e-04
   6.23563464e-08    1.20000000e+00    1.20000000e+00    8.87564786e-05    3.88327077e-04
   6.23583470e-08    1.20000000e+00    1.20000000e+00    9.08444576e-05    3.72882485e-04
   6.23603476e-08    1.20000000e+00    1.20000000e+00    9.24477263e-05    3.57889096e-04
   6.23623481e-08    1.20000000e+00    1.20000000e+00    9.31171316e-05    3.43578186e-04
   6.23643487e-08    1.20000000e+00    1.20000000e+00    9.23973328e-05    3.30135689e-04
   6.23663493e-08    1.20000000e+00    1.20000000e+00    8.99063512e-05    3.17696594e-04
   6.23683499e-08    1.20000000e+00    1.20000000e+00    8.54310002e-05    3.06336218e-04
   6.23703505e-08    1.20000000e+00    1.20000000e+00    7.89691139e-05    2.96064745e-04
   6.23723511e-08    1.20000000e+00    1.20000000e+00    7.07056717e-05    2.86828734e-04
   6.23743517e-08    1.20000000e+00    1.20000000e+00    6.09598403e-05    2.78517559e-04
   6.23763523e-08    1.20000000e+00    1.20000000e+00    5.01284927e-05    2.70969614e-04
   6.23783529e-08    1.20000000e+00    1.20000000e+00    3.86362561e-05    2.63974323e-04
   6.23803535e-08    1.20000000e+00    1.20000000e+00    2.68961366e-05    2.57269263e-04
   6.23823541e-08    1.20000000e+00    1.20000000e+00    1.52819004e-05    2.50534538e-04
   6.23843547e-08    1.20000000e+00    1.20000000e+00    4.11143803e-06    2.43388532e-04
   6.23863553e-08    1.20000000e+00    1.20000000e+00   -6.36080226e-06    2.35389988e-04
   6.23883559e-08    1.20000000e+00    1.20000000e+00   -1.59446231e-05    2.26050261e-04
   6.23903565e-08    1.20000000e+00    1.20000000e+00   -2.45103154e-05    2.14855832e-04
   6.23923571e-08    1.20000000e+00    1.20000000e+00   -3.19821401e-05    2.01295669e-04
   6.23943576e-08    1.20000000e+00    1.20000000e+00   -3.83304337e-05    1.84884073e-04
   6.23963582e-08    1.20000000e+00    1.20000000e+00   -4.35633113e-05    1.65170622e-04
   6.23983588e-08    1.20000000e+00    1.20000000e+00   -4.77186145e-05    1.41734545e-04
   6.24003594e-08    1.20000000e+00    1.20000000e+00   -5.08564997e-05    1.14167419e-04
   6.24023600e-08    1.20000000e+00    1.20000000e+00   -5.30528856e-05    8.20513698e-05
   6.24043606e-08    1.20000000e+00    1.20000000e+00   -5.43938477e-05    4.49391602e-05
   6.24063612e-08    1.20000000e+00    1.20000000e+00   -5.49709647e-05    2.33959806e-06
   6.24103624e-08    1.20000000e+00    1.20000000e+00   -5.42494055e-05   -1.01766621e-04
   6.24143636e-08    1.20000000e+00    1.20000000e+00   -5.15526139e-05   -2.35021766e-04
   6.24183648e-08    1.20000000e+00    1.20000000e+00   -4.75206679e-05   -4.03343222e-04
   6.24223660e-08    1.20000000e+00    1.20000000e+00   -4.26940395e-05   -6.13505556e-04
   6.24263671e-08    1.20000000e+00    1.20000000e+00   -3.75030981e-05   -8.73228933e-04
   6.24303683e-08    1.20000000e+00    1.20000000e+00   -3.22724948e-05   -1.19146841e-03
   6.24343695e-08    1.20000000e+00    1.20000000e+00   -2.72334201e-05   -1.57892698e-03
   6.24383707e-08    1.20000000e+00    1.20000000e+00   -2.25391166e-05   -2.04836060e-03
   6.24423719e-08    1.20000000e+00    1.20000000e+00   -1.82808027e-05   -2.61051716e-03
   6.24463731e-08    1.20000000e+00    1.20000000e+00   -1.45024014e-05   -3.26687938e-03
   6.24503743e-08    1.20000000e+00    1.20000000e+00   -1.12133006e-05   -4.01198271e-03
   6.24543755e-08    1.20000000e+00    1.20000000e+00   -8.39889029e-06   -4.84323799e-03
   6.24583766e-08    1.20000000e+00    1.20000000e+00   -6.02893102e-06   -5.76457905e-03
   6.24623778e-08    1.20000000e+00    1.20000000e+00   -4.06397134e-06   -6.78627047e-03
   6.24663790e-08    1.20000000e+00    1.20000000e+00   -2.46010133e-06   -7.92550716e-03
   6.24703802e-08    1.20000000e+00    1.20000000e+00   -1.17234336e-06   -9.20885471e-03
   6.24743814e-08    1.20000000e+00    1.20000000e+00   -1.56963031e-07   -1.06781291e-02
   6.24783826e-08    1.20000000e+00    1.20000000e+00    6.27050556e-07   -1.23980838e-02
   6.24823838e-08    1.20000000e+00    1.20000000e+00    1.21712534e-06   -1.44160514e-02
   6.24863850e-08    1.20000000e+00    1.20000000e+00    1.64669704e-06   -1.66053007e-02
   6.24903861e-08    1.20000000e+00    1.20000000e+00    1.94511519e-06   -1.85882167e-02
   6.24943873e-08    1.20000000e+00    1.20000000e+00    2.13776049e-06   -1.98160220e-02
   6.24983885e-08    1.20000000e+00    1.20000000e+00    2.24629529e-06   -1.96111859e-02
   6.25023897e-08    1.20000000e+00    1.20000000e+00    2.28898993e-06   -1.71731461e-02
   6.25063909e-08    1.20000000e+00    1.20000000e+00    2.28108404e-06   -1.16416005e-02
   6.25103921e-08    1.20000000e+00    1.20000000e+00    2.23515459e-06   -2.32929257e-03
   6.25143933e-08    1.20000000e+00    1.20000000e+00    2.16147214e-06    1.11491956e-02
   6.25183945e-08    1.20000000e+00    1.20000000e+00    2.06833376e-06    2.90313517e-02
   6.25223956e-08    1.20000000e+00    1.20000000e+00    1.96236615e-06    5.14369044e-02
   6.25263968e-08    1.20000000e+00    1.20000000e+00    1.84879622e-06    7.83370271e-02
   6.25303980e-08    1.20000000e+00    1.20000000e+00    1.73168877e-06    1.09533522e-01
   6.25343992e-08    1.20000000e+00    1.20000000e+00    1.61415236e-06    1.44651381e-01
   6.25384004e-08    1.20000000e+00    1.20000000e+00    1.49851579e-06    1.83159036e-01
   6.25424016e-08    1.20000000e+00    1.20000000e+00    1.38647764e-06    2.24423451e-01
   6.25464028e-08    1.20000000e+00    1.20000000e+00    1.27923202e-06    2.67784649e-01
   6.25504040e-08    1.20000000e+00    1.20000000e+00    1.17757333e-06    3.12622063e-01
   6.25544051e-08    1.20000000e+00    1.20000000e+00    1.08198283e-06    3.58394488e-01
   6.25584063e-08    1.20000000e+00    1.20000000e+00    9.92699725e-07    4.04652475e-01
   6.25624075e-08    1.20000000e+00    1.20000000e+00    9.09778986e-07    4.51031918e-01
   6.25664087e-08    1.20000000e+00    1.20000000e+00    8.33138106e-07    4.97238562e-01
   6.25704099e-08    1.20000000e+00    1.20000000e+00    7.62594547e-07    5.43030149e-01
   6.25744111e-08    1.20000000e+00    1.20000000e+00    6.97895507e-07    5.88199751e-01
   6.25784123e-08    1.20000000e+00    1.20000000e+00    6.38741345e-07    6.32561793e-01
   6.25824135e-08    1.20000000e+00    1.20000000e+00    5.84803823e-07    6.75941186e-01
   6.25864146e-08    1.20000000e+00    1.20000000e+00    5.35740127e-07    7.18165622e-01
   6.25904158e-08    1.20000000e+00    1.20000000e+00    4.91203497e-07    7.59061010e-01
   6.25944170e-08    1.20000000e+00    1.20000000e+00    4.50851112e-07    7.98450097e-01
   6.25984182e-08    1.20000000e+00    1.20000000e+00    4.14349819e-07    8.36154348e-01
   6.26024194e-08    1.20000000e+00    1.20000000e+00    3.81380134e-07    8.71999018e-01
   6.26064206e-08    1.20000000e+00    1.20000000e+00    3.51638908e-07    9.05820989e-01
   6.26104218e-08    1.20000000e+00    1.20000000e+00    3.24840951e-07    9.37478484e-01
   6.26144230e-08    1.20000000e+00    1.20000000e+00    3.00719863e-07    9.66861199e-01
   6.26184241e-08    1.20000000e+00    1.20000000e+00    2.79028258e-07    9.93899114e-01
   6.26224253e-08    1.20000000e+00    1.20000000e+00    2.59537558e-07    1.01856828e+00
   6.26264265e-08    1.20000000e+00    1.20000000e+00    2.42037455e-07    1.04089246e+00
   6.26304277e-08    1.20000000e+00    1.20000000e+00    2.26335153e-07    1.06094027e+00
   6.26344289e-08    1.20000000e+00    1.20000000e+00    2.12254471e-07    1.07881867e+00
   6.26384301e-08    1.20000000e+00    1.20000000e+00    1.99634845e-07    1.09466397e+00
   6.26424313e-08    1.20000000e+00    1.20000000e+00    1.88330291e-07    1.10863197e+00
   6.26464325e-08    1.20000000e+00    1.20000000e+00    1.78208359e-07    1.12088866e+00
   6.26504336e-08    1.20000000e+00    1.20000000e+00    1.69149098e-07    1.13160224e+00
   6.26544348e-08    1.20000000e+00    1.20000000e+00    1.61044045e-07    1.14093696e+00
   6.26584360e-08    1.20000000e+00    1.20000000e+00    1.53795268e-07    1.14904878e+00
   6.26624372e-08    1.20000000e+00    1.20000000e+00    1.47314453e-07    1.15608264e+00
   6.26664384e-08    1.20000000e+00    1.20000000e+00    1.41522044e-07    1.16217098e+00
   6.26704396e-08    1.20000000e+00    1.20000000e+00    1.36346448e-07    1.16743332e+00
   6.26744408e-08    1.20000000e+00    1.20000000e+00    1.31723291e-07    1.17197635e+00
   6.26784420e-08    1.20000000e+00    1.20000000e+00    1.27594735e-07    1.17589464e+00
   6.26824431e-08    1.20000000e+00    1.20000000e+00    1.23908851e-07    1.17927145e+00
   6.26864443e-08    1.20000000e+00    1.20000000e+00    1.20619041e-07    1.18217974e+00
   6.26944467e-08    1.20000000e+00    1.20000000e+00    1.15048868e-07    1.18685945e+00
   6.27024491e-08    1.20000000e+00    1.20000000e+00    1.10621566e-07    1.19031600e+00
   6.27104515e-08    1.20000000e+00    1.20000000e+00    1.07106682e-07    1.19286612e+00
   6.27184538e-08    1.20000000e+00    1.20000000e+00    1.04319652e-07    1.19474596e+00
   6.27344586e-08    1.20000000e+00    1.20000000e+00    1.00325382e-07    1.19719317e+00
   6.27500003e-08    1.20000000e+00    1.20000000e+00    9.79111420e-08    1.19847105e+00
   6.27502004e-08    1.20000000e+00    1.19711914e+00    9.78873844e-08    1.19848255e+00
   6.27506005e-08    1.20000000e+00    1.19135743e+00    9.78404347e-08    1.19850521e+00
   6.27514007e-08    1.20000000e+00    1.17983401e+00    9.77476534e-08    1.19854985e+00
   6.27530012e-08    1.20000000e+00    1.15678716e+00    9.75686498e-08    1.19863520e+00
   6.27562021e-08    1.20000000e+00    1.11069346e+00    9.72354404e-08    1.19879122e+00
   6.27626040e-08    1.20000000e+00    1.01850606e+00    9.66577757e-08    1.19905258e+00
   6.27754078e-08    1.20000000e+00    8.34131269e-01    9.57883556e-08    1.19942193e+00
   6.27882116e-08    1.20000000e+00    6.49756476e-01    9.52107735e-08    1.19964680e+00
   6.28010154e-08    1.20000000e+00    4.65381683e-01    9.48333103e-08    1.19978382e+00
   6.28026335e-08    1.20000000e+00    4.42082308e-01    9.47978925e-08    1.19979618e+00
   6.28042515e-08    1.20000000e+00    4.18782933e-01    9.47634556e-08    1.19980818e+00
   6.28074875e-08    1.20000000e+00    3.72184183e-01    9.47001960e-08    1.19983009e+00
   6.28107235e-08    1.20000000e+00    3.25585433e-01    9.46439024e-08    1.19984948e+00
   6.28139595e-08    1.20000000e+00    2.78986683e-01    9.45939293e-08    1.19986662e+00
   6.28171956e-08    1.20000000e+00    2.32387934e-01    9.45496879e-08    1.19988179e+00
   6.28204316e-08    1.20000000e+00    1.85789184e-01    9.45106414e-08    1.19989521e+00
   6.28236676e-08    1.20000000e+00    1.39190434e-01    9.44763012e-08    1.19990708e+00
   6.28269036e-08    1.20000000e+00    9.25916839e-02    9.44462216e-08    1.19991758e+00
   6.28301396e-08    1.20000000e+00    4.59929341e-02    9.44199970e-08    1.19992687e+00
   6.28333336e-08    1.20000000e+00   -6.23945340e-14    9.43975333e-08    1.19993498e+00
   6.28336572e-08    1.20000000e+00    0.00000000e+00    9.43954517e-08    1.19993576e+00
   6.28339058e-08    1.20000000e+00    0.00000000e+00    9.43938708e-08    1.19993634e+00
   6.28344031e-08    1.20000000e+00    0.00000000e+00    9.43907452e-08    1.19993750e+00
   6.28353976e-08    1.20000000e+00    0.00000000e+00    9.43847078e-08    1.19993975e+00
   6.28373866e-08    1.20000000e+00    0.00000000e+00    9.43734554e-08    1.19994399e+00
   6.28413646e-08    1.20000000e+00    0.00000000e+00    9.43539954e-08    1.19995152e+00
   6.28493205e-08    1.20000000e+00    0.00000000e+00    9.43255251e-08    1.19996359e+00
   6.28652325e-08    1.20000000e+00    0.00000000e+00    9.42994826e-08    1.19997949e+00
   6.28811445e-08    1.20000000e+00    0.00000000e+00    9.43013518e-08    1.19998831e+00
   6.28970565e-08    1.20000000e+00    0.00000000e+00    9.43185248e-08    1.19999323e+00
   6.29129684e-08    1.20000000e+00    0.00000000e+00    9.43433080e-08    1.19999597e+00
   6.29288804e-08    1.20000000e+00    0.00000000e+00    9.43710889e-08    1.19999752e+00
   6.29447924e-08    1.20000000e+00    0.00000000e+00    9.43991779e-08    1.19999841e+00
   6.29591131e-08    1.20000000e+00    0.00000000e+00    9.44234734e-08    1.19999889e+00
   6.29720018e-08    1.20000000e+00    0.00000000e+00    9.44440179e-08    1.19999917e+00
   6.29836017e-08    1.20000000e+00    0.00000000e+00    9.44612506e-08    1.19999936e+00
   6.29952015e-08    1.20000000e+00    0.00000000e+00    9.44772288e-08    1.19999950e+00
   6.30068013e-08    1.20000000e+00    0.00000000e+00    9.44919501e-08    1.19999961e+00
   6.30184011e-08    1.20000000e+00    0.00000000e+00    9.45054486e-08    1.19999970e+00
   6.30300010e-08    1.20000000e+00    0.00000000e+00    9.45177795e-08    1.19999976e+00
   6.30416008e-08    1.20000000e+00    0.00000000e+00    9.45290113e-08    1.19999981e+00
   6.30532006e-08    1.20000000e+00    0.00000000e+00    9.45392186e-08    1.19999985e+00
   6.30648004e-08    1.20000000e+00    0.00000000e+00    9.45484783e-08    1.19999987e+00
   6.30764003e-08    1.20000000e+00    0.00000000e+00    9.45568662e-08    1.19999989e+00
   6.30880001e-08    1.20000000e+00    0.00000000e+00    9.45644562e-08    1.19999990e+00
   6.31111997e-08    1.20000000e+00    0.00000000e+00    9.45775457e-08    1.19999992e+00
   6.31575990e-08    1.20000000e+00    0.00000000e+00    9.45970604e-08    1.19999994e+00
   6.32503977e-08    1.20000000e+00    0.00000000e+00    9.46189657e-08    1.19999998e+00
   6.33339164e-08    1.20000000e+00    0.00000000e+00    9.46273390e-08    1.19999999e+00
   6.34174351e-08    1.20000000e+00    0.00000000e+00    9.46311370e-08    1.19999999e+00
   6.35009539e-08    1.20000000e+00    0.00000000e+00    9.46328610e-08    1.19999999e+00
   6.36679914e-08    1.20000000e+00    0.00000000e+00    9.46340905e-08    1.19999999e+00
   6.40020664e-08    1.20000000e+00    0.00000000e+00    9.46343345e-08    1.19999999e+00
   6.43361414e-08    1.20000000e+00    0.00000000e+00    9.46342859e-08    1.19999999e+00
   6.46250000e-08    1.20000000e+00    0.00000000e+00    9.46342946e-08    1.19999999e+00
   6.46252094e-08    1.19250000e+00    0.00000000e+00   -3.05726700e-07    1.19999927e+00
   6.46254188e-08    1.18500000e+00    0.00000000e+00   -6.85596090e-07    1.19999858e+00
   6.46256281e-08    1.17750000e+00    0.00000000e+00   -1.05544129e-06    1.19999790e+00
   6.46260469e-08    1.16250000e+00    0.00000000e+00   -1.73714047e-06    1.19999666e+00
   6.46268844e-08    1.13250000e+00    0.00000000e+00   -2.88926387e-06    1.19999455e+00
   6.46285594e-08    1.07250000e+00    0.00000000e+00   -4.49588182e-06    1.19999153e+00
   6.46319094e-08    9.52500000e-01    0.00000000e+00   -5.85665658e-06    1.19998865e+00
   6.46386094e-08    7.12500000e-01    0.00000000e+00   -6.08480431e-06    1.19998698e+00
   6.46446394e-08    4.96500000e-01    0.00000000e+00   -2.85493889e-06    1.19999177e+00
   6.46451810e-08    4.77097700e-01    0.00000000e+00   -2.08637858e-06    1.19999309e+00
   6.46457227e-08    4.57695400e-01    0.00000000e+00   -1.26555917e-06    1.19999450e+00
   6.46468060e-08    4.18890801e-01    0.00000000e+00    6.27173633e-07    1.19999780e+00
   6.46478893e-08    3.80086201e-01    0.00000000e+00    2.80369096e-06    1.20000165e+00
   6.46489726e-08    3.41281602e-01    0.00000000e+00    5.20228845e-06    1.20000595e+00
   6.46500559e-08    3.02477002e-01    0.00000000e+00    7.77283983e-06    1.20001061e+00
   6.46511391e-08    2.63672403e-01    0.00000000e+00    1.04728637e-05    1.20001558e+00
   6.46522224e-08    2.24867803e-01    0.00000000e+00    1.32634491e-05    1.20002081e+00
   6.46533057e-08    1.86063203e-01    0.00000000e+00    1.61078653e-05    1.20002622e+00
   6.46543890e-08    1.47258604e-01    0.00000000e+00    1.89714615e-05    1.20003176e+00
   6.46554723e-08    1.08454004e-01    0.00000000e+00    2.18219081e-05    1.20003740e+00
   6.46565556e-08    6.96494048e-02    0.00000000e+00    2.46294324e-05    1.20004306e+00
   6.46576389e-08    3.08448052e-02    0.00000000e+00    2.73669521e-05    1.20004871e+00
   6.46585000e-08    2.24487096e-13    0.00000000e+00    2.94771948e-05    1.20005317e+00
   6.46586083e-08    0.00000000e+00    0.00000000e+00    3.00243679e-05    1.20005425e+00
   6.46586859e-08    0.00000000e+00    0.00000000e+00    3.04091499e-05    1.20005501e+00
   6.46587634e-08    0.00000000e+00    0.00000000e+00    3.07904823e-05    1.20005576e+00
   6.46589185e-08    0.00000000e+00    0.00000000e+00    3.15326624e-05    1.20005724e+00
   6.46592287e-08    0.00000000e+00    0.00000000e+00    3.29368202e-05    1.20006005e+00
   6.46598491e-08    0.00000000e+00    0.00000000e+00    3.54379630e-05    1.20006513e+00
   6.46610899e-08    0.00000000e+00    0.00000000e+00    3.93162351e-05    1.20007340e+00
   6.46635715e-08    0.00000000e+00    0.00000000e+00    4.33383436e-05    1.20008363e+00
   6.46660530e-08    0.00000000e+00    0.00000000e+00    4.34616808e-05    1.20008733e+00
   6.46685346e-08    0.00000000e+00    0.00000000e+00    4.09140510e-05    1.20008651e+00
   6.46734977e-08    0.00000000e+00    0.00000000e+00    3.16562978e-05    1.20007731e+00
   6.46784609e-08    0.00000000e+00    0.00000000e+00    2.02276210e-05    1.20006318e+00
   6.46834240e-08    0.00000000e+00    0.00000000e+00    9.42897593e-06    1.20004845e+00
   6.46883871e-08    0.00000000e+00    0.00000000e+00    4.17563288e-07    1.20003507e+00
   6.46933503e-08    0.00000000e+00    0.00000000e+00   -6.59071342e-06    1.20002318e+00
   6.46983134e-08    0.00000000e+00    0.00000000e+00   -1.17620202e-05    1.20001145e+00
   6.47032765e-08    0.00000000e+00    0.00000000e+00   -1.65144316e-05    1.19999804e+00
   6.47077434e-08    0.00000000e+00    0.00000000e+00   -2.19659200e-05    1.19998321e+00
   6.47117635e-08    0.00000000e+00    0.00000000e+00   -2.81710675e-05    1.19996701e+00
   6.47153528e-08    0.00000000e+00    0.00000000e+00   -3.46159633e-05    1.19995012e+00
   6.47185051e-08    0.00000000e+00    0.00000000e+00   -4.07820463e-05    1.19993341e+00
   6.47213276e-08    0.00000000e+00    0.00000000e+00   -4.63745900e-05    1.19991698e+00
   6.47238679e-08    0.00000000e+00    0.00000000e+00   -5.10889659e-05    1.19990143e+00
   6.47264082e-08    0.00000000e+00    0.00000000e+00   -5.51658942e-05    1.19988630e+00
   6.47289485e-08    0.00000000e+00    0.00000000e+00   -5.83531345e-05    1.19987295e+00
   6.47314887e-08    0.00000000e+00    0.00000000e+00   -6.04735522e-05    1.19986230e+00
   6.47340290e-08    0.00000000e+00    0.00000000e+00   -6.14243147e-05    1.19985473e+00
   6.47365693e-08    0.00000000e+00    0.00000000e+00   -6.11685992e-05    1.19985028e+00
   6.47391096e-08    0.00000000e+00    0.00000000e+00   -5.97117989e-05    1.19984873e+00
   6.47416499e-08    0.00000000e+00    0.00000000e+00   -5.70363808e-05    1.19984974e+00
   6.47441901e-08    0.00000000e+00    0.00000000e+00   -5.30710025e-05    1.19985269e+00
   6.47467304e-08    0.00000000e+00    0.00000000e+00   -4.79257711e-05    1.19985637e+00
   6.47492707e-08    0.00000000e+00    0.00000000e+00   -4.18618118e-05    1.19985923e+00
   6.47518110e-08    0.00000000e+00    0.00000000e+00   -3.48169225e-05    1.19986150e+00
   6.47543513e-08    0.00000000e+00    0.00000000e+00   -2.62396354e-05    1.19986469e+00
   6.47568915e-08    0.00000000e+00    0.00000000e+00   -1.60764588e-05    1.19986977e+00
   6.47594318e-08    0.00000000e+00    0.00000000e+00   -6.03269388e-06    1.19987715e+00
   6.47619721e-08    0.00000000e+00    0.00000000e+00    2.72111028e-06    1.19988693e+00
   6.47645124e-08    0.00000000e+00    0.00000000e+00    1.03679990e-05    1.19989905e+00
   6.47670527e-08    0.00000000e+00    0.00000000e+00    1.73779648e-05    1.19991338e+00
   6.47695929e-08    0.00000000e+00    0.00000000e+00    2.40603447e-05    1.19992971e+00
   6.47718792e-08    0.00000000e+00    0.00000000e+00    2.98527785e-05    1.19994584e+00
   6.47739368e-08    0.00000000e+00    0.00000000e+00    3.48009412e-05    1.19996120e+00
   6.47759944e-08    0.00000000e+00    0.00000000e+00    3.93468229e-05    1.19997699e+00
   6.47780521e-08    0.00000000e+00    0.00000000e+00    4.33274261e-05    1.19999279e+00
   6.47801097e-08    0.00000000e+00    0.00000000e+00    4.65981513e-05    1.20000818e+00
   6.47821673e-08    0.00000000e+00    0.00000000e+00    4.90565519e-05    1.20002275e+00
   6.47842250e-08    0.00000000e+00    0.00000000e+00    5.06523201e-05    1.20003619e+00
   6.47862826e-08    0.00000000e+00    0.00000000e+00    5.13861824e-05    1.20004826e+00
   6.47883402e-08    0.00000000e+00    0.00000000e+00    5.13019132e-05    1.20005879e+00
   6.47903978e-08    0.00000000e+00    0.00000000e+00    5.04753190e-05    1.20006772e+00
   6.47924555e-08    0.00000000e+00    0.00000000e+00    4.90029108e-05    1.20007507e+00
   6.47945131e-08    0.00000000e+00    0.00000000e+00    4.69918297e-05    1.20008088e+00
   6.47965707e-08    0.00000000e+00    0.00000000e+00    4.45517178e-05    1.20008526e+00
   6.47986283e-08    0.00000000e+00    0.00000000e+00    4.17886645e-05    1.20008834e+00
   6.48027436e-08    0.00000000e+00    0.00000000e+00    3.57125192e-05    1.20009122e+00
   6.48068588e-08    0.00000000e+00    0.00000000e+00    2.93624216e-05    1.20009057e+00
   6.48109741e-08    0.00000000e+00    0.00000000e+00    2.32152561e-05    1.20008740e+00
   6.48150894e-08    0.00000000e+00    0.00000000e+00    1.75796001e-05    1.20008260e+00
   6.48192046e-08    0.00000000e+00    0.00000000e+00    1.26244470e-05    1.20007684e+00
   6.48274351e-08    0.00000000e+00    0.00000000e+00    4.91283839e-06    1.20006440e+00
   6.48356656e-08    0.00000000e+00    0.00000000e+00   -9.83112500e-08    1.20005227e+00
   6.48438961e-08    0.00000000e+00    0.00000000e+00   -2.97632666e-06    1.20004155e+00
   6.48521266e-08    0.00000000e+00    0.00000000e+00   -4.37100826e-06    1.20003254e+00
   6.48685876e-08    0.00000000e+00    0.00000000e+00   -4.85532744e-06    1.20001906e+00
   6.48850487e-08    0.00000000e+00    0.00000000e+00   -3.98026393e-06    1.20001039e+00
   6.49015097e-08    0.00000000e+00    0.00000000e+00   -2.94940655e-06    1.20000498e+00
   6.49179707e-08    0.00000000e+00    0.00000000e+00   -2.11231631e-06    1.20000164e+00
   6.49344317e-08    0.00000000e+00    0.00000000e+00   -1.49993057e-06    1.19999962e+00
   6.49492466e-08    0.00000000e+00    0.00000000e+00   -1.10204557e-06    1.19999851e+00
   6.49625800e-08    0.00000000e+00    0.00000000e+00   -8.34842859e-07    1.19999791e+00
   6.49745544e-08    0.00000000e+00    0.00000000e+00   -6.49185347e-07    1.19999758e+00
   6.49853312e-08    0.00000000e+00    0.00000000e+00   -5.15681383e-07    1.19999742e+00
   6.49961081e-08    0.00000000e+00    0.00000000e+00   -4.07094971e-07    1.19999734e+00
   6.50068850e-08    0.00000000e+00    0.00000000e+00   -3.18447476e-07    1.19999733e+00
   6.50176619e-08    0.00000000e+00    0.00000000e+00   -2.45857579e-07    1.19999737e+00
   6.50284388e-08    0.00000000e+00    0.00000000e+00   -1.86272782e-07    1.19999744e+00
   6.50392157e-08    0.00000000e+00    0.00000000e+00   -1.37270931e-07    1.19999753e+00
   6.50499926e-08    0.00000000e+00    0.00000000e+00   -9.69141086e-08    1.19999764e+00
   6.50607695e-08    0.00000000e+00    0.00000000e+00   -6.36406778e-08    1.19999776e+00
   6.50693976e-08    0.00000000e+00    0.00000000e+00   -4.12701430e-08    1.19999787e+00
   6.50764503e-08    0.00000000e+00    0.00000000e+00   -2.53768116e-08    1.19999796e+00
   6.50827977e-08    0.00000000e+00    0.00000000e+00   -1.26787075e-08    1.19999805e+00
   6.50885104e-08    0.00000000e+00    0.00000000e+00   -2.40988857e-09    1.19999812e+00
   6.50942231e-08    0.00000000e+00    0.00000000e+00    6.87289158e-09    1.19999820e+00
   6.50999358e-08    0.00000000e+00    0.00000000e+00    1.52650149e-08    1.19999828e+00
   6.51056484e-08    0.00000000e+00    0.00000000e+00    2.28524831e-08    1.19999836e+00
   6.51113611e-08    0.00000000e+00    0.00000000e+00    2.97128731e-08    1.19999843e+00
   6.51170738e-08    0.00000000e+00    0.00000000e+00    3.59161906e-08    1.19999846e+00
   6.51227865e-08    0.00000000e+00    0.00000000e+00    4.15256283e-08    1.19999845e+00
   6.51284992e-08    0.00000000e+00    0.00000000e+00    4.65982459e-08    1.19999841e+00
   6.51342119e-08    0.00000000e+00    0.00000000e+00    5.11855774e-08    1.19999835e+00
   6.51393533e-08    0.00000000e+00    0.00000000e+00    5.49372521e-08    1.19999829e+00
   6.51444947e-08    0.00000000e+00    0.00000000e+00    5.83645216e-08    1.19999825e+00
   6.51496361e-08    0.00000000e+00    0.00000000e+00    6.14954977e-08    1.19999823e+00
   6.51547775e-08    0.00000000e+00    0.00000000e+00    6.43558454e-08    1.19999824e+00
   6.51599189e-08    0.00000000e+00    0.00000000e+00    6.69689978e-08    1.19999827e+00
   6.51650603e-08    0.00000000e+00    0.00000000e+00    6.93563516e-08    1.19999833e+00
   6.51702017e-08    0.00000000e+00    0.00000000e+00    7.15374461e-08    1.19999840e+00
   6.51753432e-08    0.00000000e+00    0.00000000e+00    7.35301247e-08    1.19999847e+00
   6.51804846e-08    0.00000000e+00    0.00000000e+00    7.53506842e-08    1.19999855e+00
   6.51907674e-08    0.00000000e+00    0.00000000e+00    7.85396429e-08    1.19999870e+00
   6.52113330e-08    0.00000000e+00    0.00000000e+00    8.34549012e-08    1.19999896e+00
   6.52318987e-08    0.00000000e+00    0.00000000e+00    8.68675160e-08    1.19999914e+00
   6.52524644e-08    0.00000000e+00    0.00000000e+00    8.92371776e-08    1.19999927e+00
   6.52730300e-08    0.00000000e+00    0.00000000e+00    9.08828503e-08    1.19999937e+00
   6.52935957e-08    0.00000000e+00    0.00000000e+00    9.20258964e-08    1.19999945e+00
   6.53141613e-08    0.00000000e+00    0.00000000e+00    9.28199631e-08    1.19999951e+00
   6.53347270e-08    0.00000000e+00    0.00000000e+00    9.33717053e-08    1.19999957e+00
   6.53758583e-08    0.00000000e+00    0.00000000e+00    9.40372234e-08    1.19999967e+00
   6.54169896e-08    0.00000000e+00    0.00000000e+00    9.43508525e-08    1.19999974e+00
   6.54581209e-08    0.00000000e+00    0.00000000e+00    9.44989629e-08    1.19999980e+00
   6.54992522e-08    0.00000000e+00    0.00000000e+00    9.45691292e-08    1.19999984e+00
   6.55815148e-08    0.00000000e+00    0.00000000e+00    9.46221510e-08    1.19999990e+00
   6.57460400e-08    0.00000000e+00    0.00000000e+00    9.46355703e-08    1.19999996e+00
   6.59105652e-08    0.00000000e+00    0.00000000e+00    9.46338693e-08    1.19999998e+00
   6.60750905e-08    0.00000000e+00    0.00000000e+00    9.46343308e-08    1.19999999e+00
   6.62396157e-08    0.00000000e+00    0.00000000e+00    9.46342781e-08    1.19999999e+00
   6.65686661e-08    0.00000000e+00    0.00000000e+00    9.46342986e-08    1.19999999e+00
   6.70000000e-08    5.92607006e-14    0.00000000e+00    9.46342900e-08    1.19999999e+00
   6.70002094e-08    7.50000000e-03    0.00000000e+00    7.87090935e-07    1.20000062e+00
   6.70004188e-08    1.50000000e-02    0.00000000e+00    1.45483214e-06    1.20000121e+00
   6.70006281e-08    2.25000000e-02    0.00000000e+00    2.11038626e-06    1.20000179e+00
   6.70010469e-08    3.75000000e-02    0.00000000e+00    3.34922042e-06    1.20000286e+00
   6.70018844e-08    6.75000000e-02    0.00000000e+00    5.55031271e-06    1.20000469e+00
   6.70035594e-08    1.27500000e-01    0.00000000e+00    8.95381751e-06    1.20000731e+00
   6.70069094e-08    2.47500000e-01    0.00000000e+00    1.26317811e-05    1.20000966e+00
   6.70102594e-08    3.67500000e-01    0.00000000e+00    1.34108510e-05    1.20000970e+00
   6.70136094e-08    4.87500000e-01    0.00000000e+00    1.26661554e-05    1.20000878e+00
   6.70146628e-08    5.25236114e-01    0.00000000e+00    1.22221490e-05    1.20000839e+00
   6.70167698e-08    6.00708341e-01    0.00000000e+00    1.11369694e-05    1.20000747e+00
   6.70174577e-08    6.25351933e-01    0.00000000e+00    1.06407466e-05    1.20000707e+00
   6.70188337e-08    6.74639116e-01    0.00000000e+00    9.41978656e-06    1.20000609e+00
   6.70215855e-08    7.73213481e-01    0.00000000e+00    4.95377143e-06    1.20000253e+00
   6.70220016e-08    7.88118575e-01    0.00000000e+00    3.92944061e-06    1.20000172e+00
   6.70224177e-08    8.03023668e-01    0.00000000e+00    2.82962990e-06    1.20000085e+00
   6.70232499e-08    8.32833855e-01    0.00000000e+00    2.43758081e-07    1.19999880e+00
   6.70240821e-08    8.62644041e-01    0.00000000e+00   -2.92182729e-06    1.19999631e+00
   6.70249143e-08    8.92454228e-01    0.00000000e+00   -6.72783689e-06    1.19999333e+00
   6.70257465e-08    9.22264415e-01    0.00000000e+00   -1.11709164e-05    1.19998987e+00
   6.70265787e-08    9.52074601e-01    0.00000000e+00   -1.61807702e-05    1.19998601e+00
   6.70274110e-08    9.81884788e-01    0.00000000e+00   -2.16816200e-05    1.19998180e+00
   6.70282432e-08    1.01169497e+00    0.00000000e+00   -2.76274988e-05    1.19997730e+00
   6.70290754e-08    1.04150516e+00    0.00000000e+00   -3.39928069e-05    1.19997251e+00
   6.70299076e-08    1.07131535e+00    0.00000000e+00   -4.07571824e-05    1.19996743e+00
   6.70307398e-08    1.10112553e+00    0.00000000e+00   -4.78975748e-05    1.19996207e+00
   6.70315720e-08    1.13093572e+00    0.00000000e+00   -5.53852020e-05    1.19995644e+00
   6.70324042e-08    1.16074591e+00    0.00000000e+00   -6.31845909e-05    1.19995055e+00
   6.70332364e-08    1.19055609e+00    0.00000000e+00   -7.12533826e-05    1.19994443e+00
   6.70335000e-08    1.20000000e+00    0.00000000e+00   -7.38595193e-05    1.19994245e+00
   6.70335467e-08    1.20000000e+00    0.00000000e+00   -7.44179472e-05    1.19994201e+00
   6.70335879e-08    1.20000000e+00    0.00000000e+00   -7.49065158e-05    1.19994162e+00
   6.70336291e-08    1.20000000e+00    0.00000000e+00   -7.53932403e-05    1.19994124e+00
   6.70337114e-08    1.20000000e+00    0.00000000e+00   -7.63552430e-05    1.19994048e+00
   6.70338761e-08    1.20000000e+00    0.00000000e+00   -7.82338144e-05    1.19993902e+00
   6.70342055e-08    1.20000000e+00    0.00000000e+00   -8.18121184e-05    1.19993625e+00
   6.70348644e-08    1.20000000e+00    0.00000000e+00   -8.82775956e-05    1.19993132e+00
   6.70361820e-08    1.20000000e+00    0.00000000e+00   -9.86476305e-05    1.19992364e+00
   6.70388173e-08    1.20000000e+00    0.00000000e+00   -1.10782661e-04    1.19991492e+00
   6.70414526e-08    1.20000000e+00    0.00000000e+00   -1.13798775e-04    1.19991148e+00
   6.70440880e-08    1.20000000e+00    0.00000000e+00   -1.10062687e-04    1.19990631e+00
   6.70464597e-08    1.20000000e+00    0.00000000e+00   -1.02497016e-04    1.19989764e+00
   6.70485943e-08    1.20000000e+00    0.00000000e+00   -9.33931666e-05    1.19988843e+00
   6.70507290e-08    1.20000000e+00    0.00000000e+00   -8.27336564e-05    1.19987813e+00
   6.70528636e-08    1.20000000e+00    0.00000000e+00   -7.06478888e-05    1.19986642e+00
   6.70549982e-08    1.20000000e+00    0.00000000e+00   -5.73009786e-05    1.19985323e+00
   6.70571328e-08    1.20000000e+00    0.00000000e+00   -4.33766510e-05    1.19983887e+00
   6.70592674e-08    1.20000000e+00    0.00000000e+00   -2.95264185e-05    1.19982395e+00
   6.70614020e-08    1.20000000e+00    0.00000000e+00   -1.60201385e-05    1.19980924e+00
   6.70635366e-08    1.20000000e+00    0.00000000e+00   -2.96880220e-06    1.19979546e+00
   6.70656712e-08    1.20000000e+00    0.00000000e+00    9.54112285e-06    1.19978327e+00
   6.70678058e-08    1.20000000e+00    0.00000000e+00    2.14151428e-05    1.19977317e+00
   6.70699404e-08    1.20000000e+00    0.00000000e+00    3.25438529e-05    1.19976551e+00
   6.70720750e-08    1.20000000e+00    0.00000000e+00    4.28056025e-05    1.19976045e+00
   6.70742096e-08    1.20000000e+00    0.00000000e+00    5.20755009e-05    1.19975800e+00
   6.70763442e-08    1.20000000e+00    0.00000000e+00    6.02380541e-05    1.19975799e+00
   6.70784788e-08    1.20000000e+00    0.00000000e+00    6.72000939e-05    1.19976012e+00
   6.70806134e-08    1.20000000e+00    0.00000000e+00    7.29010481e-05    1.19976400e+00
   6.70827480e-08    1.20000000e+00    0.00000000e+00    7.73190282e-05    1.19976918e+00
   6.70848826e-08    1.20000000e+00    0.00000000e+00    8.04732117e-05    1.19977517e+00
   6.70870172e-08    1.20000000e+00    0.00000000e+00    8.24256150e-05    1.19978150e+00
   6.70891518e-08    1.20000000e+00    0.00000000e+00    8.32898683e-05    1.19978777e+00
   6.70912864e-08    1.20000000e+00    0.00000000e+00    8.32626620e-05    1.19979362e+00
   6.70934211e-08    1.20000000e+00    0.00000000e+00    8.26925417e-05    1.19979883e+00
   6.70955557e-08    1.20000000e+00    0.00000000e+00    8.21204175e-05    1.19980329e+00
   6.70976903e-08    1.20000000e+00    0.00000000e+00    8.20889579e-05    1.19980704e+00
   6.70998249e-08    1.20000000e+00    0.00000000e+00    8.28346811e-05    1.19981021e+00
   6.71019595e-08    1.20000000e+00    0.00000000e+00    8.43033337e-05    1.19981300e+00
   6.71040941e-08    1.20000000e+00    0.00000000e+00    8.63196152e-05    1.19981551e+00
   6.71062287e-08    1.20000000e+00    0.00000000e+00    8.86258477e-05    1.19981767e+00
   6.71083633e-08    1.20000000e+00    0.00000000e+00    9.08537175e-05    1.19981904e+00
   6.71104979e-08    1.20000000e+00    0.00000000e+00    9.25263667e-05    1.19981888e+00
   6.71126325e-08    1.20000000e+00    0.00000000e+00    9.30988931e-05    1.19981609e+00
   6.71147671e-08    1.20000000e+00    0.00000000e+00    9.20248886e-05    1.19980938e+00
   6.71169017e-08    1.20000000e+00    0.00000000e+00    8.88706467e-05    1.19979742e+00
   6.71190363e-08    1.20000000e+00    0.00000000e+00    8.34376019e-05    1.19977906e+00
   6.71211709e-08    1.20000000e+00    0.00000000e+00    7.57967613e-05    1.19975347e+00
   6.71233055e-08    1.20000000e+00    0.00000000e+00    6.62397791e-05    1.19972033e+00
   6.71254401e-08    1.20000000e+00    0.00000000e+00    5.52022317e-05    1.19967999e+00
   6.71275747e-08    1.20000000e+00    0.00000000e+00    4.31888070e-05    1.19963357e+00
   6.71297093e-08    1.20000000e+00    0.00000000e+00    3.07113223e-05    1.19958308e+00
   6.71318439e-08    1.20000000e+00    0.00000000e+00    1.82435349e-05    1.19953147e+00
   6.71339785e-08    1.20000000e+00    0.00000000e+00    6.19277971e-06    1.19948252e+00
   6.71361132e-08    1.20000000e+00    0.00000000e+00   -5.11400081e-06    1.19944070e+00
   6.71382478e-08    1.20000000e+00    0.00000000e+00   -1.54333411e-05    1.19941093e+00
   6.71403824e-08    1.20000000e+00    0.00000000e+00   -2.46009691e-05    1.19939834e+00
   6.71425170e-08    1.20000000e+00    0.00000000e+00   -3.25231173e-05    1.19940817e+00
   6.71446516e-08    1.20000000e+00    0.00000000e+00   -3.91656714e-05    1.19944567e+00
   6.71467862e-08    1.20000000e+00    0.00000000e+00   -4.45427142e-05    1.19951606e+00
   6.71489208e-08    1.20000000e+00    0.00000000e+00   -4.87054711e-05    1.19962451e+00
   6.71510554e-08    1.20000000e+00    0.00000000e+00   -5.17322555e-05    1.19977613e+00
   6.71531900e-08    1.20000000e+00    0.00000000e+00   -5.37197145e-05    1.19997598e+00
   6.71553246e-08    1.20000000e+00    0.00000000e+00   -5.47754836e-05    1.20022900e+00
   6.71574592e-08    1.20000000e+00    0.00000000e+00   -5.50122266e-05    1.20053993e+00
   6.71595938e-08    1.20000000e+00    0.00000000e+00   -5.45429580e-05    1.20091312e+00
   6.71617284e-08    1.20000000e+00    0.00000000e+00   -5.34775070e-05    1.20135210e+00
   6.71638630e-08    1.20000000e+00    0.00000000e+00   -5.19199612e-05    1.20185899e+00
   6.71659976e-08    1.20000000e+00    0.00000000e+00   -4.99669294e-05    1.20243409e+00
   6.71681322e-08    1.20000000e+00    0.00000000e+00   -4.77064711e-05    1.20307612e+00
   6.71702668e-08    1.20000000e+00    0.00000000e+00   -4.52175548e-05    1.20378305e+00
   6.71724014e-08    1.20000000e+00    0.00000000e+00   -4.25699260e-05    1.20455257e+00
   6.71745360e-08    1.20000000e+00    0.00000000e+00   -3.98242806e-05    1.20538224e+00
   6.71766707e-08    1.20000000e+00    0.00000000e+00   -3.70326598e-05    1.20626938e+00
   6.71788053e-08    1.20000000e+00    0.00000000e+00   -3.42389957e-05    1.20721111e+00
   6.71809399e-08    1.20000000e+00    0.00000000e+00   -3.14797523e-05    1.20820440e+00
   6.71830745e-08    1.20000000e+00    0.00000000e+00   -2.87846172e-05    1.20924618e+00
   6.71852091e-08    1.20000000e+00    0.00000000e+00   -2.61772122e-05    1.21033344e+00
   6.71873437e-08    1.20000000e+00    0.00000000e+00   -2.36757951e-05    1.21146332e+00
   6.71894783e-08    1.20000000e+00    0.00000000e+00   -2.12939369e-05    1.21263319e+00
   6.71916129e-08    1.20000000e+00    0.00000000e+00   -1.90411610e-05    1.21384079e+00
   6.71937475e-08    1.20000000e+00    0.00000000e+00   -1.69235359e-05    1.21508426e+00
   6.71958821e-08    1.20000000e+00    0.00000000e+00   -1.49442181e-05    1.21636228e+00
   6.72001513e-08    1.20000000e+00    0.00000000e+00   -1.13997390e-05    1.21901979e+00
   6.72044205e-08    1.20000000e+00    0.00000000e+00   -8.39179484e-06    1.22181540e+00
   6.72086897e-08    1.20000000e+00    0.00000000e+00   -5.88567243e-06    1.22475959e+00
   6.72129589e-08    1.20000000e+00    0.00000000e+00   -3.83439795e-06    1.22786213e+00
   6.72172281e-08    1.20000000e+00    0.00000000e+00   -2.18527780e-06    1.23109114e+00
   6.72214974e-08    1.20000000e+00    0.00000000e+00   -8.84466987e-07    1.23428287e+00
   6.72257666e-08    1.20000000e+00    0.00000000e+00    1.20002064e-07    1.23706746e+00
   6.72300358e-08    1.20000000e+00    0.00000000e+00    8.76353267e-07    1.23880928e+00
   6.72343050e-08    1.20000000e+00    0.00000000e+00    1.42805017e-06    1.23851161e+00
   6.72385742e-08    1.20000000e+00    0.00000000e+00    1.81337847e-06    1.23474111e+00
   6.72428434e-08    1.20000000e+00    0.00000000e+00    2.06543380e-06    1.22559264e+00
   6.72471126e-08    1.20000000e+00    0.00000000e+00    2.21236906e-06    1.20887638e+00
   6.72509549e-08    1.20000000e+00    0.00000000e+00    2.27407652e-06    1.18623217e+00
   6.72544130e-08    1.20000000e+00    0.00000000e+00    2.28505908e-06    1.15943928e+00
   6.72578710e-08    1.20000000e+00    0.00000000e+00    2.26322083e-06    1.12658238e+00
   6.72613291e-08    1.20000000e+00    0.00000000e+00    2.21598884e-06    1.08791129e+00
   6.72647871e-08    1.20000000e+00    0.00000000e+00    2.14957699e-06    1.04389032e+00
   6.72682452e-08    1.20000000e+00    0.00000000e+00    2.06914205e-06    9.95141277e-01
   6.72717033e-08    1.20000000e+00    0.00000000e+00    1.97892692e-06    9.42378872e-01
   6.72751613e-08    1.20000000e+00    0.00000000e+00    1.88239019e-06    8.86354649e-01
   6.72786194e-08    1.20000000e+00    0.00000000e+00    1.78232203e-06    8.27815934e-01
   6.72820774e-08    1.20000000e+00    0.00000000e+00    1.68094677e-06    7.67481254e-01
   6.72855355e-08    1.20000000e+00    0.00000000e+00    1.58001285e-06    7.06030749e-01
   6.72889936e-08    1.20000000e+00    0.00000000e+00    1.48087118e-06    6.44108916e-01
   6.72924516e-08    1.20000000e+00    0.00000000e+00    1.38454287e-06    5.82336826e-01
   6.72959097e-08    1.20000000e+00    0.00000000e+00    1.29177731e-06    5.21330844e-01
   6.72993677e-08    1.20000000e+00    0.00000000e+00    1.20310183e-06    4.61724045e-01
   6.73028258e-08    1.20000000e+00    0.00000000e+00    1.11886376e-06    4.04184037e-01
   6.73062839e-08    1.20000000e+00    0.00000000e+00    1.03926597e-06    3.49417250e-01
   6.73097419e-08    1.20000000e+00    0.00000000e+00    9.64396640e-07    2.98147239e-01
   6.73132000e-08    1.20000000e+00    0.00000000e+00    8.94254089e-07    2.51058433e-01
   6.73166580e-08    1.20000000e+00    0.00000000e+00    8.28767390e-07    2.08711271e-01
   6.73201161e-08    1.20000000e+00    0.00000000e+00    7.67813335e-07    1.71454781e-01
   6.73235742e-08    1.20000000e+00    0.00000000e+00    7.11230339e-07    1.39372455e-01
   6.73270322e-08    1.20000000e+00    0.00000000e+00    6.58829730e-07    1.12284349e-01
   6.73304903e-08    1.20000000e+00    0.00000000e+00    6.10404864e-07    8.98007304e-02
   6.73339484e-08    1.20000000e+00    0.00000000e+00    5.65738401e-07    7.14017918e-02
   6.73374064e-08    1.20000000e+00    0.00000000e+00    5.24608064e-07    5.65157550e-02
   6.73408645e-08    1.20000000e+00    0.00000000e+00    4.86791128e-07    4.45786913e-02
   6.73443225e-08    1.20000000e+00    0.00000000e+00    4.52067876e-07    3.50718654e-02
   6.73477806e-08    1.20000000e+00    0.00000000e+00    4.20224194e-07    2.75400084e-02
   6.73512387e-08    1.20000000e+00    0.00000000e+00    3.91053479e-07    2.15963687e-02
   6.73546967e-08    1.20000000e+00    0.00000000e+00    3.64357980e-07    1.69198998e-02
   6.73581548e-08    1.20000000e+00    0.00000000e+00    3.39949689e-07    1.32484870e-02
   6.73616128e-08    1.20000000e+00    0.00000000e+00    3.17650874e-07    1.03707028e-02
   6.73650709e-08    1.20000000e+00    0.00000000e+00    2.97294327e-07    8.11751665e-03
   6.73685290e-08    1.20000000e+00    0.00000000e+00    2.78723396e-07    6.35468390e-03
   6.73754451e-08    1.20000000e+00    0.00000000e+00    2.46302728e-07    3.86890091e-03
   6.73823612e-08    1.20000000e+00    0.00000000e+00    2.19417244e-07    2.36098081e-03
   6.73892773e-08    1.20000000e+00    0.00000000e+00    1.97163364e-07    1.44550659e-03
   6.73961934e-08    1.20000000e+00    0.00000000e+00    1.78772038e-07    8.88680104e-04
   6.74031096e-08    1.20000000e+00    0.00000000e+00    1.63593128e-07    5.49103478e-04
   6.74169418e-08    1.20000000e+00    0.00000000e+00    1.40598773e-07    2.00670004e-04
   6.74446063e-08    1.20000000e+00    0.00000000e+00    1.13943574e-07    1.24758428e-05
   6.74722708e-08    1.20000000e+00    0.00000000e+00    1.02353210e-07    4.29747216e-06
   6.74999352e-08    1.20000000e+00    0.00000000e+00    9.74135134e-08    1.98443031e-06
   6.75000000e-08    1.20000000e+00    2.14405301e-13    9.74066914e-08    1.98152041e-06
   6.75000648e-08    1.20000000e+00    9.32551739e-04    9.73998894e-08    1.98011430e-06
   6.75001295e-08    1.20000000e+00    1.86510348e-03    9.73931010e-08    1.97868828e-06
   6.75002590e-08    1.20000000e+00    3.73020695e-03    9.73795505e-08    1.97579693e-06
   6.75005181e-08    1.20000000e+00    7.46041391e-03    9.73526090e-08    1.96978322e-06
   6.75010362e-08    1.20000000e+00    1.49208278e-02    9.72993573e-08    1.95688283e-06
   6.75020723e-08    1.20000000e+00    2.98416556e-02    9.71953320e-08    1.92797741e-06
   6.75041447e-08    1.20000000e+00    5.96833113e-02    9.69968372e-08    1.86050296e-06
   6.75082893e-08    1.20000000e+00    1.19366623e-01    9.66353816e-08    1.70401210e-06
   6.75165787e-08    1.20000000e+00    2.38733245e-01    9.60356344e-08    1.38427046e-06
   6.75331574e-08    1.20000000e+00    4.77466490e-01    9.52094896e-08    9.07162214e-07
   6.75497361e-08    1.20000000e+00    7.16199735e-01    9.47356952e-08    6.11850621e-07
   6.75511150e-08    1.20000000e+00    7.36055926e-01    9.47087212e-08    5.88261472e-07
   6.75538728e-08    1.20000000e+00    7.75768309e-01    9.46573429e-08    5.35782400e-07
   6.75566306e-08    1.20000000e+00    8.15480691e-01    9.46108983e-08    4.76326648e-07
   6.75593884e-08    1.20000000e+00    8.55193073e-01    9.45689944e-08    4.14307248e-07
   6.75621462e-08    1.20000000e+00    8.94905456e-01    9.45312668e-08    3.54625056e-07
   6.75649040e-08    1.20000000e+00    9.34617838e-01    9.44973794e-08    3.00505408e-07
   6.75676618e-08    1.20000000e+00    9.74330220e-01    9.44670217e-08    2.53671323e-07
   6.75704196e-08    1.20000000e+00    1.01404260e+00    9.44399071e-08    2.15143888e-07
   6.75731774e-08    1.20000000e+00    1.05375498e+00    9.44157702e-08    1.85539634e-07
   6.75759352e-08    1.20000000e+00    1.09346737e+00    9.43943669e-08    1.65075089e-07
   6.75786930e-08    1.20000000e+00    1.13317975e+00    9.43754710e-08    1.53530703e-07
   6.75814508e-08    1.20000000e+00    1.17289213e+00    9.43588739e-08    1.50289424e-07
   6.75833333e-08    1.20000000e+00    1.20000000e+00    9.43487706e-08    1.52427462e-07
   6.75836091e-08    1.20000000e+00    1.20000000e+00    9.43473796e-08    1.49882431e-07
   6.75838079e-08    1.20000000e+00    1.20000000e+00    9.43463873e-08    1.48679004e-07
   6.75842055e-08    1.20000000e+00    1.20000000e+00    9.43444227e-08    1.47460670e-07
   6.75850007e-08    1.20000000e+00    1.20000000e+00    9.43406124e-08    1.51356117e-07
   6.75865911e-08    1.20000000e+00    1.20000000e+00    9.43334542e-08    1.77726778e-07
   6.75881816e-08    1.20000000e+00    1.20000000e+00    9.43268895e-08    2.20210100e-07
   6.75897720e-08    1.20000000e+00    1.20000000e+00    9.43208883e-08    2.70040627e-07
   6.75929529e-08    1.20000000e+00    1.20000000e+00    9.43104518e-08    3.69313941e-07
   6.75993146e-08    1.20000000e+00    1.20000000e+00    9.42950964e-08    5.09839537e-07
   6.76120381e-08    1.20000000e+00    1.20000000e+00    9.42815531e-08    5.38353308e-07
   6.76247616e-08    1.20000000e+00    1.20000000e+00    9.42846165e-08    3.88003700e-07
   6.76374850e-08    1.20000000e+00    1.20000000e+00    9.42979242e-08    2.40006238e-07
   6.76502085e-08    1.20000000e+00    1.20000000e+00    9.43171797e-08    1.49125124e-07
   6.76629320e-08    1.20000000e+00    1.20000000e+00    9.43395139e-08    1.07577885e-07
   6.76756554e-08    1.20000000e+00    1.20000000e+00    9.43630384e-08    9.87007413e-08
   6.76871066e-08    1.20000000e+00    1.20000000e+00    9.43842222e-08    1.04298590e-07
   6.76974126e-08    1.20000000e+00    1.20000000e+00    9.44027942e-08    1.06951340e-07
   6.77066880e-08    1.20000000e+00    1.20000000e+00    9.44188769e-08    9.99685705e-08
   6.77159634e-08    1.20000000e+00    1.20000000e+00    9.44342327e-08    8.51080302e-08
   6.77252388e-08    1.20000000e+00    1.20000000e+00    9.44487917e-08    6.80683334e-08
   6.77345142e-08    1.20000000e+00    1.20000000e+00    9.44625189e-08    5.42467402e-08
   6.77437896e-08    1.20000000e+00    1.20000000e+00    9.44754044e-08    4.65734440e-08
   6.77530650e-08    1.20000000e+00    1.20000000e+00    9.44874568e-08    4.54460092e-08
   6.77623404e-08    1.20000000e+00    1.20000000e+00    9.44986975e-08    4.96618847e-08
   6.77716159e-08    1.20000000e+00    1.20000000e+00    9.45091564e-08    5.73716058e-08
   6.77808913e-08    1.20000000e+00    1.20000000e+00    9.45188690e-08    6.67358219e-08
   6.77901667e-08    1.20000000e+00    1.20000000e+00    9.45278744e-08    7.62721090e-08
   6.77994421e-08    1.20000000e+00    1.20000000e+00    9.45362128e-08    8.49700599e-08
   6.78179929e-08    1.20000000e+00    1.20000000e+00    9.45510723e-08    9.79946215e-08
   6.78550945e-08    1.20000000e+00    1.20000000e+00    9.45746492e-08    1.08090716e-07
   6.78921962e-08    1.20000000e+00    1.20000000e+00    9.45916352e-08    1.05626479e-07
   6.79292978e-08    1.20000000e+00    1.20000000e+00    9.46038121e-08    1.00897778e-07
   6.79663995e-08    1.20000000e+00    1.20000000e+00    9.46125224e-08    9.77897422e-08
   6.80406027e-08    1.20000000e+00    1.20000000e+00    9.46234141e-08    9.53575989e-08
   6.81148060e-08    1.20000000e+00    1.20000000e+00    9.46288586e-08    9.49677519e-08
   6.82632126e-08    1.20000000e+00    1.20000000e+00    9.46332096e-08    9.47702214e-08
   6.85600257e-08    1.20000000e+00    1.20000000e+00    9.46344492e-08    9.46630697e-08
   6.88568388e-08    1.20000000e+00    1.20000000e+00    9.46342716e-08    9.46465489e-08
   6.91536519e-08    1.20000000e+00    1.20000000e+00    9.46342962e-08    9.46425489e-08
   6.93750000e-08    1.20000000e+00    1.20000000e+00    9.46342945e-08    9.46401735e-08
   6.93752094e-08    1.19250000e+00    1.20000000e+00   -3.05727283e-07   -3.04407679e-07
   6.93754188e-08    1.18500000e+00    1.20000000e+00   -6.85597236e-07   -6.83051556e-07
   6.93756281e-08    1.17750000e+00    1.20000000e+00   -1.05544299e-06   -1.05171392e-06
   6.93760469e-08    1.16250000e+00    1.20000000e+00   -1.73714321e-06   -1.73129099e-06
   6.93768844e-08    1.13250000e+00    1.20000000e+00   -2.88926839e-06   -2.88003318e-06
   6.93785594e-08    1.07250000e+00    1.20000000e+00   -4.49588884e-06   -4.48257514e-06
   6.93819094e-08    9.52500000e-01    1.20000000e+00   -5.85666503e-06   -5.84139993e-06
   6.93886094e-08    7.12500000e-01    1.20000000e+00   -6.08480987e-06   -6.06966486e-06
   6.93946394e-08    4.96500000e-01    1.20000000e+00   -2.85493677e-06   -2.84599261e-06
   6.93951896e-08    4.76790749e-01    1.20000000e+00   -2.07297974e-06   -2.06604319e-06
   6.93957398e-08    4.57081498e-01    1.20000000e+00   -1.23715727e-06   -1.23244278e-06
   6.93968402e-08    4.17662995e-01    1.20000000e+00    6.92709897e-07    6.91878053e-07
   6.93979407e-08    3.78244493e-01    1.20000000e+00    2.91330148e-06    2.90561556e-06
   6.93990411e-08    3.38825990e-01    1.20000000e+00    5.36040669e-06    5.34483625e-06
   6.94001415e-08    2.99407488e-01    1.20000000e+00    7.98205937e-06    7.95781201e-06
   6.94012420e-08    2.59988986e-01    1.20000000e+00    1.07340831e-05    1.07005555e-05
   6.94023424e-08    2.20570483e-01    1.20000000e+00    1.35759125e-05    1.35326657e-05
   6.94034428e-08    1.81151981e-01    1.20000000e+00    1.64692621e-05    1.64160088e-05
   6.94045433e-08    1.41733479e-01    1.20000000e+00    1.93780826e-05    1.93146782e-05
   6.94056437e-08    1.02314976e-01    1.20000000e+00    2.22688320e-05    2.21952652e-05
   6.94067441e-08    6.28964738e-02    1.20000000e+00    2.51107168e-05    2.50271016e-05
   6.94078446e-08    2.34779715e-02    1.20000000e+00    2.78758195e-05    2.77823863e-05
   6.94085000e-08    2.54241073e-13    1.20000000e+00    2.94765059e-05    2.93773763e-05
   6.94086100e-08    0.00000000e+00    1.20000000e+00    3.00321222e-05    2.99310533e-05
   6.94086893e-08    0.00000000e+00    1.20000000e+00    3.04250779e-05    3.03226358e-05
   6.94087686e-08    0.00000000e+00    1.20000000e+00    3.08144321e-05    3.07106282e-05
   6.94089271e-08    0.00000000e+00    1.20000000e+00    3.15717568e-05    3.14652995e-05
   6.94092441e-08    0.00000000e+00    1.20000000e+00    3.30027252e-05    3.28912366e-05
   6.94098782e-08    0.00000000e+00    1.20000000e+00    3.55444815e-05    3.54239961e-05
   6.94111463e-08    0.00000000e+00    1.20000000e+00    3.94587969e-05    3.93242807e-05
   6.94136826e-08    0.00000000e+00    1.20000000e+00    4.34200077e-05    4.32709171e-05
   6.94162188e-08    0.00000000e+00    1.20000000e+00    4.33691140e-05    4.32198875e-05
   6.94187551e-08    0.00000000e+00    1.20000000e+00    4.06007447e-05    4.04615282e-05
   6.94238276e-08    0.00000000e+00    1.20000000e+00    3.09301783e-05    3.08270537e-05
   6.94289001e-08    0.00000000e+00    1.20000000e+00    1.92306088e-05    1.91720982e-05
   6.94339726e-08    0.00000000e+00    1.20000000e+00    8.34104019e-06    8.32440812e-06
   6.94390452e-08    0.00000000e+00    1.20000000e+00   -6.28239753e-07   -6.13544786e-07
   6.94441177e-08    0.00000000e+00    1.20000000e+00   -7.50462655e-06   -7.50408498e-06
   6.94491902e-08    0.00000000e+00    1.20000000e+00   -1.25794879e-05   -1.26877028e-05
   6.94542627e-08    0.00000000e+00    1.20000000e+00   -1.75980677e-05   -1.78555431e-05
   6.94588280e-08    0.00000000e+00    1.20000000e+00   -2.35210103e-05   -2.39174284e-05
   6.94628012e-08    0.00000000e+00    1.20000000e+00   -2.99494622e-05   -3.04784559e-05
   6.94661971e-08    0.00000000e+00    1.20000000e+00   -3.62277232e-05   -3.68880922e-05
   6.94691476e-08    0.00000000e+00    1.20000000e+00   -4.20621380e-05   -4.28687916e-05
   6.94718030e-08    0.00000000e+00    1.20000000e+00   -4.72896104e-05   -4.82627371e-05
   6.94741928e-08    0.00000000e+00    1.20000000e+00   -5.16515439e-05   -5.27950669e-05
   6.94765827e-08    0.00000000e+00    1.20000000e+00   -5.54155064e-05   -5.67346604e-05
   6.94789725e-08    0.00000000e+00    1.20000000e+00   -5.83774937e-05   -5.98624827e-05
   6.94813624e-08    0.00000000e+00    1.20000000e+00   -6.03927346e-05   -6.20200804e-05
   6.94837523e-08    0.00000000e+00    1.20000000e+00   -6.13746975e-05   -6.31126453e-05
   6.94861421e-08    0.00000000e+00    1.20000000e+00   -6.12891938e-05   -6.31180072e-05
   6.94885320e-08    0.00000000e+00    1.20000000e+00   -6.01387717e-05   -6.21216620e-05
   6.94909218e-08    0.00000000e+00    1.20000000e+00   -5.79195346e-05   -6.03370192e-05
   6.94933117e-08    0.00000000e+00    1.20000000e+00   -5.45716218e-05   -5.77782090e-05
   6.94957015e-08    0.00000000e+00    1.20000000e+00   -5.01132287e-05   -5.37702997e-05
   6.94980914e-08    0.00000000e+00    1.20000000e+00   -4.47619743e-05   -4.72937576e-05
   6.95004813e-08    0.00000000e+00    1.20000000e+00   -3.86300570e-05   -3.75071620e-05
   6.95028711e-08    0.00000000e+00    1.20000000e+00   -3.14374982e-05   -2.38290371e-05
   6.95052610e-08    0.00000000e+00    1.20000000e+00   -2.26960931e-05   -5.90627100e-06
   6.95076508e-08    0.00000000e+00    1.20000000e+00   -1.29500690e-05    1.55093801e-05
   6.95100407e-08    0.00000000e+00    1.20000000e+00   -3.79835450e-06    3.80412442e-05
   6.95124305e-08    0.00000000e+00    1.20000000e+00    4.17357442e-06    5.98723386e-05
   6.95148204e-08    0.00000000e+00    1.20000000e+00    1.12446826e-05    8.01866056e-05
   6.95172102e-08    0.00000000e+00    1.20000000e+00    1.78010059e-05    9.84345327e-05
   6.95196001e-08    0.00000000e+00    1.20000000e+00    2.40817498e-05    1.14073630e-04
   6.95217510e-08    0.00000000e+00    1.20000000e+00    2.95401095e-05    1.25463878e-04
   6.95239018e-08    0.00000000e+00    1.20000000e+00    3.47245019e-05    1.33904603e-04
   6.95260527e-08    0.00000000e+00    1.20000000e+00    3.94717899e-05    1.39095810e-04
   6.95282036e-08    0.00000000e+00    1.20000000e+00    4.35967437e-05    1.40873987e-04
   6.95303544e-08    0.00000000e+00    1.20000000e+00    4.69366491e-05    1.39247681e-04
   6.95325053e-08    0.00000000e+00    1.20000000e+00    4.93800915e-05    1.34402254e-04
   6.95346562e-08    0.00000000e+00    1.20000000e+00    5.08780483e-05    1.26676094e-04
   6.95368071e-08    0.00000000e+00    1.20000000e+00    5.14411468e-05    1.16518959e-04
   6.95389579e-08    0.00000000e+00    1.20000000e+00    5.11287983e-05    1.04444490e-04
   6.95411088e-08    0.00000000e+00    1.20000000e+00    5.00351923e-05    9.09860223e-05
   6.95432597e-08    0.00000000e+00    1.20000000e+00    4.82754844e-05    7.66607274e-05
   6.95454105e-08    0.00000000e+00    1.20000000e+00    4.59739581e-05    6.19437722e-05
   6.95475614e-08    0.00000000e+00    1.20000000e+00    4.32548281e-05    4.72520417e-05
   6.95497123e-08    0.00000000e+00    1.20000000e+00    4.02356926e-05    3.29359147e-05
   6.95518632e-08    0.00000000e+00    1.20000000e+00    3.70233078e-05    1.92772377e-05
   6.95561649e-08    0.00000000e+00    1.20000000e+00    3.04084811e-05   -5.22481483e-06
   6.95604666e-08    0.00000000e+00    1.20000000e+00    2.39368396e-05   -2.53349313e-05
   6.95647684e-08    0.00000000e+00    1.20000000e+00    1.79873729e-05   -4.07136792e-05
   6.95690701e-08    0.00000000e+00    1.20000000e+00    1.27685128e-05   -5.15343600e-05
   6.95733719e-08    0.00000000e+00    1.20000000e+00    8.36097101e-06   -5.82807835e-05
   6.95776736e-08    0.00000000e+00    1.20000000e+00    4.75877675e-06   -6.15895492e-05
   6.95819753e-08    0.00000000e+00    1.20000000e+00    1.90295134e-06   -6.21392810e-05
   6.95862771e-08    0.00000000e+00    1.20000000e+00   -2.93385118e-07   -6.05800659e-05
   6.95948806e-08    0.00000000e+00    1.20000000e+00   -3.13892803e-06   -5.35539411e-05
   6.96034840e-08    0.00000000e+00    1.20000000e+00   -4.45021516e-06   -4.37783121e-05
   6.96120875e-08    0.00000000e+00    1.20000000e+00   -4.81573018e-06   -3.35969758e-05
   6.96206910e-08    0.00000000e+00    1.20000000e+00   -4.65529056e-06   -2.42993872e-05
   6.96292945e-08    0.00000000e+00    1.20000000e+00   -4.23954748e-06   -1.64535317e-05
   6.96378980e-08    0.00000000e+00    1.20000000e+00   -3.72939983e-06   -1.01796059e-05
   6.96465014e-08    0.00000000e+00    1.20000000e+00   -3.21296097e-06   -5.35143489e-06
   6.96551049e-08    0.00000000e+00    1.20000000e+00   -2.73353587e-06   -1.75247779e-06
   6.96637084e-08    0.00000000e+00    1.20000000e+00   -2.30857638e-06    8.41198515e-07
   6.96723119e-08    0.00000000e+00    1.20000000e+00   -1.94162043e-06    2.63623028e-06
   6.96809154e-08    0.00000000e+00    1.20000000e+00   -1.62938928e-06    3.81448387e-06
   6.96895189e-08    0.00000000e+00    1.20000000e+00   -1.36578133e-06    4.52918213e-06
   6.96981223e-08    0.00000000e+00    1.20000000e+00   -1.14398331e-06    4.90419941e-06
   6.97067258e-08    0.00000000e+00    1.20000000e+00   -9.57492755e-07    5.03630735e-06
   6.97153293e-08    0.00000000e+00    1.20000000e+00   -8.00541028e-07    4.99900228e-06
   6.97239328e-08    0.00000000e+00    1.20000000e+00   -6.68205236e-07    4.84628203e-06
   6.97325363e-08    0.00000000e+00    1.20000000e+00   -5.56372123e-07    4.61620619e-06
   6.97411397e-08    0.00000000e+00    1.20000000e+00   -4.61641891e-07    4.33740297e-06
   6.97497432e-08    0.00000000e+00    1.20000000e+00   -3.81216754e-07    4.03275329e-06
   6.97574864e-08    0.00000000e+00    1.20000000e+00   -3.19178908e-07    3.74975725e-06
   6.97644201e-08    0.00000000e+00    1.20000000e+00   -2.70734506e-07    3.49632364e-06
   6.97706605e-08    0.00000000e+00    1.20000000e+00   -2.32133271e-07    3.27431024e-06
   6.97762768e-08    0.00000000e+00    1.20000000e+00   -2.00973926e-07    3.08504789e-06
   6.97818932e-08    0.00000000e+00    1.20000000e+00   -1.72842230e-07    2.90939339e-06
   6.97875095e-08    0.00000000e+00    1.20000000e+00   -1.47432232e-07    2.74878818e-06
   6.97931259e-08    0.00000000e+00    1.20000000e+00   -1.24471253e-07    2.60415407e-06
   6.97987422e-08    0.00000000e+00    1.20000000e+00   -1.03715838e-07    2.47731473e-06
   6.98043586e-08    0.00000000e+00    1.20000000e+00   -8.49482646e-08    2.37061059e-06
   6.98099749e-08    0.00000000e+00    1.20000000e+00   -6.79735248e-08    2.28165293e-06
   6.98150296e-08    0.00000000e+00    1.20000000e+00   -5.40863397e-08    2.20588787e-06
   6.98195788e-08    0.00000000e+00    1.20000000e+00   -4.26139359e-08    2.12860580e-06
   6.98241281e-08    0.00000000e+00    1.20000000e+00   -3.20324418e-08    2.03636249e-06
   6.98286773e-08    0.00000000e+00    1.20000000e+00   -2.22716368e-08    1.93128956e-06
   6.98332266e-08    0.00000000e+00    1.20000000e+00   -1.32670193e-08    1.82001064e-06
   6.98377758e-08    0.00000000e+00    1.20000000e+00   -4.95930942e-09    1.70957597e-06
   6.98423250e-08    0.00000000e+00    1.20000000e+00    2.70600151e-09    1.60512925e-06
   6.98468743e-08    0.00000000e+00    1.20000000e+00    9.77905583e-09    1.50941817e-06
   6.98514235e-08    0.00000000e+00    1.20000000e+00    1.63059985e-08    1.42324327e-06
   6.98559728e-08    0.00000000e+00    1.20000000e+00    2.23293103e-08    1.34614080e-06
   6.98605220e-08    0.00000000e+00    1.20000000e+00    2.78881108e-08    1.27698096e-06
   6.98696205e-08    0.00000000e+00    1.20000000e+00    3.77682105e-08    1.15652220e-06
   6.98878174e-08    0.00000000e+00    1.20000000e+00    5.34363369e-08    9.58622347e-07
   6.99060144e-08    0.00000000e+00    1.20000000e+00    6.47814577e-08    7.93234441e-07
   6.99242113e-08    0.00000000e+00    1.20000000e+00    7.29988942e-08    6.49843291e-07
   6.99424083e-08    0.00000000e+00    1.20000000e+00    7.89521161e-08    5.31154816e-07
   6.99606052e-08    0.00000000e+00    1.20000000e+00    8.32656241e-08    4.38314185e-07
   6.99788022e-08    0.00000000e+00    1.20000000e+00    8.63914109e-08    3.68167312e-07
   7.00151961e-08    0.00000000e+00    1.20000000e+00    9.03741177e-08    2.74587217e-07
   7.00515900e-08    0.00000000e+00    1.20000000e+00    9.24302182e-08    2.20307865e-07
   7.00879839e-08    0.00000000e+00    1.20000000e+00    9.34923166e-08    1.85731947e-07
   7.01243778e-08    0.00000000e+00    1.20000000e+00    9.40413849e-08    1.62436904e-07
   7.01971656e-08    0.00000000e+00    1.20000000e+00    9.44994611e-08    1.33768122e-07
   7.03427412e-08    0.00000000e+00    1.20000000e+00    9.46480026e-08    1.09231983e-07
   7.04883169e-08    0.00000000e+00    1.20000000e+00    9.46318934e-08    1.01258738e-07
   7.06338925e-08    0.00000000e+00    1.20000000e+00    9.46343950e-08    9.90109122e-08
   7.07794681e-08    0.00000000e+00    1.20000000e+00    9.46342303e-08    9.73039403e-08
   7.10706193e-08    0.00000000e+00    1.20000000e+00    9.46343079e-08    9.57063042e-08
   7.15456193e-08    0.00000000e+00    1.20000000e+00    9.46342849e-08    9.50964151e-08
   7.17500000e-08    2.96303503e-14    1.20000000e+00    9.46342949e-08    9.47099485e-08
   7.17502094e-08    7.50000000e-03    1.20000000e+00    7.87091486e-07    7.69638187e-07
   7.17504188e-08    1.50000000e-02    1.20000000e+00    1.45483319e-06    1.42036859e-06
   7.17506281e-08    2.25000000e-02    1.20000000e+00    2.11038778e-06    2.05917264e-06
   7.17510469e-08    3.75000000e-02    1.20000000e+00    3.34922272e-06    3.26607822e-06
   7.17518844e-08    6.75000000e-02    1.20000000e+00    5.55031609e-06    5.40967077e-06
   7.17535594e-08    1.27500000e-01    1.20000000e+00    8.95382160e-06    8.72297402e-06
   7.17569094e-08    2.47500000e-01    1.20000000e+00    1.26317838e-05    1.23045602e-05
   7.17602594e-08    3.67500000e-01    1.20000000e+00    1.34108511e-05    1.30677182e-05
   7.17636094e-08    4.87500000e-01    1.20000000e+00    1.26661538e-05    1.23460351e-05
   7.17646700e-08    5.25492517e-01    1.20000000e+00    1.22186804e-05    1.19094458e-05
   7.17667912e-08    6.01477551e-01    1.20000000e+00    1.11228189e-05    1.08378206e-05
   7.17674782e-08    6.26086357e-01    1.20000000e+00    1.06248725e-05    1.03498820e-05
   7.17688522e-08    6.75303969e-01    1.20000000e+00    9.39945289e-06    9.14880970e-06
   7.17716002e-08    7.73739193e-01    1.20000000e+00    4.92049526e-06    4.76273103e-06
   7.17720180e-08    7.88706009e-01    1.20000000e+00    3.88761183e-06    3.75187352e-06
   7.17724359e-08    8.03672825e-01    1.20000000e+00    2.77831565e-06    2.66612477e-06
   7.17732715e-08    8.33606457e-01    1.20000000e+00    1.68857512e-07    1.13679591e-07
   7.17741072e-08    8.63540089e-01    1.20000000e+00   -3.02712755e-06   -3.00851134e-06
   7.17749428e-08    8.93473721e-01    1.20000000e+00   -6.86985369e-06   -6.75423164e-06
   7.17757785e-08    9.23407353e-01    1.20000000e+00   -1.13533297e-05   -1.11121217e-05
   7.17766141e-08    9.53340985e-01    1.20000000e+00   -1.64050347e-05   -1.60108540e-05
   7.17774497e-08    9.83274617e-01    1.20000000e+00   -2.19492291e-05   -2.13797199e-05
   7.17782854e-08    1.01320825e+00    1.20000000e+00   -2.79406429e-05   -2.71771559e-05
   7.17791210e-08    1.04314188e+00    1.20000000e+00   -3.43539002e-05   -3.33796988e-05
   7.17799567e-08    1.07307551e+00    1.20000000e+00   -4.11683754e-05   -3.99679251e-05
   7.17807923e-08    1.10300915e+00    1.20000000e+00   -4.83604501e-05   -4.69193756e-05
   7.17816280e-08    1.13294278e+00    1.20000000e+00   -5.59005841e-05   -5.42059088e-05
   7.17824636e-08    1.16287641e+00    1.20000000e+00   -6.37524088e-05   -6.17929251e-05
   7.17832993e-08    1.19281004e+00    1.20000000e+00   -7.18725537e-05   -6.96392880e-05
   7.17835000e-08    1.20000000e+00    1.20000000e+00   -7.38586970e-05   -7.15585749e-05
   7.17835484e-08    1.20000000e+00    1.20000000e+00   -7.44367374e-05   -7.21178036e-05
   7.17835912e-08    1.20000000e+00    1.20000000e+00   -7.49451810e-05   -7.26096674e-05
   7.17836341e-08    1.20000000e+00    1.20000000e+00   -7.54516257e-05   -7.30995806e-05
   7.17837199e-08    1.20000000e+00    1.20000000e+00   -7.64521079e-05   -7.40673082e-05
   7.17838914e-08    1.20000000e+00    1.20000000e+00   -7.84038414e-05   -7.59547735e-05
   7.17842344e-08    1.20000000e+00    1.20000000e+00   -8.21136649e-05   -7.95410753e-05
   7.17849205e-08    1.20000000e+00    1.20000000e+00   -8.87861786e-05   -8.59868460e-05
   7.17862926e-08    1.20000000e+00    1.20000000e+00   -9.93731446e-05   -9.62017732e-05
   7.17890369e-08    1.20000000e+00    1.20000000e+00   -1.11359104e-04   -1.07776009e-04
   7.17917812e-08    1.20000000e+00    1.20000000e+00   -1.13696473e-04   -1.10508958e-04
   7.17945255e-08    1.20000000e+00    1.20000000e+00   -1.08963920e-04   -1.08541327e-04
   7.17969953e-08    1.20000000e+00    1.20000000e+00   -1.00428250e-04   -1.03734378e-04
   7.17992182e-08    1.20000000e+00    1.20000000e+00   -9.04645707e-05   -9.41414315e-05
   7.18014411e-08    1.20000000e+00    1.20000000e+00   -7.88916090e-05   -7.71442609e-05
   7.18036640e-08    1.20000000e+00    1.20000000e+00   -6.57885718e-05   -5.15248046e-05
   7.18058868e-08    1.20000000e+00    1.20000000e+00   -5.15457140e-05   -1.71064050e-05
   7.18081097e-08    1.20000000e+00    1.20000000e+00   -3.70193046e-05    2.50038013e-05
   7.18103326e-08    1.20000000e+00    1.20000000e+00   -2.27453532e-05    7.28659111e-05
   7.18123332e-08    1.20000000e+00    1.20000000e+00   -1.02723822e-05    1.19165906e-04
   7.18143337e-08    1.20000000e+00    1.20000000e+00    1.76730812e-06    1.66876494e-04
   7.18163343e-08    1.20000000e+00    1.20000000e+00    1.33014670e-05    2.14489394e-04
   7.18183349e-08    1.20000000e+00    1.20000000e+00    2.42482886e-05    2.60644547e-04
   7.18203355e-08    1.20000000e+00    1.20000000e+00    3.45143123e-05    3.04183384e-04
   7.18223361e-08    1.20000000e+00    1.20000000e+00    4.39978505e-05    3.44162839e-04
   7.18243367e-08    1.20000000e+00    1.20000000e+00    5.25963443e-05    3.79852276e-04
   7.18263372e-08    1.20000000e+00    1.20000000e+00    6.02157903e-05    4.10727648e-04
   7.18283378e-08    1.20000000e+00    1.20000000e+00    6.67800661e-05    4.36465664e-04
   7.18303384e-08    1.20000000e+00    1.20000000e+00    7.22383072e-05    4.56934495e-04
   7.18323390e-08    1.20000000e+00    1.20000000e+00    7.65693936e-05    4.72177916e-04
   7.18343396e-08    1.20000000e+00    1.20000000e+00    7.97838016e-05    4.82392545e-04
   7.18363402e-08    1.20000000e+00    1.20000000e+00    8.19245669e-05    4.87899938e-04
   7.18383407e-08    1.20000000e+00    1.20000000e+00    8.30715159e-05    4.89116140e-04
   7.18403413e-08    1.20000000e+00    1.20000000e+00    8.33574139e-05    4.86521282e-04
   7.18423419e-08    1.20000000e+00    1.20000000e+00    8.30086777e-05    4.80631171e-04
   7.18443425e-08    1.20000000e+00    1.20000000e+00    8.24000323e-05    4.71971933e-04
   7.18463431e-08    1.20000000e+00    1.20000000e+00    8.20160664e-05    4.61057676e-04
   7.18483437e-08    1.20000000e+00    1.20000000e+00    8.22255757e-05    4.48371100e-04
   7.18503442e-08    1.20000000e+00    1.20000000e+00    8.31245029e-05    4.34352938e-04
   7.18523448e-08    1.20000000e+00    1.20000000e+00    8.46288920e-05    4.19413222e-04
   7.18543454e-08    1.20000000e+00    1.20000000e+00    8.65815031e-05    4.03948336e-04
   7.18563460e-08    1.20000000e+00    1.20000000e+00    8.87581164e-05    3.88330048e-04
   7.18583466e-08    1.20000000e+00    1.20000000e+00    9.08461096e-05    3.72885475e-04
   7.18603472e-08    1.20000000e+00    1.20000000e+00    9.24493304e-05    3.57892051e-04
   7.18623477e-08    1.20000000e+00    1.20000000e+00    9.31186162e-05    3.43581056e-04
   7.18643483e-08    1.20000000e+00    1.20000000e+00    9.23986215e-05    3.30138432e-04
   7.18663489e-08    1.20000000e+00    1.20000000e+00    8.99073767e-05    3.17699177e-04
   7.18683495e-08    1.20000000e+00    1.20000000e+00    8.54317179e-05    3.06338620e-04
   7.18703501e-08    1.20000000e+00    1.20000000e+00    7.89695076e-05    2.96066960e-04
   7.18723507e-08    1.20000000e+00    1.20000000e+00    7.07057513e-05    2.86830770e-04
   7.18743512e-08    1.20000000e+00    1.20000000e+00    6.09596352e-05    2.78519440e-04
   7.18763518e-08    1.20000000e+00    1.20000000e+00    5.01280457e-05    2.70971373e-04
   7.18783524e-08    1.20000000e+00    1.20000000e+00    3.86356167e-05    2.63976014e-04
   7.18803530e-08    1.20000000e+00    1.20000000e+00    2.68953558e-05    2.57270955e-04
   7.18823536e-08    1.20000000e+00    1.20000000e+00    1.52810268e-05    2.50536319e-04
   7.18843541e-08    1.20000000e+00    1.20000000e+00    4.11051551e-06    2.43390514e-04
   7.18863547e-08    1.20000000e+00    1.20000000e+00   -6.36173623e-06    2.35392304e-04
   7.18883553e-08    1.20000000e+00    1.20000000e+00   -1.59455379e-05    2.26053061e-04
   7.18903559e-08    1.20000000e+00    1.20000000e+00   -2.45111874e-05    2.14859278e-04
   7.18923565e-08    1.20000000e+00    1.20000000e+00   -3.19829518e-05    2.01299925e-04
   7.18943571e-08    1.20000000e+00    1.20000000e+00   -3.83311735e-05    1.84889303e-04
   7.18963576e-08    1.20000000e+00    1.20000000e+00   -4.35639725e-05    1.65176987e-04
   7.18983582e-08    1.20000000e+00    1.20000000e+00   -4.77191942e-05    1.41742205e-04
   7.19003588e-08    1.20000000e+00    1.20000000e+00   -5.08569985e-05    1.14176541e-04
   7.19023594e-08    1.20000000e+00    1.20000000e+00   -5.30533063e-05    8.20621330e-05
   7.19043600e-08    1.20000000e+00    1.20000000e+00   -5.43941951e-05    4.49517626e-05
   7.19063606e-08    1.20000000e+00    1.20000000e+00   -5.49712446e-05    2.35426111e-06
   7.19103617e-08    1.20000000e+00    1.20000000e+00   -5.42495708e-05   -1.01747058e-04
   7.19143629e-08    1.20000000e+00    1.20000000e+00   -5.15526921e-05   -2.34996090e-04
   7.19183641e-08    1.20000000e+00    1.20000000e+00   -4.75206846e-05   -4.03309981e-04
   7.19223652e-08    1.20000000e+00    1.20000000e+00   -4.26940166e-05   -6.13463037e-04
   7.19263664e-08    1.20000000e+00    1.20000000e+00   -3.75030527e-05   -8.73175112e-04
   7.19303676e-08    1.20000000e+00    1.20000000e+00   -3.22724397e-05   -1.19140085e-03
   7.19343687e-08    1.20000000e+00    1.20000000e+00   -2.72333640e-05   -1.57884268e-03
   7.19383699e-08    1.20000000e+00    1.20000000e+00   -2.25390654e-05   -2.04825613e-03
   7.19423711e-08    1.20000000e+00    1.20000000e+00   -1.82807595e-05   -2.61039014e-03
   7.19463722e-08    1.20000000e+00    1.20000000e+00   -1.45023676e-05   -3.26672959e-03
   7.19503734e-08    1.20000000e+00    1.20000000e+00   -1.12132766e-05   -4.01181033e-03
   7.19543746e-08    1.20000000e+00    1.20000000e+00   -8.39887548e-06   -4.84304198e-03
   7.19583757e-08    1.20000000e+00    1.20000000e+00   -6.02892441e-06   -5.76435686e-03
   7.19623769e-08    1.20000000e+00    1.20000000e+00   -4.06397169e-06   -6.78601795e-03
   7.19663781e-08    1.20000000e+00    1.20000000e+00   -2.46010734e-06   -7.92521808e-03
   7.19703792e-08    1.20000000e+00    1.20000000e+00   -1.17235377e-06   -9.20851968e-03
   7.19743804e-08    1.20000000e+00    1.20000000e+00   -1.56976678e-07   -1.06777333e-02
   7.19783816e-08    1.20000000e+00    1.20000000e+00    6.27034690e-07   -1.23976063e-02
   7.19823827e-08    1.20000000e+00    1.20000000e+00    1.21710812e-06   -1.44154918e-02
   7.19863839e-08    1.20000000e+00    1.20000000e+00    1.64667919e-06   -1.66047251e-02
   7.19903851e-08    1.20000000e+00    1.20000000e+00    1.94509728e-06   -1.85877544e-02
   7.19943862e-08    1.20000000e+00    1.20000000e+00    2.13774297e-06   -1.98158477e-02
   7.19983874e-08    1.20000000e+00    1.20000000e+00    2.24627850e-06   -1.96115197e-02
   7.20023886e-08    1.20000000e+00    1.20000000e+00    2.28897410e-06   -1.71742515e-02
   7.20063897e-08    1.20000000e+00    1.20000000e+00    2.28106934e-06   -1.16437465e-02
   7.20103909e-08    1.20000000e+00    1.20000000e+00    2.23514110e-06   -2.33267010e-03
   7.20143921e-08    1.20000000e+00    1.20000000e+00    2.16145992e-06    1.11444567e-02
   7.20183932e-08    1.20000000e+00    1.20000000e+00    2.06832281e-06    2.90251498e-02
   7.20223944e-08    1.20000000e+00    1.20000000e+00    1.96235644e-06    5.14291771e-02
   7.20263956e-08    1.20000000e+00    1.20000000e+00    1.84878772e-06    7.83277623e-02
   7.20303967e-08    1.20000000e+00    1.20000000e+00    1.73168140e-06    1.09522766e-01
   7.20343979e-08    1.20000000e+00    1.20000000e+00    1.61414606e-06    1.44639243e-01
   7.20383991e-08    1.20000000e+00    1.20000000e+00    1.49851047e-06    1.83145674e-01
   7.20424002e-08    1.20000000e+00    1.20000000e+00    1.38647322e-06    2.24409058e-01
   7.20464014e-08    1.20000000e+00    1.20000000e+00    1.27922843e-06    2.67769422e-01
   7.20504026e-08    1.20000000e+00    1.20000000e+00    1.17757048e-06    3.12606188e-01
   7.20544037e-08    1.20000000e+00    1.20000000e+00    1.08198065e-06    3.58378129e-01
   7.20584049e-08    1.20000000e+00    1.20000000e+00    9.92698145e-07    4.04635770e-01
   7.20624061e-08    1.20000000e+00    1.20000000e+00    9.09777936e-07    4.51014983e-01
   7.20664072e-08    1.20000000e+00    1.20000000e+00    8.33137523e-07    4.97221496e-01
   7.20704084e-08    1.20000000e+00    1.20000000e+00    7.62594373e-07    5.43013038e-01
   7.20744096e-08    1.20000000e+00    1.20000000e+00    6.97895690e-07    5.88182675e-01
   7.20784107e-08    1.20000000e+00    1.20000000e+00    6.38741838e-07    6.32544828e-01
   7.20824119e-08    1.20000000e+00    1.20000000e+00    5.84804581e-07    6.75924409e-01
   7.20864131e-08    1.20000000e+00    1.20000000e+00    5.35741113e-07    7.18149114e-01
   7.20904142e-08    1.20000000e+00    1.20000000e+00    4.91204675e-07    7.59044854e-01
   7.20944154e-08    1.20000000e+00    1.20000000e+00    4.50852452e-07    7.98434380e-01
   7.20984166e-08    1.20000000e+00    1.20000000e+00    4.14351292e-07    8.36139161e-01
   7.21024177e-08    1.20000000e+00    1.20000000e+00    3.81381717e-07    8.71984450e-01
   7.21064189e-08    1.20000000e+00    1.20000000e+00    3.51640579e-07    9.05807127e-01
   7.21104201e-08    1.20000000e+00    1.20000000e+00    3.24842691e-07    9.37465404e-01
   7.21144212e-08    1.20000000e+00    1.20000000e+00    3.00721655e-07    9.66848963e-01
   7.21184224e-08    1.20000000e+00    1.20000000e+00    2.79030088e-07    9.93887767e-01
   7.21224236e-08    1.20000000e+00    1.20000000e+00    2.59539413e-07    1.01855785e+00
   7.21264247e-08    1.20000000e+00    1.20000000e+00    2.42039324e-07    1.04088294e+00
   7.21304259e-08    1.20000000e+00    1.20000000e+00    2.26337027e-07    1.06093166e+00
   7.21344271e-08    1.20000000e+00    1.20000000e+00    2.12256342e-07    1.07881093e+00
   7.21384282e-08    1.20000000e+00    1.20000000e+00    1.99636705e-07    1.09465705e+00
   7.21424294e-08    1.20000000e+00    1.20000000e+00    1.88332135e-07    1.10862582e+00
   7.21464306e-08    1.20000000e+00    1.20000000e+00    1.78210182e-07    1.12088321e+00
   7.21504317e-08    1.20000000e+00    1.20000000e+00    1.69150896e-07    1.13159743e+00
   7.21544329e-08    1.20000000e+00    1.20000000e+00    1.61045813e-07    1.14093273e+00
   7.21584341e-08    1.20000000e+00    1.20000000e+00    1.53797005e-07    1.14904507e+00
   7.21624352e-08    1.20000000e+00    1.20000000e+00    1.47316156e-07    1.15607939e+00
   7.21664364e-08    1.20000000e+00    1.20000000e+00    1.41523711e-07    1.16216814e+00
   7.21704376e-08    1.20000000e+00    1.20000000e+00    1.36348078e-07    1.16743084e+00
   7.21744387e-08    1.20000000e+00    1.20000000e+00    1.31724882e-07    1.17197419e+00
   7.21784399e-08    1.20000000e+00    1.20000000e+00    1.27596287e-07    1.17589276e+00
   7.21824411e-08    1.20000000e+00    1.20000000e+00    1.23910363e-07    1.17926982e+00
   7.21864422e-08    1.20000000e+00    1.20000000e+00    1.20620514e-07    1.18217831e+00
   7.21944446e-08    1.20000000e+00    1.20000000e+00    1.15050260e-07    1.18685837e+00
   7.22024469e-08    1.20000000e+00    1.20000000e+00    1.10622879e-07    1.19031519e+00
   7.22104492e-08    1.20000000e+00    1.20000000e+00    1.07107917e-07    1.19286551e+00
   7.22184516e-08    1.20000000e+00    1.20000000e+00    1.04320812e-07    1.19474550e+00
   7.22344562e-08    1.20000000e+00    1.20000000e+00    1.00326402e-07    1.19719291e+00
   7.22500003e-08    1.20000000e+00    1.20000000e+00    9.79117289e-08    1.19847106e+00
   7.22502004e-08    1.20000000e+00    1.19711916e+00    9.78879716e-08    1.19848256e+00
   7.22506005e-08    1.20000000e+00    1.19135748e+00    9.78410225e-08    1.19850522e+00
   7.22514007e-08    1.20000000e+00    1.17983411e+00    9.77482423e-08    1.19854986e+00
   7.22530012e-08    1.20000000e+00    1.15678738e+00    9.75692408e-08    1.19863521e+00
   7.22562021e-08    1.20000000e+00    1.11069393e+00    9.72360339e-08    1.19879123e+00
   7.22626040e-08    1.20000000e+00    1.01850701e+00    9.66583692e-08    1.19905258e+00
   7.22754077e-08    1.20000000e+00    8.34133188e-01    9.57889344e-08    1.19942193e+00
   7.22882114e-08    1.20000000e+00    6.49759361e-01    9.52113237e-08    1.19964680e+00
   7.23010152e-08    1.20000000e+00    4.65385535e-01    9.48338246e-08    1.19978381e+00
   7.23026332e-08    1.20000000e+00    4.42086063e-01    9.47984016e-08    1.19979618e+00
   7.23042512e-08    1.20000000e+00    4.18786590e-01    9.47639595e-08    1.19980817e+00
   7.23074872e-08    1.20000000e+00    3.72187645e-01    9.47006893e-08    1.19983009e+00
   7.23107233e-08    1.20000000e+00    3.25588701e-01    9.46443854e-08    1.19984948e+00
   7.23139593e-08    1.20000000e+00    2.78989756e-01    9.45944018e-08    1.19986662e+00
   7.23171954e-08    1.20000000e+00    2.32390811e-01    9.45501500e-08    1.19988179e+00
   7.23204314e-08    1.20000000e+00    1.85791866e-01    9.45110932e-08    1.19989521e+00
   7.23236674e-08    1.20000000e+00    1.39192922e-01    9.44767425e-08    1.19990708e+00
   7.23269035e-08    1.20000000e+00    9.25939769e-02    9.44466527e-08    1.19991758e+00
   7.23301395e-08    1.20000000e+00    4.59950321e-02    9.44204181e-08    1.19992687e+00
   7.23333336e-08    1.20000000e+00   -3.86357613e-14    9.43979437e-08    1.19993498e+00
   7.23336572e-08    1.20000000e+00    0.00000000e+00    9.43958613e-08    1.19993576e+00
   7.23339058e-08    1.20000000e+00    0.00000000e+00    9.43942796e-08    1.19993634e+00
   7.23344031e-08    1.20000000e+00    0.00000000e+00    9.43911523e-08    1.19993750e+00
   7.23353976e-08    1.20000000e+00    0.00000000e+00    9.43851119e-08    1.19993975e+00
   7.23373866e-08    1.20000000e+00    0.00000000e+00    9.43738534e-08    1.19994399e+00
   7.23413646e-08    1.20000000e+00    0.00000000e+00    9.43543818e-08    1.19995152e+00
   7.23493206e-08    1.20000000e+00    0.00000000e+00    9.43258887e-08    1.19996359e+00
   7.23652326e-08    1.20000000e+00    0.00000000e+00    9.42998035e-08    1.19997949e+00
   7.23811446e-08    1.20000000e+00    0.00000000e+00    9.43016337e-08    1.19998831e+00
   7.23970566e-08    1.20000000e+00    0.00000000e+00    9.43187717e-08    1.19999323e+00
   7.24129686e-08    1.20000000e+00    0.00000000e+00    9.43435235e-08    1.19999597e+00
   7.24288806e-08    1.20000000e+00    0.00000000e+00    9.43712765e-08    1.19999752e+00
   7.24447926e-08    1.20000000e+00    0.00000000e+00    9.43993411e-08    1.19999841e+00
   7.24591134e-08    1.20000000e+00    0.00000000e+00    9.44236174e-08    1.19999889e+00
   7.24720021e-08    1.20000000e+00    0.00000000e+00    9.44441465e-08    1.19999917e+00
   7.24836020e-08    1.20000000e+00    0.00000000e+00    9.44613667e-08    1.19999936e+00
   7.24952018e-08    1.20000000e+00    0.00000000e+00    9.44773335e-08    1.19999950e+00
   7.25068017e-08    1.20000000e+00    0.00000000e+00    9.44920445e-08    1.19999961e+00
   7.25184015e-08    1.20000000e+00    0.00000000e+00    9.45055336e-08    1.19999970e+00
   7.25300014e-08    1.20000000e+00    0.00000000e+00    9.45178562e-08    1.19999976e+00
   7.25416012e-08    1.20000000e+00    0.00000000e+00    9.45290802e-08    1.19999981e+00
   7.25532011e-08    1.20000000e+00    0.00000000e+00    9.45392807e-08    1.19999985e+00
   7.25648009e-08    1.20000000e+00    0.00000000e+00    9.45485341e-08    1.19999987e+00
   7.25764008e-08    1.20000000e+00    0.00000000e+00    9.45569166e-08    1.19999989e+00
   7.25880006e-08    1.20000000e+00    0.00000000e+00    9.45645016e-08    1.19999990e+00
   7.26112003e-08    1.20000000e+00    0.00000000e+00    9.45775826e-08    1.19999992e+00
   7.26575997e-08    1.20000000e+00    0.00000000e+00    9.45970845e-08    1.19999994e+00
   7.27503985e-08    1.20000000e+00    0.00000000e+00    9.46189752e-08    1.19999998e+00
   7.28339174e-08    1.20000000e+00    0.00000000e+00    9.46273434e-08    1.19999999e+00
   7.29174364e-08    1.20000000e+00    0.00000000e+00    9.46311388e-08    1.19999999e+00
   7.30009553e-08    1.20000000e+00    0.00000000e+00    9.46328615e-08    1.19999999e+00
   7.31679931e-08    1.20000000e+00    0.00000000e+00    9.46340903e-08    1.19999999e+00
   7.35020688e-08    1.20000000e+00    0.00000000e+00    9.46343341e-08    1.19999999e+00
   7.38361445e-08    1.20000000e+00    0.00000000e+00    9.46342856e-08    1.19999999e+00
   7.41250000e-08    1.20000000e+00    0.00000000e+00    9.46342946e-08    1.19999999e+00
   7.41252094e-08    1.19250000e+00    0.00000000e+00   -3.05727819e-07    1.19999927e+00
   7.41254188e-08    1.18500000e+00    0.00000000e+00   -6.85598288e-07    1.19999858e+00
   7.41256281e-08    1.17750000e+00    0.00000000e+00   -1.05544455e-06    1.19999790e+00
   7.41260469e-08    1.16250000e+00    0.00000000e+00   -1.73714572e-06    1.19999666e+00
   7.41268844e-08    1.13250000e+00    0.00000000e+00   -2.88927256e-06    1.19999455e+00
   7.41285594e-08    1.07250000e+00    0.00000000e+00   -4.49589532e-06    1.19999153e+00
   7.41319094e-08    9.52500000e-01    0.00000000e+00   -5.85667289e-06    1.19998865e+00
   7.41386094e-08    7.12500000e-01    0.00000000e+00   -6.08481512e-06    1.19998698e+00
   7.41446394e-08    4.96500000e-01    0.00000000e+00   -2.85493495e-06    1.19999177e+00
   7.41451810e-08    4.77097938e-01    0.00000000e+00   -2.08638249e-06    1.19999309e+00
   7.41457227e-08    4.57695876e-01    0.00000000e+00   -1.26557203e-06    1.19999450e+00
   7.41468059e-08    4.18891753e-01    0.00000000e+00    6.27138044e-07    1.19999780e+00
   7.41478892e-08    3.80087629e-01    0.00000000e+00    2.80362796e-06    1.20000165e+00
   7.41489725e-08    3.41283505e-01    0.00000000e+00    5.20219504e-06    1.20000595e+00
   7.41500558e-08    3.02479381e-01    0.00000000e+00    7.77271423e-06    1.20001061e+00
   7.41511391e-08    2.63675258e-01    0.00000000e+00    1.04727053e-05    1.20001558e+00
   7.41522223e-08    2.24871134e-01    0.00000000e+00    1.32632582e-05    1.20002081e+00
   7.41533056e-08    1.86067010e-01    0.00000000e+00    1.61076435e-05    1.20002622e+00
   7.41543889e-08    1.47262887e-01    0.00000000e+00    1.89712111e-05    1.20003176e+00
   7.41554722e-08    1.08458763e-01    0.00000000e+00    2.18216325e-05    1.20003739e+00
   7.41565555e-08    6.96546392e-02    0.00000000e+00    2.46291356e-05    1.20004306e+00
   7.41576388e-08    3.08505155e-02    0.00000000e+00    2.73666386e-05    1.20004871e+00
   7.41585000e-08    2.83773005e-13    0.00000000e+00    2.94772813e-05    1.20005317e+00
   7.41586083e-08    0.00000000e+00    0.00000000e+00    3.00244491e-05    1.20005425e+00
   7.41586859e-08    0.00000000e+00    0.00000000e+00    3.04092281e-05    1.20005501e+00
   7.41587634e-08    0.00000000e+00    0.00000000e+00    3.07905575e-05    1.20005576e+00
   7.41589185e-08    0.00000000e+00    0.00000000e+00    3.15327322e-05    1.20005724e+00
   7.41592287e-08    0.00000000e+00    0.00000000e+00    3.29368806e-05    1.20006005e+00
   7.41598491e-08    0.00000000e+00    0.00000000e+00    3.54380097e-05    1.20006513e+00
   7.41610899e-08    0.00000000e+00    0.00000000e+00    3.93162726e-05    1.20007340e+00
   7.41635714e-08    0.00000000e+00    0.00000000e+00    4.33384131e-05    1.20008363e+00
   7.41660530e-08    0.00000000e+00    0.00000000e+00    4.34618221e-05    1.20008733e+00
   7.41685345e-08    0.00000000e+00    0.00000000e+00    4.09142772e-05    1.20008651e+00
   7.41734976e-08    0.00000000e+00    0.00000000e+00    3.16566724e-05    1.20007731e+00
   7.41784607e-08    0.00000000e+00    0.00000000e+00    2.02280817e-05    1.20006318e+00
   7.41834237e-08    0.00000000e+00    0.00000000e+00    9.42945253e-06    1.20004845e+00
   7.41883868e-08    0.00000000e+00    0.00000000e+00    4.18006744e-07    1.20003507e+00
   7.41933499e-08    0.00000000e+00    0.00000000e+00   -6.59033875e-06    1.20002318e+00
   7.41983130e-08    0.00000000e+00    0.00000000e+00   -1.17617163e-05    1.20001145e+00
   7.42032761e-08    0.00000000e+00    0.00000000e+00   -1.65140616e-05    1.19999804e+00
   7.42077428e-08    0.00000000e+00    0.00000000e+00   -2.19654009e-05    1.19998322e+00
   7.42117629e-08    0.00000000e+00    0.00000000e+00   -2.81704024e-05    1.19996701e+00
   7.42153522e-08    0.00000000e+00    0.00000000e+00   -3.46152308e-05    1.19995012e+00
   7.42185045e-08    0.00000000e+00    0.00000000e+00   -4.07812961e-05    1.19993341e+00
   7.42213271e-08    0.00000000e+00    0.00000000e+00   -4.63738519e-05    1.19991699e+00
   7.42238673e-08    0.00000000e+00    0.00000000e+00   -5.10883067e-05    1.19990143e+00
   7.42264076e-08    0.00000000e+00    0.00000000e+00   -5.51653784e-05    1.19988630e+00
   7.42289479e-08    0.00000000e+00    0.00000000e+00   -5.83528156e-05    1.19987295e+00
   7.42314882e-08    0.00000000e+00    0.00000000e+00   -6.04734681e-05    1.19986230e+00
   7.42340285e-08    0.00000000e+00    0.00000000e+00   -6.14244864e-05    1.19985473e+00
   7.42365687e-08    0.00000000e+00    0.00000000e+00   -6.11690319e-05    1.19985028e+00
   7.42391090e-08    0.00000000e+00    0.00000000e+00   -5.97124843e-05    1.19984873e+00
   7.42416493e-08    0.00000000e+00    0.00000000e+00   -5.70373012e-05    1.19984974e+00
   7.42441896e-08    0.00000000e+00    0.00000000e+00   -5.30721377e-05    1.19985269e+00
   7.42467298e-08    0.00000000e+00    0.00000000e+00   -4.79270962e-05    1.19985637e+00
   7.42492701e-08    0.00000000e+00    0.00000000e+00   -4.18633054e-05    1.19985923e+00
   7.42518104e-08    0.00000000e+00    0.00000000e+00   -3.48185961e-05    1.19986150e+00
   7.42543507e-08    0.00000000e+00    0.00000000e+00   -2.62415006e-05    1.19986469e+00
   7.42568910e-08    0.00000000e+00    0.00000000e+00   -1.60783514e-05    1.19986977e+00
   7.42594312e-08    0.00000000e+00    0.00000000e+00   -6.03438436e-06    1.19987715e+00
   7.42619715e-08    0.00000000e+00    0.00000000e+00    2.71966910e-06    1.19988693e+00
   7.42645118e-08    0.00000000e+00    0.00000000e+00    1.03667904e-05    1.19989905e+00
   7.42670521e-08    0.00000000e+00    0.00000000e+00    1.73769825e-05    1.19991338e+00
   7.42695923e-08    0.00000000e+00    0.00000000e+00    2.40595994e-05    1.19992971e+00
   7.42718786e-08    0.00000000e+00    0.00000000e+00    2.98522615e-05    1.19994584e+00
   7.42739362e-08    0.00000000e+00    0.00000000e+00    3.48006383e-05    1.19996120e+00
   7.42759938e-08    0.00000000e+00    0.00000000e+00    3.93467334e-05    1.19997698e+00
   7.42780515e-08    0.00000000e+00    0.00000000e+00    4.33275389e-05    1.19999278e+00
   7.42801091e-08    0.00000000e+00    0.00000000e+00    4.65984460e-05    1.20000817e+00
   7.42821667e-08    0.00000000e+00    0.00000000e+00    4.90570006e-05    1.20002275e+00
   7.42842243e-08    0.00000000e+00    0.00000000e+00    5.06528913e-05    1.20003619e+00
   7.42862820e-08    0.00000000e+00    0.00000000e+00    5.13868434e-05    1.20004825e+00
   7.42883396e-08    0.00000000e+00    0.00000000e+00    5.13026330e-05    1.20005879e+00
   7.42903972e-08    0.00000000e+00    0.00000000e+00    5.04760696e-05    1.20006772e+00
   7.42924548e-08    0.00000000e+00    0.00000000e+00    4.90036681e-05    1.20007507e+00
   7.42945125e-08    0.00000000e+00    0.00000000e+00    4.69925741e-05    1.20008088e+00
   7.42965701e-08    0.00000000e+00    0.00000000e+00    4.45524339e-05    1.20008526e+00
   7.42986277e-08    0.00000000e+00    0.00000000e+00    4.17893410e-05    1.20008834e+00
   7.43027430e-08    0.00000000e+00    0.00000000e+00    3.57130973e-05    1.20009122e+00
   7.43068582e-08    0.00000000e+00    0.00000000e+00    2.93628905e-05    1.20009057e+00
   7.43109735e-08    0.00000000e+00    0.00000000e+00    2.32156194e-05    1.20008740e+00
   7.43150887e-08    0.00000000e+00    0.00000000e+00    1.75798693e-05    1.20008260e+00
   7.43192040e-08    0.00000000e+00    0.00000000e+00    1.26246370e-05    1.20007684e+00
   7.43274345e-08    0.00000000e+00    0.00000000e+00    4.91291423e-06    1.20006440e+00
   7.43356650e-08    0.00000000e+00    0.00000000e+00   -9.83003990e-08    1.20005227e+00
   7.43438955e-08    0.00000000e+00    0.00000000e+00   -2.97634719e-06    1.20004155e+00
   7.43521260e-08    0.00000000e+00    0.00000000e+00   -4.37104040e-06    1.20003254e+00
   7.43685870e-08    0.00000000e+00    0.00000000e+00   -4.85535874e-06    1.20001906e+00
   7.43850480e-08    0.00000000e+00    0.00000000e+00   -3.98028452e-06    1.20001039e+00
   7.44015090e-08    0.00000000e+00    0.00000000e+00   -2.94941858e-06    1.20000498e+00
   7.44179700e-08    0.00000000e+00    0.00000000e+00   -2.11232314e-06    1.20000164e+00
   7.44344310e-08    0.00000000e+00    0.00000000e+00   -1.49993455e-06    1.19999962e+00
   7.44492459e-08    0.00000000e+00    0.00000000e+00   -1.10204815e-06    1.19999851e+00
   7.44625793e-08    0.00000000e+00    0.00000000e+00   -8.34844697e-07    1.19999791e+00
   7.44745536e-08    0.00000000e+00    0.00000000e+00   -6.49186038e-07    1.19999758e+00
   7.44853306e-08    0.00000000e+00    0.00000000e+00   -5.15681419e-07    1.19999742e+00
   7.44961075e-08    0.00000000e+00    0.00000000e+00   -4.07094590e-07    1.19999734e+00
   7.45068844e-08    0.00000000e+00    0.00000000e+00   -3.18446839e-07    1.19999733e+00
   7.45176613e-08    0.00000000e+00    0.00000000e+00   -2.45856795e-07    1.19999737e+00
   7.45284383e-08    0.00000000e+00    0.00000000e+00   -1.86271926e-07    1.19999744e+00
   7.45392152e-08    0.00000000e+00    0.00000000e+00   -1.37270055e-07    1.19999753e+00
   7.45499921e-08    0.00000000e+00    0.00000000e+00   -9.69132455e-08    1.19999764e+00
   7.45607690e-08    0.00000000e+00    0.00000000e+00   -6.36398497e-08    1.19999776e+00
   7.45693973e-08    0.00000000e+00    0.00000000e+00   -4.12692320e-08    1.19999787e+00
   7.45764500e-08    0.00000000e+00    0.00000000e+00   -2.53758866e-08    1.19999796e+00
   7.45827975e-08    0.00000000e+00    0.00000000e+00   -1.26777833e-08    1.19999805e+00
   7.45885102e-08    0.00000000e+00    0.00000000e+00   -2.40897367e-09    1.19999812e+00
   7.45942229e-08    0.00000000e+00    0.00000000e+00    6.87379038e-09    1.19999820e+00
   7.45999357e-08    0.00000000e+00    0.00000000e+00    1.52658928e-08    1.19999828e+00
   7.46056484e-08    0.00000000e+00    0.00000000e+00    2.28533356e-08    1.19999836e+00
   7.46113611e-08    0.00000000e+00    0.00000000e+00    2.97136975e-08    1.19999843e+00
   7.46170738e-08    0.00000000e+00    0.00000000e+00    3.59169845e-08    1.19999846e+00
   7.46227866e-08    0.00000000e+00    0.00000000e+00    4.15263902e-08    1.19999845e+00
   7.46284993e-08    0.00000000e+00    0.00000000e+00    4.65989748e-08    1.19999841e+00
   7.46342120e-08    0.00000000e+00    0.00000000e+00    5.11862726e-08    1.19999835e+00
   7.46393535e-08    0.00000000e+00    0.00000000e+00    5.49379170e-08    1.19999829e+00
   7.46444949e-08    0.00000000e+00    0.00000000e+00    5.83651563e-08    1.19999825e+00
   7.46496364e-08    0.00000000e+00    0.00000000e+00    6.14961026e-08    1.19999823e+00
   7.46547778e-08    0.00000000e+00    0.00000000e+00    6.43564209e-08    1.19999824e+00
   7.46599193e-08    0.00000000e+00    0.00000000e+00    6.69695444e-08    1.19999827e+00
   7.46650607e-08    0.00000000e+00    0.00000000e+00    6.93568703e-08    1.19999833e+00
   7.46702022e-08    0.00000000e+00    0.00000000e+00    7.15379376e-08    1.19999840e+00
   7.46753437e-08    0.00000000e+00    0.00000000e+00    7.35305901e-08    1.19999847e+00
   7.46804851e-08    0.00000000e+00    0.00000000e+00    7.53511244e-08    1.19999855e+00
   7.46907680e-08    0.00000000e+00    0.00000000e+00    7.85400354e-08    1.19999870e+00
   7.47113338e-08    0.00000000e+00    0.00000000e+00    8.34552098e-08    1.19999896e+00
   7.47318996e-08    0.00000000e+00    0.00000000e+00    8.68677560e-08    1.19999914e+00
   7.47524655e-08    0.00000000e+00    0.00000000e+00    8.92373628e-08    1.19999927e+00
   7.47730313e-08    0.00000000e+00    0.00000000e+00    9.08829921e-08    1.19999937e+00
   7.47935971e-08    0.00000000e+00    0.00000000e+00    9.20260043e-08    1.19999945e+00
   7.48141629e-08    0.00000000e+00    0.00000000e+00    9.28200450e-08    1.19999951e+00
   7.48347287e-08    0.00000000e+00    0.00000000e+00    9.33717675e-08    1.19999957e+00
   7.48758603e-08    0.00000000e+00    0.00000000e+00    9.40372585e-08    1.19999967e+00
   7.49169920e-08    0.00000000e+00    0.00000000e+00    9.43508721e-08    1.19999974e+00
   7.49581236e-08    0.00000000e+00    0.00000000e+00    9.44989740e-08    1.19999980e+00
   7.49992552e-08    0.00000000e+00    0.00000000e+00    9.45691355e-08    1.19999984e+00
   7.50815185e-08    0.00000000e+00    0.00000000e+00    9.46221535e-08    1.19999990e+00
   7.52460450e-08    0.00000000e+00    0.00000000e+00    9.46355701e-08    1.19999996e+00
   7.54105715e-08    0.00000000e+00    0.00000000e+00    9.46338696e-08    1.19999998e+00
   7.55750980e-08    0.00000000e+00    0.00000000e+00    9.46343307e-08    1.19999999e+00
   7.57396245e-08    0.00000000e+00    0.00000000e+00    9.46342784e-08    1.19999999e+00
   7.60686775e-08    0.00000000e+00    0.00000000e+00    9.46342984e-08    1.19999999e+00
   7.65000000e-08    0.00000000e+00    0.00000000e+00    9.46342901e-08    1.19999999e+00
   7.65002094e-08    7.50000000e-03    0.00000000e+00    7.87091992e-07    1.20000062e+00
   7.65004188e-08    1.50000000e-02    0.00000000e+00    1.45483415e-06    1.20000121e+00
   7.65006281e-08    2.25000000e-02    0.00000000e+00    2.11038918e-06    1.20000179e+00
   7.65010469e-08    3.75000000e-02    0.00000000e+00    3.34922486e-06    1.20000286e+00
   7.65018844e-08    6.75000000e-02    0.00000000e+00    5.55031923e-06    1.20000469e+00
   7.65035594e-08    1.27500000e-01    0.00000000e+00    8.95382541e-06    1.20000731e+00
   7.65069094e-08    2.47500000e-01    0.00000000e+00    1.26317862e-05    1.20000966e+00
   7.65102594e-08    3.67500000e-01    0.00000000e+00    1.34108513e-05    1.20000970e+00
   7.65136094e-08    4.87500000e-01    0.00000000e+00    1.26661523e-05    1.20000878e+00
   7.65146628e-08    5.25235997e-01    0.00000000e+00    1.22221470e-05    1.20000839e+00
   7.65167698e-08    6.00707992e-01    0.00000000e+00    1.11369712e-05    1.20000747e+00
   7.65174577e-08    6.25351552e-01    0.00000000e+00    1.06407500e-05    1.20000707e+00
   7.65188337e-08    6.74638672e-01    0.00000000e+00    9.41979449e-06    1.20000609e+00
   7.65215855e-08    7.73212911e-01    0.00000000e+00    4.95379986e-06    1.20000253e+00
   7.65220016e-08    7.88117969e-01    0.00000000e+00    3.92947533e-06    1.20000172e+00
   7.65224177e-08    8.03023026e-01    0.00000000e+00    2.82967152e-06    1.20000085e+00
   7.65232499e-08    8.32833141e-01    0.00000000e+00    2.43816481e-07    1.19999880e+00
   7.65240821e-08    8.62643257e-01    0.00000000e+00   -2.92174780e-06    1.19999631e+00
   7.65249143e-08    8.92453372e-01    0.00000000e+00   -6.72773264e-06    1.19999333e+00
   7.65257465e-08    9.22263487e-01    0.00000000e+00   -1.11707858e-05    1.19998987e+00
   7.65265787e-08    9.52073602e-01    0.00000000e+00   -1.61806133e-05    1.19998601e+00
   7.65274109e-08    9.81883717e-01    0.00000000e+00   -2.16814363e-05    1.19998180e+00
   7.65282431e-08    1.01169383e+00    0.00000000e+00   -2.76272873e-05    1.19997730e+00
   7.65290753e-08    1.04150395e+00    0.00000000e+00   -3.39925662e-05    1.19997251e+00
   7.65299075e-08    1.07131406e+00    0.00000000e+00   -4.07569114e-05    1.19996743e+00
   7.65307397e-08    1.10112418e+00    0.00000000e+00   -4.78972727e-05    1.19996207e+00
   7.65315719e-08    1.13093429e+00    0.00000000e+00   -5.53848685e-05    1.19995644e+00
   7.65324041e-08    1.16074441e+00    0.00000000e+00   -6.31842265e-05    1.19995055e+00
   7.65332363e-08    1.19055452e+00    0.00000000e+00   -7.12529883e-05    1.19994443e+00
   7.65335000e-08    1.20000000e+00    0.00000000e+00   -7.38595578e-05    1.19994245e+00
   7.65335467e-08    1.20000000e+00    0.00000000e+00   -7.44179836e-05    1.19994201e+00
   7.65335879e-08    1.20000000e+00    0.00000000e+00   -7.49065501e-05    1.19994162e+00
   7.65336291e-08    1.20000000e+00    0.00000000e+00   -7.53932727e-05    1.19994124e+00
   7.65337114e-08    1.20000000e+00    0.00000000e+00   -7.63552715e-05    1.19994048e+00
   7.65338761e-08    1.20000000e+00    0.00000000e+00   -7.82338354e-05    1.19993902e+00
   7.65342055e-08    1.20000000e+00    0.00000000e+00   -8.18121258e-05    1.19993625e+00
   7.65348644e-08    1.20000000e+00    0.00000000e+00   -8.82775808e-05    1.19993132e+00
   7.65361820e-08    1.20000000e+00    0.00000000e+00   -9.86475900e-05    1.19992364e+00
   7.65388173e-08    1.20000000e+00    0.00000000e+00   -1.10782629e-04    1.19991492e+00
   7.65414526e-08    1.20000000e+00    0.00000000e+00   -1.13798813e-04    1.19991148e+00
   7.65440879e-08    1.20000000e+00    0.00000000e+00   -1.10062840e-04    1.19990631e+00
   7.65464597e-08    1.20000000e+00    0.00000000e+00   -1.02497284e-04    1.19989764e+00
   7.65485943e-08    1.20000000e+00    0.00000000e+00   -9.33935354e-05    1.19988843e+00
   7.65507289e-08    1.20000000e+00    0.00000000e+00   -8.27341227e-05    1.19987813e+00
   7.65528635e-08    1.20000000e+00    0.00000000e+00   -7.06484545e-05    1.19986642e+00
   7.65549981e-08    1.20000000e+00    0.00000000e+00   -5.73016236e-05    1.19985323e+00
   7.65571327e-08    1.20000000e+00    0.00000000e+00   -4.33773284e-05    1.19983887e+00
   7.65592673e-08    1.20000000e+00    0.00000000e+00   -2.95270922e-05    1.19982395e+00
   7.65614018e-08    1.20000000e+00    0.00000000e+00   -1.60207873e-05    1.19980924e+00
   7.65635364e-08    1.20000000e+00    0.00000000e+00   -2.96941124e-06    1.19979547e+00
   7.65656710e-08    1.20000000e+00    0.00000000e+00    9.54056571e-06    1.19978327e+00
   7.65678056e-08    1.20000000e+00    0.00000000e+00    2.14146490e-05    1.19977317e+00
   7.65699402e-08    1.20000000e+00    0.00000000e+00    3.25434337e-05    1.19976551e+00
   7.65720748e-08    1.20000000e+00    0.00000000e+00    4.28052693e-05    1.19976045e+00
   7.65742094e-08    1.20000000e+00    0.00000000e+00    5.20752652e-05    1.19975800e+00
   7.65763440e-08    1.20000000e+00    0.00000000e+00    6.02379261e-05    1.19975799e+00
   7.65784786e-08    1.20000000e+00    0.00000000e+00    6.72000815e-05    1.19976012e+00
   7.65806132e-08    1.20000000e+00    0.00000000e+00    7.29011563e-05    1.19976400e+00
   7.65827478e-08    1.20000000e+00    0.00000000e+00    7.73192580e-05    1.19976918e+00
   7.65848824e-08    1.20000000e+00    0.00000000e+00    8.04735606e-05    1.19977517e+00
   7.65870170e-08    1.20000000e+00    0.00000000e+00    8.24260766e-05    1.19978150e+00
   7.65891516e-08    1.20000000e+00    0.00000000e+00    8.32904351e-05    1.19978777e+00
   7.65912862e-08    1.20000000e+00    0.00000000e+00    8.32633294e-05    1.19979362e+00
   7.65934208e-08    1.20000000e+00    0.00000000e+00    8.26933169e-05    1.19979883e+00
   7.65955554e-08    1.20000000e+00    0.00000000e+00    8.21213251e-05    1.19980329e+00
   7.65976900e-08    1.20000000e+00    0.00000000e+00    8.20900215e-05    1.19980704e+00
   7.65998246e-08    1.20000000e+00    0.00000000e+00    8.28359019e-05    1.19981021e+00
   7.66019592e-08    1.20000000e+00    0.00000000e+00    8.43046941e-05    1.19981300e+00
   7.66040937e-08    1.20000000e+00    0.00000000e+00    8.63210862e-05    1.19981551e+00
   7.66062283e-08    1.20000000e+00    0.00000000e+00    8.86273882e-05    1.19981767e+00
   7.66083629e-08    1.20000000e+00    0.00000000e+00    9.08552717e-05    1.19981904e+00
   7.66104975e-08    1.20000000e+00    0.00000000e+00    9.25278646e-05    1.19981888e+00
   7.66126321e-08    1.20000000e+00    0.00000000e+00    9.31002535e-05    1.19981609e+00
   7.66147667e-08    1.20000000e+00    0.00000000e+00    9.20260264e-05    1.19980938e+00
   7.66169013e-08    1.20000000e+00    0.00000000e+00    8.88714909e-05    1.19979743e+00
   7.66190359e-08    1.20000000e+00    0.00000000e+00    8.34381118e-05    1.19977907e+00
   7.66211705e-08    1.20000000e+00    0.00000000e+00    7.57969302e-05    1.19975347e+00
   7.66233051e-08    1.20000000e+00    0.00000000e+00    6.62396292e-05    1.19972033e+00
   7.66254397e-08    1.20000000e+00    0.00000000e+00    5.52018054e-05    1.19968000e+00
   7.66275743e-08    1.20000000e+00    0.00000000e+00    4.31881583e-05    1.19963358e+00
   7.66297089e-08    1.20000000e+00    0.00000000e+00    3.07105099e-05    1.19958309e+00
   7.66318435e-08    1.20000000e+00    0.00000000e+00    1.82426159e-05    1.19953148e+00
   7.66339781e-08    1.20000000e+00    0.00000000e+00    6.19180600e-06    1.19948253e+00
   7.66361127e-08    1.20000000e+00    0.00000000e+00   -5.11498490e-06    1.19944071e+00
   7.66382473e-08    1.20000000e+00    0.00000000e+00   -1.54342997e-05    1.19941093e+00
   7.66403819e-08    1.20000000e+00    0.00000000e+00   -2.46018746e-05    1.19939834e+00
   7.66425165e-08    1.20000000e+00    0.00000000e+00   -3.25239502e-05    1.19940816e+00
   7.66446511e-08    1.20000000e+00    0.00000000e+00   -3.91664191e-05    1.19944566e+00
   7.66467857e-08    1.20000000e+00    0.00000000e+00   -4.45433698e-05    1.19951604e+00
   7.66489202e-08    1.20000000e+00    0.00000000e+00   -4.87060329e-05    1.19962447e+00
   7.66510548e-08    1.20000000e+00    0.00000000e+00   -5.17327252e-05    1.19977609e+00
   7.66531894e-08    1.20000000e+00    0.00000000e+00   -5.37200966e-05    1.19997592e+00
   7.66553240e-08    1.20000000e+00    0.00000000e+00   -5.47757848e-05    1.20022893e+00
   7.66574586e-08    1.20000000e+00    0.00000000e+00   -5.50124546e-05    1.20053984e+00
   7.66595932e-08    1.20000000e+00    0.00000000e+00   -5.45431211e-05    1.20091301e+00
   7.66617278e-08    1.20000000e+00    0.00000000e+00   -5.34776138e-05    1.20135197e+00
   7.66638624e-08    1.20000000e+00    0.00000000e+00   -5.19200201e-05    1.20185884e+00
   7.66659970e-08    1.20000000e+00    0.00000000e+00   -4.99669484e-05    1.20243391e+00
   7.66681316e-08    1.20000000e+00    0.00000000e+00   -4.77064577e-05    1.20307592e+00
   7.66702662e-08    1.20000000e+00    0.00000000e+00   -4.52175157e-05    1.20378283e+00
   7.66724008e-08    1.20000000e+00    0.00000000e+00   -4.25698672e-05    1.20455233e+00
   7.66745354e-08    1.20000000e+00    0.00000000e+00   -3.98242074e-05    1.20538198e+00
   7.66766700e-08    1.20000000e+00    0.00000000e+00   -3.70325767e-05    1.20626910e+00
   7.66788046e-08    1.20000000e+00    0.00000000e+00   -3.42389066e-05    1.20721080e+00
   7.66809392e-08    1.20000000e+00    0.00000000e+00   -3.14796603e-05    1.20820407e+00
   7.66830738e-08    1.20000000e+00    0.00000000e+00   -2.87845250e-05    1.20924583e+00
   7.66852084e-08    1.20000000e+00    0.00000000e+00   -2.61771218e-05    1.21033308e+00
   7.66873430e-08    1.20000000e+00    0.00000000e+00   -2.36757082e-05    1.21146293e+00
   7.66894776e-08    1.20000000e+00    0.00000000e+00   -2.12938547e-05    1.21263279e+00
   7.66916121e-08    1.20000000e+00    0.00000000e+00   -1.90410844e-05    1.21384036e+00
   7.66937467e-08    1.20000000e+00    0.00000000e+00   -1.69234655e-05    1.21508382e+00
   7.66958813e-08    1.20000000e+00    0.00000000e+00   -1.49441541e-05    1.21636182e+00
   7.67001505e-08    1.20000000e+00    0.00000000e+00   -1.13996884e-05    1.21901929e+00
   7.67044197e-08    1.20000000e+00    0.00000000e+00   -8.39175708e-06    1.22181487e+00
   7.67086889e-08    1.20000000e+00    0.00000000e+00   -5.88564635e-06    1.22475901e+00
   7.67129581e-08    1.20000000e+00    0.00000000e+00   -3.83438202e-06    1.22786150e+00
   7.67172273e-08    1.20000000e+00    0.00000000e+00   -2.18527034e-06    1.23109049e+00
   7.67214965e-08    1.20000000e+00    0.00000000e+00   -8.84466351e-07    1.23428224e+00
   7.67257657e-08    1.20000000e+00    0.00000000e+00    1.19997410e-07    1.23706695e+00
   7.67300349e-08    1.20000000e+00    0.00000000e+00    8.76344687e-07    1.23880908e+00
   7.67343040e-08    1.20000000e+00    0.00000000e+00    1.42803883e-06    1.23851200e+00
   7.67385732e-08    1.20000000e+00    0.00000000e+00    1.81336535e-06    1.23474248e+00
   7.67428424e-08    1.20000000e+00    0.00000000e+00    2.06541969e-06    1.22559553e+00
   7.67471116e-08    1.20000000e+00    0.00000000e+00    2.21235458e-06    1.20888130e+00
   7.67509539e-08    1.20000000e+00    0.00000000e+00    2.27406214e-06    1.18623915e+00
   7.67544119e-08    1.20000000e+00    0.00000000e+00    2.28504503e-06    1.15944819e+00
   7.67578700e-08    1.20000000e+00    0.00000000e+00    2.26320730e-06    1.12659324e+00
   7.67613280e-08    1.20000000e+00    0.00000000e+00    2.21597597e-06    1.08792404e+00
   7.67647861e-08    1.20000000e+00    0.00000000e+00    2.14956487e-06    1.04390484e+00
   7.67682441e-08    1.20000000e+00    0.00000000e+00    2.06913075e-06    9.95157406e-01
   7.67717022e-08    1.20000000e+00    0.00000000e+00    1.97891647e-06    9.42396408e-01
   7.67751602e-08    1.20000000e+00    0.00000000e+00    1.88238061e-06    8.86373379e-01
   7.67786182e-08    1.20000000e+00    0.00000000e+00    1.78231331e-06    8.27835643e-01
   7.67820763e-08    1.20000000e+00    0.00000000e+00    1.68093889e-06    7.67501726e-01
   7.67855343e-08    1.20000000e+00    0.00000000e+00    1.58000578e-06    7.06051773e-01
   7.67889924e-08    1.20000000e+00    0.00000000e+00    1.48086490e-06    6.44130283e-01
   7.67924504e-08    1.20000000e+00    0.00000000e+00    1.38453733e-06    5.82358321e-01
   7.67959085e-08    1.20000000e+00    0.00000000e+00    1.29177246e-06    5.21352244e-01
   7.67993665e-08    1.20000000e+00    0.00000000e+00    1.20309763e-06    4.61745108e-01
   7.68028246e-08    1.20000000e+00    0.00000000e+00    1.11886016e-06    4.04204496e-01
   7.68062826e-08    1.20000000e+00    0.00000000e+00    1.03926293e-06    3.49436816e-01
   7.68097406e-08    1.20000000e+00    0.00000000e+00    9.64394109e-07    2.98165616e-01
   7.68131987e-08    1.20000000e+00    0.00000000e+00    8.94252025e-07    2.51075345e-01
   7.68166567e-08    1.20000000e+00    0.00000000e+00    8.28765752e-07    2.08726497e-01
   7.68201148e-08    1.20000000e+00    0.00000000e+00    7.67812084e-07    1.71468190e-01
   7.68235728e-08    1.20000000e+00    0.00000000e+00    7.11229437e-07    1.39384020e-01
   7.68270309e-08    1.20000000e+00    0.00000000e+00    6.58829142e-07    1.12294138e-01
   7.68304889e-08    1.20000000e+00    0.00000000e+00    6.10404557e-07    8.98088881e-02
   7.68339469e-08    1.20000000e+00    0.00000000e+00    5.65738345e-07    7.14085031e-02
   7.68374050e-08    1.20000000e+00    0.00000000e+00    5.24608231e-07    5.65212205e-02
   7.68408630e-08    1.20000000e+00    0.00000000e+00    4.86791492e-07    4.45831072e-02
   7.68443211e-08    1.20000000e+00    0.00000000e+00    4.52068414e-07    3.50754116e-02
   7.68477791e-08    1.20000000e+00    0.00000000e+00    4.20224884e-07    2.75428431e-02
   7.68512372e-08    1.20000000e+00    0.00000000e+00    3.91054302e-07    2.15986267e-02
   7.68546952e-08    1.20000000e+00    0.00000000e+00    3.64358918e-07    1.69216936e-02
   7.68581533e-08    1.20000000e+00    0.00000000e+00    3.39950725e-07    1.32499093e-02
   7.68616113e-08    1.20000000e+00    0.00000000e+00    3.17651993e-07    1.03718289e-02
   7.68650693e-08    1.20000000e+00    0.00000000e+00    2.97295517e-07    8.11840732e-03
   7.68685274e-08    1.20000000e+00    0.00000000e+00    2.78724646e-07    6.35538788e-03
   7.68754435e-08    1.20000000e+00    0.00000000e+00    2.46304066e-07    3.86933735e-03
   7.68823596e-08    1.20000000e+00    0.00000000e+00    2.19418636e-07    2.36125133e-03
   7.68892757e-08    1.20000000e+00    0.00000000e+00    1.97164781e-07    1.44567443e-03
   7.68961917e-08    1.20000000e+00    0.00000000e+00    1.78773460e-07    8.88784431e-04
   7.69031078e-08    1.20000000e+00    0.00000000e+00    1.63594538e-07    5.49168494e-04
   7.69169400e-08    1.20000000e+00    0.00000000e+00    1.40600126e-07    2.00694038e-04
   7.69446044e-08    1.20000000e+00    0.00000000e+00    1.13944745e-07    1.24771526e-05
   7.69722687e-08    1.20000000e+00    0.00000000e+00    1.02354172e-07    4.29774220e-06
   7.69999331e-08    1.20000000e+00    0.00000000e+00    9.74142843e-08    1.98453368e-06
   7.70000000e-08    1.20000000e+00    0.00000000e+00    9.74072327e-08    1.98152584e-06
   7.70000669e-08    1.20000000e+00    9.63905675e-04    9.74002025e-08    1.98007175e-06
   7.70001339e-08    1.20000000e+00    1.92781135e-03    9.73931869e-08    1.97859639e-06
   7.70002678e-08    1.20000000e+00    3.85562270e-03    9.73791836e-08    1.97560375e-06
   7.70005355e-08    1.20000000e+00    7.71124540e-03    9.73513473e-08    1.96937209e-06
   7.70010710e-08    1.20000000e+00    1.54224908e-02    9.72963486e-08    1.95597974e-06
   7.70021420e-08    1.20000000e+00    3.08449816e-02    9.71889956e-08    1.92590483e-06
   7.70042840e-08    1.20000000e+00    6.16899632e-02    9.69844733e-08    1.85561165e-06
   7.70085680e-08    1.20000000e+00    1.23379926e-01    9.66132061e-08    1.69301913e-06
   7.70171361e-08    1.20000000e+00    2.46759853e-01    9.60010062e-08    1.36423856e-06
   7.70342722e-08    1.20000000e+00    4.93519706e-01    9.51682561e-08    8.83233170e-07
   7.70448672e-08    1.20000000e+00    6.46087228e-01    9.48945153e-08    7.17830863e-07
   7.70481875e-08    1.20000000e+00    6.93900836e-01    9.48176455e-08    6.62129535e-07
   7.70515079e-08    1.20000000e+00    7.41714444e-01    9.47450246e-08    6.00183752e-07
   7.70581487e-08    1.20000000e+00    8.37341659e-01    9.46229721e-08    4.54895605e-07
   7.70637150e-08    1.20000000e+00    9.17495848e-01    9.45415516e-08    3.33227080e-07
   7.70686677e-08    1.20000000e+00    9.88815824e-01    9.44825046e-08    2.47436358e-07
   7.70736205e-08    1.20000000e+00    1.06013580e+00    9.44341901e-08    1.89405212e-07
   7.70785733e-08    1.20000000e+00    1.13145578e+00    9.43950838e-08    1.60668032e-07
   7.70833333e-08    1.20000000e+00    1.20000000e+00    9.43649535e-08    1.58481307e-07
   7.70836014e-08    1.20000000e+00    1.20000000e+00    9.43634655e-08    1.55952383e-07
   7.70838352e-08    1.20000000e+00    1.20000000e+00    9.43621830e-08    1.54615143e-07
   7.70843027e-08    1.20000000e+00    1.20000000e+00    9.43596475e-08    1.53557302e-07
   7.70852378e-08    1.20000000e+00    1.20000000e+00    9.43547502e-08    1.59876072e-07
   7.70871080e-08    1.20000000e+00    1.20000000e+00    9.43456248e-08    1.95859760e-07
   7.70889782e-08    1.20000000e+00    1.20000000e+00    9.43373529e-08    2.50130888e-07
   7.70908484e-08    1.20000000e+00    1.20000000e+00    9.43298843e-08    3.10335584e-07
   7.70945888e-08    1.20000000e+00    1.20000000e+00    9.43171504e-08    4.20446419e-07
   7.71020695e-08    1.20000000e+00    1.20000000e+00    9.42992835e-08    5.46143092e-07
   7.71170310e-08    1.20000000e+00    1.20000000e+00    9.42862398e-08    4.97582939e-07
   7.71304964e-08    1.20000000e+00    1.20000000e+00    9.42926185e-08    3.20679324e-07
   7.71439618e-08    1.20000000e+00    1.20000000e+00    9.43088096e-08    1.88282694e-07
   7.71574271e-08    1.20000000e+00    1.20000000e+00    9.43303606e-08    1.20922518e-07
   7.71708925e-08    1.20000000e+00    1.20000000e+00    9.43543811e-08    9.92143519e-08
   7.71830113e-08    1.20000000e+00    1.20000000e+00    9.43765879e-08    1.01940725e-07
   7.71939183e-08    1.20000000e+00    1.20000000e+00    9.43962934e-08    1.07328245e-07
   7.72037345e-08    1.20000000e+00    1.20000000e+00    9.44134530e-08    1.03681206e-07
   7.72135508e-08    1.20000000e+00    1.20000000e+00    9.44298738e-08    8.99974994e-08
   7.72233670e-08    1.20000000e+00    1.20000000e+00    9.44454469e-08    7.18985378e-08
   7.72331833e-08    1.20000000e+00    1.20000000e+00    9.44601145e-08    5.62175438e-08
   7.72429995e-08    1.20000000e+00    1.20000000e+00    9.44738539e-08    4.71065704e-08
   7.72528157e-08    1.20000000e+00    1.20000000e+00    9.44866689e-08    4.54049665e-08
   7.72626320e-08    1.20000000e+00    1.20000000e+00    9.44985806e-08    4.97912272e-08
   7.72724482e-08    1.20000000e+00    1.20000000e+00    9.45096222e-08    5.80748990e-08
   7.72822645e-08    1.20000000e+00    1.20000000e+00    9.45198342e-08    6.80817414e-08
   7.72920807e-08    1.20000000e+00    1.20000000e+00    9.45292618e-08    7.81028834e-08
   7.73018970e-08    1.20000000e+00    1.20000000e+00    9.45379525e-08    8.70260928e-08
   7.73215295e-08    1.20000000e+00    1.20000000e+00    9.45533360e-08    9.97982449e-08
   7.73607945e-08    1.20000000e+00    1.20000000e+00    9.45774196e-08    1.08306996e-07
   7.74000595e-08    1.20000000e+00    1.20000000e+00    9.45944272e-08    1.04691479e-07
   7.74393245e-08    1.20000000e+00    1.20000000e+00    9.46063746e-08    9.98827488e-08
   7.74785895e-08    1.20000000e+00    1.20000000e+00    9.46147494e-08    9.71242230e-08
   7.75571194e-08    1.20000000e+00    1.20000000e+00    9.46249490e-08    9.51876759e-08
   7.76356494e-08    1.20000000e+00    1.20000000e+00    9.46298268e-08    9.49243683e-08
   7.77927094e-08    1.20000000e+00    1.20000000e+00    9.46335249e-08    9.47515618e-08
   7.81068293e-08    1.20000000e+00    1.20000000e+00    9.46344249e-08    9.46574488e-08
   7.84209493e-08    1.20000000e+00    1.20000000e+00    9.46342711e-08    9.46454588e-08
   7.87350692e-08    1.20000000e+00    1.20000000e+00    9.46342972e-08    9.46409737e-08
   7.88750000e-08    1.20000000e+00    1.20000000e+00    9.46342941e-08    9.46401208e-08
   7.88752094e-08    1.19250000e+00    1.20000000e+00   -3.05728315e-07   -3.04407737e-07
   7.88754188e-08    1.18500000e+00    1.20000000e+00   -6.85599262e-07   -6.83051614e-07
   7.88756281e-08    1.17750000e+00    1.20000000e+00   -1.05544599e-06   -1.05171398e-06
   7.88760469e-08    1.16250000e+00    1.20000000e+00   -1.73714805e-06   -1.73129104e-06
   7.88768844e-08    1.13250000e+00    1.20000000e+00   -2.88927642e-06   -2.88003316e-06
   7.88785594e-08    1.07250000e+00    1.20000000e+00   -4.49590134e-06   -4.48257488e-06
   7.88819094e-08    9.52500000e-01    1.20000000e+00   -5.85668022e-06   -5.84139905e-06
   7.88886094e-08    7.12500000e-01    1.20000000e+00   -6.08482010e-06   -6.06966297e-06
   7.88946394e-08    4.96500000e-01    1.20000000e+00   -2.85493337e-06   -2.84599036e-06
   7.88951896e-08    4.76790957e-01    1.20000000e+00   -2.07298306e-06   -2.06605000e-06
   7.88957398e-08    4.57081914e-01    1.20000000e+00   -1.23716828e-06   -1.23245974e-06
   7.88968402e-08    4.17663827e-01    1.20000000e+00    6.92679317e-07    6.91835963e-07
   7.88979406e-08    3.78245741e-01    1.20000000e+00    2.91324727e-06    2.90554364e-06
   7.88990411e-08    3.38827655e-01    1.20000000e+00    5.36032630e-06    5.34473150e-06
   7.89001415e-08    2.99409569e-01    1.20000000e+00    7.98195127e-06    7.95767271e-06
   7.89012419e-08    2.59991482e-01    1.20000000e+00    1.07339468e-05    1.07003811e-05
   7.89023423e-08    2.20573396e-01    1.20000000e+00    1.35757484e-05    1.35324566e-05
   7.89034427e-08    1.81155310e-01    1.20000000e+00    1.64690717e-05    1.64157668e-05
   7.89045432e-08    1.41737223e-01    1.20000000e+00    1.93778682e-05    1.93144058e-05
   7.89056436e-08    1.02319137e-01    1.20000000e+00    2.22685965e-05    2.21949659e-05
   7.89067440e-08    6.29010507e-02    1.20000000e+00    2.51104638e-05    2.50267793e-05
   7.89078444e-08    2.34829644e-02    1.20000000e+00    2.78755532e-05    2.77820458e-05
   7.89085000e-08    3.13526982e-13    1.20000000e+00    2.94765864e-05    2.93773787e-05
   7.89086100e-08    0.00000000e+00    1.20000000e+00    3.00321982e-05    2.99310500e-05
   7.89086893e-08    0.00000000e+00    1.20000000e+00    3.04251513e-05    3.03226290e-05
   7.89087686e-08    0.00000000e+00    1.20000000e+00    3.08145029e-05    3.07106180e-05
   7.89089271e-08    0.00000000e+00    1.20000000e+00    3.15718229e-05    3.14652830e-05
   7.89092441e-08    0.00000000e+00    1.20000000e+00    3.30027830e-05    3.28912088e-05
   7.89098782e-08    0.00000000e+00    1.20000000e+00    3.55445277e-05    3.54239513e-05
   7.89111463e-08    0.00000000e+00    1.20000000e+00    3.94588360e-05    3.93242213e-05
   7.89136825e-08    0.00000000e+00    1.20000000e+00    4.34200771e-05    4.32708852e-05
   7.89162188e-08    0.00000000e+00    1.20000000e+00    4.33692480e-05    4.32199310e-05
   7.89187550e-08    0.00000000e+00    1.20000000e+00    4.06009536e-05    4.04616663e-05
   7.89238275e-08    0.00000000e+00    1.20000000e+00    3.09305144e-05    3.08273667e-05
   7.89288999e-08    0.00000000e+00    1.20000000e+00    1.92310141e-05    1.91725236e-05
   7.89339724e-08    0.00000000e+00    1.20000000e+00    8.34145245e-06    8.32486856e-06
   7.89390449e-08    0.00000000e+00    1.20000000e+00   -6.27861735e-07   -6.13104464e-07
   7.89441174e-08    0.00000000e+00    1.20000000e+00   -7.50431527e-06   -7.50369882e-06
   7.89491898e-08    0.00000000e+00    1.20000000e+00   -1.25792278e-05   -1.26873434e-05
   7.89542623e-08    0.00000000e+00    1.20000000e+00   -1.75977261e-05   -1.78550529e-05
   7.89588275e-08    0.00000000e+00    1.20000000e+00   -2.35205321e-05   -2.39167295e-05
   7.89628007e-08    0.00000000e+00    1.20000000e+00   -2.99489246e-05   -3.04776308e-05
   7.89661967e-08    0.00000000e+00    1.20000000e+00   -3.62271659e-05   -3.68872082e-05
   7.89691471e-08    0.00000000e+00    1.20000000e+00   -4.20615738e-05   -4.28678887e-05
   7.89718025e-08    0.00000000e+00    1.20000000e+00   -4.72890840e-05   -4.82618786e-05
   7.89741924e-08    0.00000000e+00    1.20000000e+00   -5.16510972e-05   -5.27943019e-05
   7.89765823e-08    0.00000000e+00    1.20000000e+00   -5.54151789e-05   -5.67340306e-05
   7.89789721e-08    0.00000000e+00    1.20000000e+00   -5.83773158e-05   -5.98620180e-05
   7.89813620e-08    0.00000000e+00    1.20000000e+00   -6.03927253e-05   -6.20197982e-05
   7.89837519e-08    0.00000000e+00    1.20000000e+00   -6.13748647e-05   -6.31125510e-05
   7.89861417e-08    0.00000000e+00    1.20000000e+00   -6.12895349e-05   -6.31180916e-05
   7.89885316e-08    0.00000000e+00    1.20000000e+00   -6.01392746e-05   -6.21218937e-05
   7.89909214e-08    0.00000000e+00    1.20000000e+00   -5.79201774e-05   -6.03373584e-05
   7.89933113e-08    0.00000000e+00    1.20000000e+00   -5.45723766e-05   -5.77787007e-05
   7.89957012e-08    0.00000000e+00    1.20000000e+00   -5.01140769e-05   -5.37710899e-05
   7.89980910e-08    0.00000000e+00    1.20000000e+00   -4.47629012e-05   -4.72949869e-05
   7.90004809e-08    0.00000000e+00    1.20000000e+00   -3.86310469e-05   -3.75089210e-05
   7.90028708e-08    0.00000000e+00    1.20000000e+00   -3.14385277e-05   -2.38313813e-05
   7.90052606e-08    0.00000000e+00    1.20000000e+00   -2.26971026e-05   -5.90918915e-06
   7.90076505e-08    0.00000000e+00    1.20000000e+00   -1.29509724e-05    1.55061641e-05
   7.90100403e-08    0.00000000e+00    1.20000000e+00   -3.79911896e-06    3.80380892e-05
   7.90124302e-08    0.00000000e+00    1.20000000e+00    4.17295614e-06    5.98694072e-05
   7.90148201e-08    0.00000000e+00    1.20000000e+00    1.12442269e-05    8.01839738e-05
   7.90172099e-08    0.00000000e+00    1.20000000e+00    1.78007371e-05    9.84322622e-05
   7.90195998e-08    0.00000000e+00    1.20000000e+00    2.40816893e-05    1.14071782e-04
   7.90217507e-08    0.00000000e+00    1.20000000e+00    2.95402437e-05    1.25462457e-04
   7.90239015e-08    0.00000000e+00    1.20000000e+00    3.47248213e-05    1.33903645e-04
   7.90260524e-08    0.00000000e+00    1.20000000e+00    3.94722690e-05    1.39095331e-04
   7.90282033e-08    0.00000000e+00    1.20000000e+00    4.35973444e-05    1.40873980e-04
   7.90303542e-08    0.00000000e+00    1.20000000e+00    4.69373266e-05    1.39248117e-04
   7.90325050e-08    0.00000000e+00    1.20000000e+00    4.93808003e-05    1.34403079e-04
   7.90346559e-08    0.00000000e+00    1.20000000e+00    5.08787470e-05    1.26677242e-04
   7.90368068e-08    0.00000000e+00    1.20000000e+00    5.14418011e-05    1.16520355e-04
   7.90389577e-08    0.00000000e+00    1.20000000e+00    5.11293823e-05    1.04446057e-04
   7.90411085e-08    0.00000000e+00    1.20000000e+00    5.00356887e-05    9.09876893e-05
   7.90432594e-08    0.00000000e+00    1.20000000e+00    4.82758835e-05    7.66624301e-05
   7.90454103e-08    0.00000000e+00    1.20000000e+00    4.59742569e-05    6.19454562e-05
   7.90475612e-08    0.00000000e+00    1.20000000e+00    4.32550286e-05    4.72536632e-05
   7.90497120e-08    0.00000000e+00    1.20000000e+00    4.02358007e-05    3.29374404e-05
   7.90518629e-08    0.00000000e+00    1.20000000e+00    3.70233321e-05    1.92786442e-05
   7.90561647e-08    0.00000000e+00    1.20000000e+00    3.04083691e-05   -5.22368195e-06
   7.90604664e-08    0.00000000e+00    1.20000000e+00    2.39366341e-05   -2.53340829e-05
   7.90647682e-08    0.00000000e+00    1.20000000e+00    1.79871136e-05   -4.07130922e-05
   7.90690699e-08    0.00000000e+00    1.20000000e+00    1.27682320e-05   -5.15339940e-05
   7.90733717e-08    0.00000000e+00    1.20000000e+00    8.36069266e-06   -5.82805918e-05
   7.90776734e-08    0.00000000e+00    1.20000000e+00    4.75851707e-06   -6.15894864e-05
   7.90819752e-08    0.00000000e+00    1.20000000e+00    1.90272001e-06   -6.21393072e-05
   7.90862769e-08    0.00000000e+00    1.20000000e+00   -2.93583433e-07   -6.05801482e-05
   7.90948804e-08    0.00000000e+00    1.20000000e+00   -3.13906006e-06   -5.35540683e-05
   7.91034839e-08    0.00000000e+00    1.20000000e+00   -4.45029025e-06   -4.37784289e-05
   7.91120875e-08    0.00000000e+00    1.20000000e+00   -4.81576300e-06   -3.35970605e-05
   7.91206910e-08    0.00000000e+00    1.20000000e+00   -4.65529512e-06   -2.42994373e-05
   7.91292945e-08    0.00000000e+00    1.20000000e+00   -4.23953484e-06   -1.64535533e-05
   7.91378980e-08    0.00000000e+00    1.20000000e+00   -3.72937788e-06   -1.01796077e-05
   7.91465015e-08    0.00000000e+00    1.20000000e+00   -3.21293490e-06   -5.35142502e-06
   7.91551050e-08    0.00000000e+00    1.20000000e+00   -2.73350888e-06   -1.75246235e-06
   7.91637085e-08    0.00000000e+00    1.20000000e+00   -2.30855028e-06    8.41215265e-07
   7.91723120e-08    0.00000000e+00    1.20000000e+00   -1.94159618e-06    2.63624559e-06
   7.91809155e-08    0.00000000e+00    1.20000000e+00   -1.62936727e-06    3.81449618e-06
   7.91895190e-08    0.00000000e+00    1.20000000e+00   -1.36576165e-06    4.52919075e-06
   7.91981225e-08    0.00000000e+00    1.20000000e+00   -1.14396587e-06    4.90420422e-06
   7.92067260e-08    0.00000000e+00    1.20000000e+00   -9.57477386e-07    5.03630856e-06
   7.92153295e-08    0.00000000e+00    1.20000000e+00   -8.00527525e-07    4.99900030e-06
   7.92239330e-08    0.00000000e+00    1.20000000e+00   -6.68193392e-07    4.84627732e-06
   7.92325365e-08    0.00000000e+00    1.20000000e+00   -5.56361743e-07    4.61619916e-06
   7.92411400e-08    0.00000000e+00    1.20000000e+00   -4.61632796e-07    4.33739410e-06
   7.92497435e-08    0.00000000e+00    1.20000000e+00   -3.81208785e-07    4.03274306e-06
   7.92574867e-08    0.00000000e+00    1.20000000e+00   -3.19171831e-07    3.74974614e-06
   7.92644204e-08    0.00000000e+00    1.20000000e+00   -2.70728413e-07    3.49631351e-06
   7.92706608e-08    0.00000000e+00    1.20000000e+00   -2.32127943e-07    3.27430121e-06
   7.92762771e-08    0.00000000e+00    1.20000000e+00   -2.00969206e-07    3.08503999e-06
   7.92818934e-08    0.00000000e+00    1.20000000e+00   -1.72838048e-07    2.90938660e-06
   7.92875097e-08    0.00000000e+00    1.20000000e+00   -1.47428526e-07    2.74878240e-06
   7.92931261e-08    0.00000000e+00    1.20000000e+00   -1.24467970e-07    2.60414911e-06
   7.92987424e-08    0.00000000e+00    1.20000000e+00   -1.03712930e-07    2.47731034e-06
   7.93043587e-08    0.00000000e+00    1.20000000e+00   -8.49456889e-08    2.37060653e-06
   7.93099750e-08    0.00000000e+00    1.20000000e+00   -6.79712442e-08    2.28164933e-06
   7.93150297e-08    0.00000000e+00    1.20000000e+00   -5.40842961e-08    2.20588524e-06
   7.93195789e-08    0.00000000e+00    1.20000000e+00   -4.26120849e-08    2.12860452e-06
   7.93241282e-08    0.00000000e+00    1.20000000e+00   -3.20307657e-08    2.03636263e-06
   7.93286774e-08    0.00000000e+00    1.20000000e+00   -2.22701190e-08    1.93129077e-06
   7.93332266e-08    0.00000000e+00    1.20000000e+00   -1.32656454e-08    1.82001238e-06
   7.93377758e-08    0.00000000e+00    1.20000000e+00   -4.95806580e-09    1.70957777e-06
   7.93423251e-08    0.00000000e+00    1.20000000e+00    2.70712646e-09    1.60513077e-06
   7.93468743e-08    0.00000000e+00    1.20000000e+00    9.78007354e-09    1.50941924e-06
   7.93514235e-08    0.00000000e+00    1.20000000e+00    1.63069187e-08    1.42324386e-06
   7.93559727e-08    0.00000000e+00    1.20000000e+00    2.23301419e-08    1.34614095e-06
   7.93605220e-08    0.00000000e+00    1.20000000e+00    2.78888624e-08    1.27698078e-06
   7.93696204e-08    0.00000000e+00    1.20000000e+00    3.77688234e-08    1.15652173e-06
   7.93878173e-08    0.00000000e+00    1.20000000e+00    5.34367409e-08    9.58622311e-07
   7.94060142e-08    0.00000000e+00    1.20000000e+00    6.47817227e-08    7.93235404e-07
   7.94242111e-08    0.00000000e+00    1.20000000e+00    7.29990663e-08    6.49844993e-07
   7.94424080e-08    0.00000000e+00    1.20000000e+00    7.89522273e-08    5.31156772e-07
   7.94606049e-08    0.00000000e+00    1.20000000e+00    8.32656954e-08    4.38316053e-07
   7.94788018e-08    0.00000000e+00    1.20000000e+00    8.63914562e-08    3.68168945e-07
   7.95151955e-08    0.00000000e+00    1.20000000e+00    9.03741347e-08    2.74588372e-07
   7.95515893e-08    0.00000000e+00    1.20000000e+00    9.24302245e-08    2.20308688e-07
   7.95879831e-08    0.00000000e+00    1.20000000e+00    9.34923194e-08    1.85732574e-07
   7.96243769e-08    0.00000000e+00    1.20000000e+00    9.40413866e-08    1.62437400e-07
   7.96971645e-08    0.00000000e+00    1.20000000e+00    9.44994619e-08    1.33768441e-07
   7.98427396e-08    0.00000000e+00    1.20000000e+00    9.46480033e-08    1.09232120e-07
   7.99883147e-08    0.00000000e+00    1.20000000e+00    9.46318940e-08    1.01258804e-07
   8.01338899e-08    0.00000000e+00    1.20000000e+00    9.46343947e-08    9.90109493e-08
   8.02794650e-08    0.00000000e+00    1.20000000e+00    9.46342301e-08    9.73039673e-08
   8.05706153e-08    0.00000000e+00    1.20000000e+00    9.46343082e-08    9.57063143e-08
   8.10456153e-08    0.00000000e+00    1.20000000e+00    9.46342847e-08    9.50964186e-08
   8.12500000e-08    0.00000000e+00    1.20000000e+00    9.46342952e-08    9.47099491e-08
   8.12502094e-08    7.50000000e-03    1.20000000e+00    7.87092475e-07    7.69638187e-07
   8.12504188e-08    1.50000000e-02    1.20000000e+00    1.45483507e-06    1.42036859e-06
   8.12506281e-08    2.25000000e-02    1.20000000e+00    2.11039050e-06    2.05917264e-06
   8.12510469e-08    3.75000000e-02    1.20000000e+00    3.34922688e-06    3.26607823e-06
   8.12518844e-08    6.75000000e-02    1.20000000e+00    5.55032219e-06    5.40967077e-06
   8.12535594e-08    1.27500000e-01    1.20000000e+00    8.95382899e-06    8.72297402e-06
   8.12569094e-08    2.47500000e-01    1.20000000e+00    1.26317886e-05    1.23045602e-05
   8.12602594e-08    3.67500000e-01    1.20000000e+00    1.34108515e-05    1.30677182e-05
   8.12636094e-08    4.87500000e-01    1.20000000e+00    1.26661509e-05    1.23460351e-05
   8.12646700e-08    5.25492410e-01    1.20000000e+00    1.22186785e-05    1.19094472e-05
   8.12667912e-08    6.01477229e-01    1.20000000e+00    1.11228205e-05    1.08378264e-05
   8.12674782e-08    6.26086005e-01    1.20000000e+00    1.06248756e-05    1.03498895e-05
   8.12688522e-08    6.75303556e-01    1.20000000e+00    9.39946029e-06    9.14882212e-06
   8.12716002e-08    7.73738659e-01    1.20000000e+00    4.92052199e-06    4.76276468e-06
   8.12720180e-08    7.88705442e-01    1.20000000e+00    3.88764450e-06    3.75191351e-06
   8.12724358e-08    8.03672224e-01    1.20000000e+00    2.77835482e-06    2.66617172e-06
   8.12732715e-08    8.33605789e-01    1.20000000e+00    1.68912528e-07    1.13743405e-07
   8.12741071e-08    8.63539354e-01    1.20000000e+00   -3.02705263e-06   -3.00842647e-06
   8.12749428e-08    8.93472918e-01    1.20000000e+00   -6.86975544e-06   -6.75412226e-06
   8.12757784e-08    9.23406483e-01    1.20000000e+00   -1.13532068e-05   -1.11119864e-05
   8.12766141e-08    9.53340048e-01    1.20000000e+00   -1.64048870e-05   -1.60106928e-05
   8.12774497e-08    9.83273613e-01    1.20000000e+00   -2.19490562e-05   -2.13795322e-05
   8.12782854e-08    1.01320718e+00    1.20000000e+00   -2.79404438e-05   -2.71769409e-05
   8.12791210e-08    1.04314074e+00    1.20000000e+00   -3.43536737e-05   -3.33794554e-05
   8.12799567e-08    1.07307431e+00    1.20000000e+00   -4.11681203e-05   -3.99676523e-05
   8.12807923e-08    1.10300787e+00    1.20000000e+00   -4.83601657e-05   -4.69190727e-05
   8.12816279e-08    1.13294144e+00    1.20000000e+00   -5.59002703e-05   -5.42055757e-05
   8.12824636e-08    1.16287500e+00    1.20000000e+00   -6.37520660e-05   -6.17925622e-05
   8.12832992e-08    1.19280857e+00    1.20000000e+00   -7.18721829e-05   -6.96388960e-05
   8.12835000e-08    1.20000000e+00    1.20000000e+00   -7.38587331e-05   -7.15585756e-05
   8.12835484e-08    1.20000000e+00    1.20000000e+00   -7.44367713e-05   -7.21178020e-05
   8.12835912e-08    1.20000000e+00    1.20000000e+00   -7.49452130e-05   -7.26096637e-05
   8.12836341e-08    1.20000000e+00    1.20000000e+00   -7.54516556e-05   -7.30995747e-05
   8.12837199e-08    1.20000000e+00    1.20000000e+00   -7.64521339e-05   -7.40672981e-05
   8.12838914e-08    1.20000000e+00    1.20000000e+00   -7.84038599e-05   -7.59547554e-05
   8.12842344e-08    1.20000000e+00    1.20000000e+00   -8.21136697e-05   -7.95410429e-05
   8.12849205e-08    1.20000000e+00    1.20000000e+00   -8.87861615e-05   -8.59867912e-05
   8.12862926e-08    1.20000000e+00    1.20000000e+00   -9.93731033e-05   -9.62016956e-05
   8.12890369e-08    1.20000000e+00    1.20000000e+00   -1.11359076e-04   -1.07775949e-04
   8.12917812e-08    1.20000000e+00    1.20000000e+00   -1.13696520e-04   -1.10508959e-04
   8.12945254e-08    1.20000000e+00    1.20000000e+00   -1.08964086e-04   -1.08541387e-04
   8.12969953e-08    1.20000000e+00    1.20000000e+00   -1.00428533e-04   -1.03734560e-04
   8.12992181e-08    1.20000000e+00    1.20000000e+00   -9.04649523e-05   -9.41418479e-05
   8.13014410e-08    1.20000000e+00    1.20000000e+00   -7.88920896e-05   -7.71450323e-05
   8.13036639e-08    1.20000000e+00    1.20000000e+00   -6.57891499e-05   -5.15260342e-05
   8.13058867e-08    1.20000000e+00    1.20000000e+00   -5.15463550e-05   -1.71081524e-05
   8.13081096e-08    1.20000000e+00    1.20000000e+00   -3.70199614e-05    2.50015438e-05
   8.13103324e-08    1.20000000e+00    1.20000000e+00   -2.27459966e-05    7.28631946e-05
   8.13123330e-08    1.20000000e+00    1.20000000e+00   -1.02729982e-05    1.19162845e-04
   8.13143336e-08    1.20000000e+00    1.20000000e+00    1.76673071e-06    1.66873176e-04
   8.13163342e-08    1.20000000e+00    1.20000000e+00    1.33009381e-05    2.14485920e-04
   8.13183347e-08    1.20000000e+00    1.20000000e+00    2.42478179e-05    2.60641023e-04
   8.13203353e-08    1.20000000e+00    1.20000000e+00    3.45139094e-05    3.04179916e-04
   8.13223359e-08    1.20000000e+00    1.20000000e+00    4.39975256e-05    3.44159527e-04
   8.13243365e-08    1.20000000e+00    1.20000000e+00    5.25961070e-05    3.79849214e-04
   8.13263370e-08    1.20000000e+00    1.20000000e+00    6.02156495e-05    4.10724918e-04
   8.13283376e-08    1.20000000e+00    1.20000000e+00    6.67800289e-05    4.36463334e-04
   8.13303382e-08    1.20000000e+00    1.20000000e+00    7.22383782e-05    4.56932616e-04
   8.13323388e-08    1.20000000e+00    1.20000000e+00    7.65695744e-05    4.72176522e-04
   8.13343393e-08    1.20000000e+00    1.20000000e+00    7.97840909e-05    4.82391652e-04
   8.13363399e-08    1.20000000e+00    1.20000000e+00    8.19249603e-05    4.87899545e-04
   8.13383405e-08    1.20000000e+00    1.20000000e+00    8.30720072e-05    4.89116232e-04
   8.13403411e-08    1.20000000e+00    1.20000000e+00    8.33579970e-05    4.86521833e-04
   8.13423416e-08    1.20000000e+00    1.20000000e+00    8.30093523e-05    4.80632142e-04
   8.13443422e-08    1.20000000e+00    1.20000000e+00    8.24008102e-05    4.71973280e-04
   8.13463428e-08    1.20000000e+00    1.20000000e+00    8.20169685e-05    4.61059352e-04
   8.13483434e-08    1.20000000e+00    1.20000000e+00    8.22266145e-05    4.48373055e-04
   8.13503439e-08    1.20000000e+00    1.20000000e+00    8.31256735e-05    4.34355122e-04
   8.13523445e-08    1.20000000e+00    1.20000000e+00    8.46301779e-05    4.19415583e-04
   8.13543451e-08    1.20000000e+00    1.20000000e+00    8.65828796e-05    4.03950820e-04
   8.13563457e-08    1.20000000e+00    1.20000000e+00    8.87595498e-05    3.88332599e-04
   8.13583462e-08    1.20000000e+00    1.20000000e+00    9.08475548e-05    3.72888042e-04
   8.13603468e-08    1.20000000e+00    1.20000000e+00    9.24507322e-05    3.57894588e-04
   8.13623474e-08    1.20000000e+00    1.20000000e+00    9.31199108e-05    3.43583521e-04
   8.13643480e-08    1.20000000e+00    1.20000000e+00    9.23997412e-05    3.30140788e-04
   8.13663485e-08    1.20000000e+00    1.20000000e+00    8.99082613e-05    3.17701395e-04
   8.13683491e-08    1.20000000e+00    1.20000000e+00    8.54323281e-05    3.06340683e-04
   8.13703497e-08    1.20000000e+00    1.20000000e+00    7.89698293e-05    2.96068863e-04
   8.13723503e-08    1.20000000e+00    1.20000000e+00    7.07057935e-05    2.86832520e-04
   8.13743508e-08    1.20000000e+00    1.20000000e+00    6.09594245e-05    2.78521054e-04
   8.13763514e-08    1.20000000e+00    1.20000000e+00    5.01276204e-05    2.70972885e-04
   8.13783520e-08    1.20000000e+00    1.20000000e+00    3.86350212e-05    2.63977466e-04
   8.13803525e-08    1.20000000e+00    1.20000000e+00    2.68946358e-05    2.57272407e-04
   8.13823531e-08    1.20000000e+00    1.20000000e+00    1.52802260e-05    2.50537849e-04
   8.13843537e-08    1.20000000e+00    1.20000000e+00    4.10967311e-06    2.43392216e-04
   8.13863543e-08    1.20000000e+00    1.20000000e+00   -6.36258666e-06    2.35394292e-04
   8.13883548e-08    1.20000000e+00    1.20000000e+00   -1.59463690e-05    2.26055465e-04
   8.13903554e-08    1.20000000e+00    1.20000000e+00   -2.45119779e-05    2.14862236e-04
   8.13923560e-08    1.20000000e+00    1.20000000e+00   -3.19836863e-05    2.01303580e-04
   8.13943566e-08    1.20000000e+00    1.20000000e+00   -3.83318416e-05    1.84893794e-04
   8.13963571e-08    1.20000000e+00    1.20000000e+00   -4.35645681e-05    1.65182452e-04
   8.13983577e-08    1.20000000e+00    1.20000000e+00   -4.77197150e-05    1.41748783e-04
   8.14003583e-08    1.20000000e+00    1.20000000e+00   -5.08574449e-05    1.14184374e-04
   8.14023589e-08    1.20000000e+00    1.20000000e+00   -5.30536812e-05    8.20713755e-05
   8.14043594e-08    1.20000000e+00    1.20000000e+00   -5.43945027e-05    4.49625846e-05
   8.14063600e-08    1.20000000e+00    1.20000000e+00   -5.49714904e-05    2.36685263e-06
   8.14103612e-08    1.20000000e+00    1.20000000e+00   -5.42497114e-05   -1.01730258e-04
   8.14143623e-08    1.20000000e+00    1.20000000e+00   -5.15527527e-05   -2.34974041e-04
   8.14183635e-08    1.20000000e+00    1.20000000e+00   -4.75206887e-05   -4.03281435e-04
   8.14223646e-08    1.20000000e+00    1.20000000e+00   -4.26939842e-05   -6.13426524e-04
   8.14263658e-08    1.20000000e+00    1.20000000e+00   -3.75029998e-05   -8.73128895e-04
   8.14303669e-08    1.20000000e+00    1.20000000e+00   -3.22723780e-05   -1.19134284e-03
   8.14343681e-08    1.20000000e+00    1.20000000e+00   -2.72333019e-05   -1.57877029e-03
   8.14383692e-08    1.20000000e+00    1.20000000e+00   -2.25390081e-05   -2.04816642e-03
   8.14423703e-08    1.20000000e+00    1.20000000e+00   -1.82807101e-05   -2.61028107e-03
   8.14463715e-08    1.20000000e+00    1.20000000e+00   -1.45023277e-05   -3.26660095e-03
   8.14503726e-08    1.20000000e+00    1.20000000e+00   -1.12132463e-05   -4.01166231e-03
   8.14543738e-08    1.20000000e+00    1.20000000e+00   -8.39885438e-06   -4.84287366e-03
   8.14583749e-08    1.20000000e+00    1.20000000e+00   -6.02891157e-06   -5.76416606e-03
   8.14623761e-08    1.20000000e+00    1.20000000e+00   -4.06396597e-06   -6.78580110e-03
   8.14663772e-08    1.20000000e+00    1.20000000e+00   -2.46010752e-06   -7.92496983e-03
   8.14703784e-08    1.20000000e+00    1.20000000e+00   -1.17235864e-06   -9.20823197e-03
   8.14743795e-08    1.20000000e+00    1.20000000e+00   -1.56985127e-07   -1.06773934e-02
   8.14783807e-08    1.20000000e+00    1.20000000e+00    6.27023651e-07   -1.23971963e-02
   8.14823818e-08    1.20000000e+00    1.20000000e+00    1.21709534e-06   -1.44150112e-02
   8.14863830e-08    1.20000000e+00    1.20000000e+00    1.64666538e-06   -1.66042308e-02
   8.14903841e-08    1.20000000e+00    1.20000000e+00    1.94508302e-06   -1.85873574e-02
   8.14943853e-08    1.20000000e+00    1.20000000e+00    2.13772871e-06   -1.98156980e-02
   8.14983864e-08    1.20000000e+00    1.20000000e+00    2.24626459e-06   -1.96118061e-02
   8.15023876e-08    1.20000000e+00    1.20000000e+00    2.28896081e-06   -1.71752005e-02
   8.15063887e-08    1.20000000e+00    1.20000000e+00    2.28105683e-06   -1.16455892e-02
   8.15103899e-08    1.20000000e+00    1.20000000e+00    2.23512951e-06   -2.33557032e-03
   8.15143910e-08    1.20000000e+00    1.20000000e+00    2.16144931e-06    1.11403874e-02
   8.15183922e-08    1.20000000e+00    1.20000000e+00    2.06831321e-06    2.90198242e-02
   8.15223933e-08    1.20000000e+00    1.20000000e+00    1.96234785e-06    5.14225415e-02
   8.15263945e-08    1.20000000e+00    1.20000000e+00    1.84878011e-06    7.83198064e-02
   8.15303956e-08    1.20000000e+00    1.20000000e+00    1.73167474e-06    1.09513530e-01
   8.15343968e-08    1.20000000e+00    1.20000000e+00    1.61414029e-06    1.44628819e-01
   8.15383979e-08    1.20000000e+00    1.20000000e+00    1.49850553e-06    1.83134200e-01
   8.15423991e-08    1.20000000e+00    1.20000000e+00    1.38646905e-06    2.24396698e-01
   8.15464002e-08    1.20000000e+00    1.20000000e+00    1.27922497e-06    2.67756346e-01
   8.15504014e-08    1.20000000e+00    1.20000000e+00    1.17756766e-06    3.12592556e-01
   8.15544025e-08    1.20000000e+00    1.20000000e+00    1.08197841e-06    3.58364081e-01
   8.15584037e-08    1.20000000e+00    1.20000000e+00    9.92696420e-07    4.04621424e-01
   8.15624048e-08    1.20000000e+00    1.20000000e+00    9.09776674e-07    4.51000439e-01
   8.15664060e-08    1.20000000e+00    1.20000000e+00    8.33136670e-07    4.97206840e-01
   8.15704071e-08    1.20000000e+00    1.20000000e+00    7.62593882e-07    5.42998343e-01
   8.15744082e-08    1.20000000e+00    1.20000000e+00    6.97895515e-07    5.88168010e-01
   8.15784094e-08    1.20000000e+00    1.20000000e+00    6.38741938e-07    6.32530259e-01
   8.15824105e-08    1.20000000e+00    1.20000000e+00    5.84804919e-07    6.75910002e-01
   8.15864117e-08    1.20000000e+00    1.20000000e+00    5.35741656e-07    7.18134937e-01
   8.15904128e-08    1.20000000e+00    1.20000000e+00    4.91205392e-07    7.59030980e-01
   8.15944140e-08    1.20000000e+00    1.20000000e+00    4.50853317e-07    7.98420883e-01
   8.15984151e-08    1.20000000e+00    1.20000000e+00    4.14352281e-07    8.36126119e-01
   8.16024163e-08    1.20000000e+00    1.20000000e+00    3.81382808e-07    8.71971940e-01
   8.16064174e-08    1.20000000e+00    1.20000000e+00    3.51641754e-07    9.05795222e-01
   8.16104186e-08    1.20000000e+00    1.20000000e+00    3.24843933e-07    9.37454170e-01
   8.16144197e-08    1.20000000e+00    1.20000000e+00    3.00722950e-07    9.66838454e-01
   8.16184209e-08    1.20000000e+00    1.20000000e+00    2.79031423e-07    9.93878023e-01
   8.16224220e-08    1.20000000e+00    1.20000000e+00    2.59540777e-07    1.01854889e+00
   8.16264232e-08    1.20000000e+00    1.20000000e+00    2.42040707e-07    1.04087477e+00
   8.16304243e-08    1.20000000e+00    1.20000000e+00    2.26338421e-07    1.06092426e+00
   8.16344255e-08    1.20000000e+00    1.20000000e+00    2.12257740e-07    1.07880428e+00
   8.16384266e-08    1.20000000e+00    1.20000000e+00    1.99638100e-07    1.09465111e+00
   8.16424278e-08    1.20000000e+00    1.20000000e+00    1.88333522e-07    1.10862053e+00
   8.16464289e-08    1.20000000e+00    1.20000000e+00    1.78211557e-07    1.12087853e+00
   8.16504301e-08    1.20000000e+00    1.20000000e+00    1.69152254e-07    1.13159331e+00
   8.16544312e-08    1.20000000e+00    1.20000000e+00    1.61047153e-07    1.14092910e+00
   8.16584324e-08    1.20000000e+00    1.20000000e+00    1.53798323e-07    1.14904189e+00
   8.16624335e-08    1.20000000e+00    1.20000000e+00    1.47317450e-07    1.15607660e+00
   8.16664347e-08    1.20000000e+00    1.20000000e+00    1.41524979e-07    1.16216571e+00
   8.16704358e-08    1.20000000e+00    1.20000000e+00    1.36349319e-07    1.16742871e+00
   8.16744370e-08    1.20000000e+00    1.20000000e+00    1.31726094e-07    1.17197234e+00
   8.16784381e-08    1.20000000e+00    1.20000000e+00    1.27597470e-07    1.17589115e+00
   8.16824393e-08    1.20000000e+00    1.20000000e+00    1.23911517e-07    1.17926841e+00
   8.16864404e-08    1.20000000e+00    1.20000000e+00    1.20621637e-07    1.18217709e+00
   8.16944427e-08    1.20000000e+00    1.20000000e+00    1.15051323e-07    1.18685745e+00
   8.17024450e-08    1.20000000e+00    1.20000000e+00    1.10623883e-07    1.19031450e+00
   8.17104473e-08    1.20000000e+00    1.20000000e+00    1.07108862e-07    1.19286499e+00
   8.17184496e-08    1.20000000e+00    1.20000000e+00    1.04321699e-07    1.19474511e+00
   8.17344542e-08    1.20000000e+00    1.20000000e+00    1.00327182e-07    1.19719270e+00
   8.17500003e-08    1.20000000e+00    1.20000000e+00    9.79121491e-08    1.19847107e+00
   8.17502004e-08    1.20000000e+00    1.19711917e+00    9.78883922e-08    1.19848257e+00
   8.17506005e-08    1.20000000e+00    1.19135752e+00    9.78414437e-08    1.19850523e+00
   8.17514007e-08    1.20000000e+00    1.17983420e+00    9.77486649e-08    1.19854987e+00
   8.17530012e-08    1.20000000e+00    1.15678758e+00    9.75696662e-08    1.19863521e+00
   8.17562021e-08    1.20000000e+00    1.11069433e+00    9.72364638e-08    1.19879124e+00
   8.17626039e-08    1.20000000e+00    1.01850783e+00    9.66588032e-08    1.19905258e+00
   8.17754076e-08    1.20000000e+00    8.34134836e-01    9.57893634e-08    1.19942193e+00
   8.17882113e-08    1.20000000e+00    6.49761839e-01    9.52117354e-08    1.19964680e+00
   8.18010149e-08    1.20000000e+00    4.65388843e-01    9.48342115e-08    1.19978381e+00
   8.18026330e-08    1.20000000e+00    4.42089290e-01    9.47987849e-08    1.19979618e+00
   8.18042510e-08    1.20000000e+00    4.18789737e-01    9.47643390e-08    1.19980817e+00
   8.18074870e-08    1.20000000e+00    3.72190631e-01    9.47010613e-08    1.19983009e+00
   8.18107231e-08    1.20000000e+00    3.25591525e-01    9.46447497e-08    1.19984948e+00
   8.18139591e-08    1.20000000e+00    2.78992420e-01    9.45947588e-08    1.19986662e+00
   8.18171952e-08    1.20000000e+00    2.32393314e-01    9.45504993e-08    1.19988179e+00
   8.18204312e-08    1.20000000e+00    1.85794208e-01    9.45114352e-08    1.19989521e+00
   8.18236673e-08    1.20000000e+00    1.39195102e-01    9.44770771e-08    1.19990708e+00
   8.18269033e-08    1.20000000e+00    9.25959962e-02    9.44469798e-08    1.19991758e+00
   8.18301394e-08    1.20000000e+00    4.59968903e-02    9.44207376e-08    1.19992687e+00
   8.18333336e-08    1.20000000e+00   -1.46549439e-14    9.43982551e-08    1.19993499e+00
   8.18336572e-08    1.20000000e+00    0.00000000e+00    9.43961719e-08    1.19993576e+00
   8.18339058e-08    1.20000000e+00    0.00000000e+00    9.43945898e-08    1.19993634e+00
   8.18344031e-08    1.20000000e+00    0.00000000e+00    9.43914616e-08    1.19993750e+00
   8.18353976e-08    1.20000000e+00    0.00000000e+00    9.43854189e-08    1.19993975e+00
   8.18373866e-08    1.20000000e+00    0.00000000e+00    9.43741562e-08    1.19994399e+00
   8.18413646e-08    1.20000000e+00    0.00000000e+00    9.43546759e-08    1.19995152e+00
   8.18493206e-08    1.20000000e+00    0.00000000e+00    9.43261657e-08    1.19996359e+00
   8.18652326e-08    1.20000000e+00    0.00000000e+00    9.43000482e-08    1.19997949e+00
   8.18811447e-08    1.20000000e+00    0.00000000e+00    9.43018491e-08    1.19998831e+00
   8.18970567e-08    1.20000000e+00    0.00000000e+00    9.43189603e-08    1.19999323e+00
   8.19129687e-08    1.20000000e+00    0.00000000e+00    9.43436882e-08    1.19999597e+00
   8.19288808e-08    1.20000000e+00    0.00000000e+00    9.43714202e-08    1.19999752e+00
   8.19447928e-08    1.20000000e+00    0.00000000e+00    9.43994662e-08    1.19999841e+00
   8.19591136e-08    1.20000000e+00    0.00000000e+00    9.44237278e-08    1.19999889e+00
   8.19720024e-08    1.20000000e+00    0.00000000e+00    9.44442448e-08    1.19999917e+00
   8.19836022e-08    1.20000000e+00    0.00000000e+00    9.44614554e-08    1.19999936e+00
   8.19952021e-08    1.20000000e+00    0.00000000e+00    9.44774132e-08    1.19999950e+00
   8.20068020e-08    1.20000000e+00    0.00000000e+00    9.44921165e-08    1.19999961e+00
   8.20184018e-08    1.20000000e+00    0.00000000e+00    9.45055987e-08    1.19999970e+00
   8.20300017e-08    1.20000000e+00    0.00000000e+00    9.45179147e-08    1.19999976e+00
   8.20416016e-08    1.20000000e+00    0.00000000e+00    9.45291331e-08    1.19999981e+00
   8.20532015e-08    1.20000000e+00    0.00000000e+00    9.45393283e-08    1.19999985e+00
   8.20648013e-08    1.20000000e+00    0.00000000e+00    9.45485772e-08    1.19999987e+00
   8.20764012e-08    1.20000000e+00    0.00000000e+00    9.45569553e-08    1.19999989e+00
   8.20880011e-08    1.20000000e+00    0.00000000e+00    9.45645364e-08    1.19999990e+00
   8.21112008e-08    1.20000000e+00    0.00000000e+00    9.45776107e-08    1.19999992e+00
   8.21576003e-08    1.20000000e+00    0.00000000e+00    9.45971032e-08    1.19999994e+00
   8.22503992e-08    1.20000000e+00    0.00000000e+00    9.46189825e-08    1.19999998e+00
   8.23339183e-08    1.20000000e+00    0.00000000e+00    9.46273469e-08    1.19999999e+00
   8.24174374e-08    1.20000000e+00    0.00000000e+00    9.46311400e-08    1.19999999e+00
   8.25009564e-08    1.20000000e+00    0.00000000e+00    9.46328622e-08    1.19999999e+00
   8.26679946e-08    1.20000000e+00    0.00000000e+00    9.46340901e-08    1.19999999e+00
   8.30020708e-08    1.20000000e+00    0.00000000e+00    9.46343342e-08    1.19999999e+00
   8.33361471e-08    1.20000000e+00    0.00000000e+00    9.46342850e-08    1.19999999e+00
   8.36250000e-08    1.20000000e+00    0.00000000e+00    9.46342944e-08    1.19999999e+00
   8.36252094e-08    1.19250000e+00    0.00000000e+00   -3.05728774e-07    1.19999927e+00
   8.36254188e-08    1.18500000e+00    0.00000000e+00   -6.85600166e-07    1.19999858e+00
   8.36256281e-08    1.17750000e+00    0.00000000e+00   -1.05544733e-06    1.19999790e+00
   8.36260469e-08    1.16250000e+00    0.00000000e+00   -1.73715021e-06    1.19999666e+00
   8.36268844e-08    1.13250000e+00    0.00000000e+00   -2.88928002e-06    1.19999455e+00
   8.36285594e-08    1.07250000e+00    0.00000000e+00   -4.49590696e-06    1.19999153e+00
   8.36319094e-08    9.52500000e-01    0.00000000e+00   -5.85668710e-06    1.19998865e+00
   8.36386094e-08    7.12500000e-01    0.00000000e+00   -6.08482483e-06    1.19998698e+00
   8.36446394e-08    4.96500000e-01    0.00000000e+00   -2.85493200e-06    1.19999177e+00
   8.36451810e-08    4.77098129e-01    0.00000000e+00   -2.08638570e-06    1.19999309e+00
   8.36457226e-08    4.57696258e-01    0.00000000e+00   -1.26558226e-06    1.19999450e+00
   8.36468059e-08    4.18892517e-01    0.00000000e+00    6.27109917e-07    1.19999780e+00
   8.36478892e-08    3.80088775e-01    0.00000000e+00    2.80357825e-06    1.20000165e+00
   8.36489725e-08    3.41285034e-01    0.00000000e+00    5.20212138e-06    1.20000595e+00
   8.36500557e-08    3.02481292e-01    0.00000000e+00    7.77261520e-06    1.20001061e+00
   8.36511390e-08    2.63677551e-01    0.00000000e+00    1.04725804e-05    1.20001558e+00
   8.36522223e-08    2.24873809e-01    0.00000000e+00    1.32631077e-05    1.20002080e+00
   8.36533055e-08    1.86070067e-01    0.00000000e+00    1.61074687e-05    1.20002622e+00
   8.36543888e-08    1.47266326e-01    0.00000000e+00    1.89710139e-05    1.20003176e+00
   8.36554721e-08    1.08462584e-01    0.00000000e+00    2.18214155e-05    1.20003739e+00
   8.36565554e-08    6.96588427e-02    0.00000000e+00    2.46289020e-05    1.20004306e+00
   8.36576386e-08    3.08551011e-02    0.00000000e+00    2.73663921e-05    1.20004871e+00
   8.36585000e-08    3.43058915e-13    0.00000000e+00    2.94773563e-05    1.20005317e+00
   8.36586083e-08    0.00000000e+00    0.00000000e+00    3.00245199e-05    1.20005425e+00
   8.36586859e-08    0.00000000e+00    0.00000000e+00    3.04092965e-05    1.20005501e+00
   8.36587634e-08    0.00000000e+00    0.00000000e+00    3.07906236e-05    1.20005576e+00
   8.36589185e-08    0.00000000e+00    0.00000000e+00    3.15327939e-05    1.20005724e+00
   8.36592287e-08    0.00000000e+00    0.00000000e+00    3.29369346e-05    1.20006005e+00
   8.36598491e-08    0.00000000e+00    0.00000000e+00    3.54380529e-05    1.20006513e+00
   8.36610898e-08    0.00000000e+00    0.00000000e+00    3.93163087e-05    1.20007340e+00
   8.36635714e-08    0.00000000e+00    0.00000000e+00    4.33384759e-05    1.20008363e+00
   8.36660529e-08    0.00000000e+00    0.00000000e+00    4.34619436e-05    1.20008733e+00
   8.36685344e-08    0.00000000e+00    0.00000000e+00    4.09144675e-05    1.20008651e+00
   8.36734974e-08    0.00000000e+00    0.00000000e+00    3.16569823e-05    1.20007731e+00
   8.36784605e-08    0.00000000e+00    0.00000000e+00    2.02284600e-05    1.20006318e+00
   8.36834235e-08    0.00000000e+00    0.00000000e+00    9.42984213e-06    1.20004846e+00
   8.36883866e-08    0.00000000e+00    0.00000000e+00    4.18367967e-07    1.20003507e+00
   8.36933496e-08    0.00000000e+00    0.00000000e+00   -6.59003462e-06    1.20002318e+00
   8.36983126e-08    0.00000000e+00    0.00000000e+00   -1.17614705e-05    1.20001145e+00
   8.37032757e-08    0.00000000e+00    0.00000000e+00   -1.65137614e-05    1.19999804e+00
   8.37077424e-08    0.00000000e+00    0.00000000e+00   -2.19649783e-05    1.19998322e+00
   8.37117625e-08    0.00000000e+00    0.00000000e+00   -2.81698607e-05    1.19996702e+00
   8.37153517e-08    0.00000000e+00    0.00000000e+00   -3.46146325e-05    1.19995012e+00
   8.37185041e-08    0.00000000e+00    0.00000000e+00   -4.07806824e-05    1.19993341e+00
   8.37213266e-08    0.00000000e+00    0.00000000e+00   -4.63732487e-05    1.19991699e+00
   8.37238669e-08    0.00000000e+00    0.00000000e+00   -5.10877702e-05    1.19990144e+00
   8.37264072e-08    0.00000000e+00    0.00000000e+00   -5.51649631e-05    1.19988631e+00
   8.37289474e-08    0.00000000e+00    0.00000000e+00   -5.83525672e-05    1.19987295e+00
   8.37314877e-08    0.00000000e+00    0.00000000e+00   -6.04734193e-05    1.19986230e+00
   8.37340280e-08    0.00000000e+00    0.00000000e+00   -6.14246562e-05    1.19985474e+00
   8.37365683e-08    0.00000000e+00    0.00000000e+00   -6.11694259e-05    1.19985028e+00
   8.37391085e-08    0.00000000e+00    0.00000000e+00   -5.97130973e-05    1.19984873e+00
   8.37416488e-08    0.00000000e+00    0.00000000e+00   -5.70381203e-05    1.19984974e+00
   8.37441891e-08    0.00000000e+00    0.00000000e+00   -5.30731471e-05    1.19985269e+00
   8.37467293e-08    0.00000000e+00    0.00000000e+00   -4.79282722e-05    1.19985637e+00
   8.37492696e-08    0.00000000e+00    0.00000000e+00   -4.18646278e-05    1.19985923e+00
   8.37518099e-08    0.00000000e+00    0.00000000e+00   -3.48200752e-05    1.19986150e+00
   8.37543502e-08    0.00000000e+00    0.00000000e+00   -2.62431486e-05    1.19986469e+00
   8.37568904e-08    0.00000000e+00    0.00000000e+00   -1.60800273e-05    1.19986977e+00
   8.37594307e-08    0.00000000e+00    0.00000000e+00   -6.03588574e-06    1.19987715e+00
   8.37619710e-08    0.00000000e+00    0.00000000e+00    2.71838517e-06    1.19988692e+00
   8.37645113e-08    0.00000000e+00    0.00000000e+00    1.03657092e-05    1.19989904e+00
   8.37670515e-08    0.00000000e+00    0.00000000e+00    1.73760975e-05    1.19991337e+00
   8.37695918e-08    0.00000000e+00    0.00000000e+00    2.40589192e-05    1.19992970e+00
   8.37718781e-08    0.00000000e+00    0.00000000e+00    2.98517791e-05    1.19994583e+00
   8.37739357e-08    0.00000000e+00    0.00000000e+00    3.48003424e-05    1.19996119e+00
   8.37759933e-08    0.00000000e+00    0.00000000e+00    3.93466252e-05    1.19997698e+00
   8.37780509e-08    0.00000000e+00    0.00000000e+00    4.33276108e-05    1.19999278e+00
   8.37801085e-08    0.00000000e+00    0.00000000e+00    4.65986821e-05    1.20000817e+00
   8.37821662e-08    0.00000000e+00    0.00000000e+00    4.90573786e-05    1.20002275e+00
   8.37842238e-08    0.00000000e+00    0.00000000e+00    5.06533850e-05    1.20003619e+00
   8.37862814e-08    0.00000000e+00    0.00000000e+00    5.13874253e-05    1.20004825e+00
   8.37883390e-08    0.00000000e+00    0.00000000e+00    5.13032763e-05    1.20005878e+00
   8.37903967e-08    0.00000000e+00    0.00000000e+00    5.04767497e-05    1.20006772e+00
   8.37924543e-08    0.00000000e+00    0.00000000e+00    4.90043635e-05    1.20007506e+00
   8.37945119e-08    0.00000000e+00    0.00000000e+00    4.69932668e-05    1.20008088e+00
   8.37965695e-08    0.00000000e+00    0.00000000e+00    4.45531095e-05    1.20008526e+00
   8.37986271e-08    0.00000000e+00    0.00000000e+00    4.17899883e-05    1.20008834e+00
   8.38027424e-08    0.00000000e+00    0.00000000e+00    3.57136674e-05    1.20009122e+00
   8.38068576e-08    0.00000000e+00    0.00000000e+00    2.93633693e-05    1.20009057e+00
   8.38109729e-08    0.00000000e+00    0.00000000e+00    2.32160058e-05    1.20008741e+00
   8.38150881e-08    0.00000000e+00    0.00000000e+00    1.75801701e-05    1.20008260e+00
   8.38192034e-08    0.00000000e+00    0.00000000e+00    1.26248631e-05    1.20007684e+00
   8.38274338e-08    0.00000000e+00    0.00000000e+00    4.91302632e-06    1.20006440e+00
   8.38356643e-08    0.00000000e+00    0.00000000e+00   -9.82600216e-08    1.20005227e+00
   8.38438948e-08    0.00000000e+00    0.00000000e+00   -2.97634709e-06    1.20004155e+00
   8.38521253e-08    0.00000000e+00    0.00000000e+00   -4.37106020e-06    1.20003254e+00
   8.38685863e-08    0.00000000e+00    0.00000000e+00   -4.85538912e-06    1.20001906e+00
   8.38850473e-08    0.00000000e+00    0.00000000e+00   -3.98030922e-06    1.20001039e+00
   8.39015082e-08    0.00000000e+00    0.00000000e+00   -2.94943585e-06    1.20000498e+00
   8.39179692e-08    0.00000000e+00    0.00000000e+00   -2.11233480e-06    1.20000164e+00
   8.39344302e-08    0.00000000e+00    0.00000000e+00   -1.49994251e-06    1.19999962e+00
   8.39492451e-08    0.00000000e+00    0.00000000e+00   -1.10205397e-06    1.19999851e+00
   8.39625784e-08    0.00000000e+00    0.00000000e+00   -8.34849214e-07    1.19999791e+00
   8.39745529e-08    0.00000000e+00    0.00000000e+00   -6.49188878e-07    1.19999758e+00
   8.39853298e-08    0.00000000e+00    0.00000000e+00   -5.15683224e-07    1.19999742e+00
   8.39961068e-08    0.00000000e+00    0.00000000e+00   -4.07095667e-07    1.19999734e+00
   8.40068837e-08    0.00000000e+00    0.00000000e+00   -3.18447407e-07    1.19999733e+00
   8.40176607e-08    0.00000000e+00    0.00000000e+00   -2.45857009e-07    1.19999737e+00
   8.40284377e-08    0.00000000e+00    0.00000000e+00   -1.86271900e-07    1.19999744e+00
   8.40392146e-08    0.00000000e+00    0.00000000e+00   -1.37269868e-07    1.19999753e+00
   8.40499916e-08    0.00000000e+00    0.00000000e+00   -9.69129563e-08    1.19999764e+00
   8.40607685e-08    0.00000000e+00    0.00000000e+00   -6.36394999e-08    1.19999776e+00
   8.40693969e-08    0.00000000e+00    0.00000000e+00   -4.12687077e-08    1.19999787e+00
   8.40764497e-08    0.00000000e+00    0.00000000e+00   -2.53752886e-08    1.19999796e+00
   8.40827972e-08    0.00000000e+00    0.00000000e+00   -1.26771400e-08    1.19999805e+00
   8.40885100e-08    0.00000000e+00    0.00000000e+00   -2.40830378e-09    1.19999812e+00
   8.40942228e-08    0.00000000e+00    0.00000000e+00    6.87447623e-09    1.19999820e+00
   8.40999355e-08    0.00000000e+00    0.00000000e+00    1.52665854e-08    1.19999828e+00
   8.41056483e-08    0.00000000e+00    0.00000000e+00    2.28540276e-08    1.19999836e+00
   8.41113611e-08    0.00000000e+00    0.00000000e+00    2.97143828e-08    1.19999843e+00
   8.41170739e-08    0.00000000e+00    0.00000000e+00    3.59176579e-08    1.19999846e+00
   8.41227866e-08    0.00000000e+00    0.00000000e+00    4.15270479e-08    1.19999845e+00
   8.41284994e-08    0.00000000e+00    0.00000000e+00    4.65996136e-08    1.19999841e+00
   8.41342122e-08    0.00000000e+00    0.00000000e+00    5.11868905e-08    1.19999835e+00
   8.41393537e-08    0.00000000e+00    0.00000000e+00    5.49385145e-08    1.19999829e+00
   8.41444952e-08    0.00000000e+00    0.00000000e+00    5.83657324e-08    1.19999825e+00
   8.41496367e-08    0.00000000e+00    0.00000000e+00    6.14966565e-08    1.19999823e+00
   8.41547782e-08    0.00000000e+00    0.00000000e+00    6.43569523e-08    1.19999824e+00
   8.41599197e-08    0.00000000e+00    0.00000000e+00    6.69700532e-08    1.19999827e+00
   8.41650612e-08    0.00000000e+00    0.00000000e+00    6.93573562e-08    1.19999833e+00
   8.41702027e-08    0.00000000e+00    0.00000000e+00    7.15384009e-08    1.19999840e+00
   8.41753442e-08    0.00000000e+00    0.00000000e+00    7.35310312e-08    1.19999847e+00
   8.41804857e-08    0.00000000e+00    0.00000000e+00    7.53515438e-08    1.19999855e+00
   8.41907687e-08    0.00000000e+00    0.00000000e+00    7.85404129e-08    1.19999870e+00
   8.42113347e-08    0.00000000e+00    0.00000000e+00    8.34555116e-08    1.19999896e+00
   8.42319007e-08    0.00000000e+00    0.00000000e+00    8.68679937e-08    1.19999914e+00
   8.42524667e-08    0.00000000e+00    0.00000000e+00    8.92375475e-08    1.19999927e+00
   8.42730327e-08    0.00000000e+00    0.00000000e+00    9.08831345e-08    1.19999937e+00
   8.42935986e-08    0.00000000e+00    0.00000000e+00    9.20261132e-08    1.19999945e+00
   8.43141646e-08    0.00000000e+00    0.00000000e+00    9.28201279e-08    1.19999951e+00
   8.43347306e-08    0.00000000e+00    0.00000000e+00    9.33718303e-08    1.19999957e+00
   8.43758626e-08    0.00000000e+00    0.00000000e+00    9.40372939e-08    1.19999967e+00
   8.44169946e-08    0.00000000e+00    0.00000000e+00    9.43508921e-08    1.19999974e+00
   8.44581266e-08    0.00000000e+00    0.00000000e+00    9.44989851e-08    1.19999980e+00
   8.44992586e-08    0.00000000e+00    0.00000000e+00    9.45691420e-08    1.19999984e+00
   8.45815226e-08    0.00000000e+00    0.00000000e+00    9.46221549e-08    1.19999990e+00
   8.47460505e-08    0.00000000e+00    0.00000000e+00    9.46355708e-08    1.19999996e+00
   8.49105785e-08    0.00000000e+00    0.00000000e+00    9.46338692e-08    1.19999998e+00
   8.50751064e-08    0.00000000e+00    0.00000000e+00    9.46343310e-08    1.19999999e+00
   8.52396344e-08    0.00000000e+00    0.00000000e+00    9.46342779e-08    1.19999999e+00
   8.55686903e-08    0.00000000e+00    0.00000000e+00    9.46342989e-08    1.19999999e+00
   8.60000000e-08    0.00000000e+00    0.00000000e+00    9.46342899e-08    1.19999999e+00
   8.60002094e-08    7.50000000e-03    0.00000000e+00    7.87092920e-07    1.20000062e+00
   8.60004188e-08    1.50000000e-02    0.00000000e+00    1.45483592e-06    1.20000121e+00
   8.60006281e-08    2.25000000e-02    0.00000000e+00    2.11039174e-06    1.20000179e+00
   8.60010469e-08    3.75000000e-02    0.00000000e+00    3.34922876e-06    1.20000286e+00
   8.60018844e-08    6.75000000e-02    0.00000000e+00    5.55032496e-06    1.20000469e+00
   8.60035594e-08    1.27500000e-01    0.00000000e+00    8.95383235e-06    1.20000731e+00
   8.60069094e-08    2.47500000e-01    0.00000000e+00    1.26317907e-05    1.20000966e+00
   8.60102594e-08    3.67500000e-01    0.00000000e+00    1.34108516e-05    1.20000970e+00
   8.60136094e-08    4.87500000e-01    0.00000000e+00    1.26661496e-05    1.20000878e+00
   8.60146628e-08    5.25235902e-01    0.00000000e+00    1.22221451e-05    1.20000839e+00
   8.60167698e-08    6.00707706e-01    0.00000000e+00    1.11369724e-05    1.20000747e+00
   8.60174577e-08    6.25351239e-01    0.00000000e+00    1.06407525e-05    1.20000707e+00
   8.60188337e-08    6.74638306e-01    0.00000000e+00    9.41980072e-06    1.20000609e+00
   8.60215855e-08    7.73212440e-01    0.00000000e+00    4.95382294e-06    1.20000253e+00
   8.60220016e-08    7.88117468e-01    0.00000000e+00    3.92950358e-06    1.20000172e+00
   8.60224177e-08    8.03022496e-01    0.00000000e+00    2.82970546e-06    1.20000085e+00
   8.60232499e-08    8.32832551e-01    0.00000000e+00    2.43864264e-07    1.19999880e+00
   8.60240821e-08    8.62642607e-01    0.00000000e+00   -2.92168261e-06    1.19999631e+00
   8.60249143e-08    8.92452662e-01    0.00000000e+00   -6.72764703e-06    1.19999333e+00
   8.60257465e-08    9.22262717e-01    0.00000000e+00   -1.11706785e-05    1.19998987e+00
   8.60265787e-08    9.52072773e-01    0.00000000e+00   -1.61804842e-05    1.19998601e+00
   8.60274109e-08    9.81882828e-01    0.00000000e+00   -2.16812851e-05    1.19998180e+00
   8.60282431e-08    1.01169288e+00    0.00000000e+00   -2.76271131e-05    1.19997730e+00
   8.60290753e-08    1.04150294e+00    0.00000000e+00   -3.39923678e-05    1.19997251e+00
   8.60299075e-08    1.07131299e+00    0.00000000e+00   -4.07566879e-05    1.19996743e+00
   8.60307397e-08    1.10112305e+00    0.00000000e+00   -4.78970235e-05    1.19996207e+00
   8.60315719e-08    1.13093311e+00    0.00000000e+00   -5.53845933e-05    1.19995644e+00
   8.60324041e-08    1.16074316e+00    0.00000000e+00   -6.31839257e-05    1.19995055e+00
   8.60332363e-08    1.19055322e+00    0.00000000e+00   -7.12526627e-05    1.19994443e+00
   8.60335000e-08    1.20000000e+00    0.00000000e+00   -7.38595916e-05    1.19994245e+00
   8.60335467e-08    1.20000000e+00    0.00000000e+00   -7.44180156e-05    1.19994201e+00
   8.60335879e-08    1.20000000e+00    0.00000000e+00   -7.49065804e-05    1.19994162e+00
   8.60336291e-08    1.20000000e+00    0.00000000e+00   -7.53933012e-05    1.19994124e+00
   8.60337114e-08    1.20000000e+00    0.00000000e+00   -7.63552966e-05    1.19994048e+00
   8.60338761e-08    1.20000000e+00    0.00000000e+00   -7.82338540e-05    1.19993902e+00
   8.60342055e-08    1.20000000e+00    0.00000000e+00   -8.18121326e-05    1.19993625e+00
   8.60348643e-08    1.20000000e+00    0.00000000e+00   -8.82775683e-05    1.19993132e+00
   8.60361820e-08    1.20000000e+00    0.00000000e+00   -9.86475554e-05    1.19992364e+00
   8.60388173e-08    1.20000000e+00    0.00000000e+00   -1.10782602e-04    1.19991492e+00
   8.60414526e-08    1.20000000e+00    0.00000000e+00   -1.13798847e-04    1.19991148e+00
   8.60440879e-08    1.20000000e+00    0.00000000e+00   -1.10062972e-04    1.19990631e+00
   8.60464596e-08    1.20000000e+00    0.00000000e+00   -1.02497518e-04    1.19989764e+00
   8.60485942e-08    1.20000000e+00    0.00000000e+00   -9.33938558e-05    1.19988843e+00
   8.60507288e-08    1.20000000e+00    0.00000000e+00   -8.27345275e-05    1.19987813e+00
   8.60528634e-08    1.20000000e+00    0.00000000e+00   -7.06489454e-05    1.19986642e+00
   8.60549980e-08    1.20000000e+00    0.00000000e+00   -5.73021828e-05    1.19985323e+00
   8.60571326e-08    1.20000000e+00    0.00000000e+00   -4.33779152e-05    1.19983887e+00
   8.60592671e-08    1.20000000e+00    0.00000000e+00   -2.95276749e-05    1.19982395e+00
   8.60614017e-08    1.20000000e+00    0.00000000e+00   -1.60213476e-05    1.19980924e+00
   8.60635363e-08    1.20000000e+00    0.00000000e+00   -2.96993640e-06    1.19979547e+00
   8.60656709e-08    1.20000000e+00    0.00000000e+00    9.54008629e-06    1.19978327e+00
   8.60678055e-08    1.20000000e+00    0.00000000e+00    2.14142251e-05    1.19977317e+00
   8.60699401e-08    1.20000000e+00    0.00000000e+00    3.25430751e-05    1.19976551e+00
   8.60720747e-08    1.20000000e+00    0.00000000e+00    4.28049860e-05    1.19976045e+00
   8.60742093e-08    1.20000000e+00    0.00000000e+00    5.20750669e-05    1.19975800e+00
   8.60763438e-08    1.20000000e+00    0.00000000e+00    6.02378215e-05    1.19975799e+00
   8.60784784e-08    1.20000000e+00    0.00000000e+00    6.72000775e-05    1.19976012e+00
   8.60806130e-08    1.20000000e+00    0.00000000e+00    7.29012570e-05    1.19976400e+00
   8.60827476e-08    1.20000000e+00    0.00000000e+00    7.73194645e-05    1.19976918e+00
   8.60848822e-08    1.20000000e+00    0.00000000e+00    8.04738702e-05    1.19977517e+00
   8.60870168e-08    1.20000000e+00    0.00000000e+00    8.24264841e-05    1.19978150e+00
   8.60891514e-08    1.20000000e+00    0.00000000e+00    8.32909338e-05    1.19978777e+00
   8.60912859e-08    1.20000000e+00    0.00000000e+00    8.32639154e-05    1.19979362e+00
   8.60934205e-08    1.20000000e+00    0.00000000e+00    8.26939973e-05    1.19979883e+00
   8.60955551e-08    1.20000000e+00    0.00000000e+00    8.21221223e-05    1.19980329e+00
   8.60976897e-08    1.20000000e+00    0.00000000e+00    8.20909571e-05    1.19980704e+00
   8.60998243e-08    1.20000000e+00    0.00000000e+00    8.28369771e-05    1.19981021e+00
   8.61019589e-08    1.20000000e+00    0.00000000e+00    8.43058932e-05    1.19981300e+00
   8.61040935e-08    1.20000000e+00    0.00000000e+00    8.63223835e-05    1.19981551e+00
   8.61062280e-08    1.20000000e+00    0.00000000e+00    8.86287471e-05    1.19981767e+00
   8.61083626e-08    1.20000000e+00    0.00000000e+00    9.08566422e-05    1.19981904e+00
   8.61104972e-08    1.20000000e+00    0.00000000e+00    9.25291843e-05    1.19981888e+00
   8.61126318e-08    1.20000000e+00    0.00000000e+00    9.31014496e-05    1.19981609e+00
   8.61147664e-08    1.20000000e+00    0.00000000e+00    9.20270229e-05    1.19980938e+00
   8.61169010e-08    1.20000000e+00    0.00000000e+00    8.88722243e-05    1.19979743e+00
   8.61190356e-08    1.20000000e+00    0.00000000e+00    8.34385459e-05    1.19977907e+00
   8.61211702e-08    1.20000000e+00    0.00000000e+00    7.57970594e-05    1.19975348e+00
   8.61233047e-08    1.20000000e+00    0.00000000e+00    6.62394734e-05    1.19972034e+00
   8.61254393e-08    1.20000000e+00    0.00000000e+00    5.52014029e-05    1.19968000e+00
   8.61275739e-08    1.20000000e+00    0.00000000e+00    4.31875579e-05    1.19963359e+00
   8.61297085e-08    1.20000000e+00    0.00000000e+00    3.07097641e-05    1.19958310e+00
   8.61318431e-08    1.20000000e+00    0.00000000e+00    1.82417761e-05    1.19953149e+00
   8.61339777e-08    1.20000000e+00    0.00000000e+00    6.19091879e-06    1.19948254e+00
   8.61361123e-08    1.20000000e+00    0.00000000e+00   -5.11587967e-06    1.19944072e+00
   8.61382468e-08    1.20000000e+00    0.00000000e+00   -1.54351697e-05    1.19941094e+00
   8.61403814e-08    1.20000000e+00    0.00000000e+00   -2.46026953e-05    1.19939834e+00
   8.61425160e-08    1.20000000e+00    0.00000000e+00   -3.25247040e-05    1.19940816e+00
   8.61446506e-08    1.20000000e+00    0.00000000e+00   -3.91670947e-05    1.19944565e+00
   8.61467852e-08    1.20000000e+00    0.00000000e+00   -4.45439612e-05    1.19951602e+00
   8.61489198e-08    1.20000000e+00    0.00000000e+00   -4.87065384e-05    1.19962445e+00
   8.61510544e-08    1.20000000e+00    0.00000000e+00   -5.17331466e-05    1.19977605e+00
   8.61531890e-08    1.20000000e+00    0.00000000e+00   -5.37204381e-05    1.19997587e+00
   8.61553235e-08    1.20000000e+00    0.00000000e+00   -5.47760523e-05    1.20022886e+00
   8.61574581e-08    1.20000000e+00    0.00000000e+00   -5.50126551e-05    1.20053976e+00
   8.61595927e-08    1.20000000e+00    0.00000000e+00   -5.45432623e-05    1.20091292e+00
   8.61617273e-08    1.20000000e+00    0.00000000e+00   -5.34777036e-05    1.20135186e+00
   8.61638619e-08    1.20000000e+00    0.00000000e+00   -5.19200661e-05    1.20185871e+00
   8.61659965e-08    1.20000000e+00    0.00000000e+00   -4.99669580e-05    1.20243376e+00
   8.61681311e-08    1.20000000e+00    0.00000000e+00   -4.77064375e-05    1.20307575e+00
   8.61702656e-08    1.20000000e+00    0.00000000e+00   -4.52174721e-05    1.20378263e+00
   8.61724002e-08    1.20000000e+00    0.00000000e+00   -4.25698056e-05    1.20455212e+00
   8.61745348e-08    1.20000000e+00    0.00000000e+00   -3.98241326e-05    1.20538175e+00
   8.61766694e-08    1.20000000e+00    0.00000000e+00   -3.70324929e-05    1.20626885e+00
   8.61788040e-08    1.20000000e+00    0.00000000e+00   -3.42388173e-05    1.20721053e+00
   8.61809386e-08    1.20000000e+00    0.00000000e+00   -3.14795684e-05    1.20820378e+00
   8.61830732e-08    1.20000000e+00    0.00000000e+00   -2.87844330e-05    1.20924553e+00
   8.61852077e-08    1.20000000e+00    0.00000000e+00   -2.61770317e-05    1.21033276e+00
   8.61873423e-08    1.20000000e+00    0.00000000e+00   -2.36756214e-05    1.21146260e+00
   8.61894769e-08    1.20000000e+00    0.00000000e+00   -2.12937725e-05    1.21263243e+00
   8.61916115e-08    1.20000000e+00    0.00000000e+00   -1.90410075e-05    1.21384000e+00
   8.61937461e-08    1.20000000e+00    0.00000000e+00   -1.69233944e-05    1.21508344e+00
   8.61958807e-08    1.20000000e+00    0.00000000e+00   -1.49440893e-05    1.21636142e+00
   8.62001499e-08    1.20000000e+00    0.00000000e+00   -1.13996363e-05    1.21901886e+00
   8.62044190e-08    1.20000000e+00    0.00000000e+00   -8.39171726e-06    1.22181440e+00
   8.62086882e-08    1.20000000e+00    0.00000000e+00   -5.88561778e-06    1.22475851e+00
   8.62129574e-08    1.20000000e+00    0.00000000e+00   -3.83436326e-06    1.22786096e+00
   8.62172265e-08    1.20000000e+00    0.00000000e+00   -2.18525984e-06    1.23108992e+00
   8.62214957e-08    1.20000000e+00    0.00000000e+00   -8.84462565e-07    1.23428169e+00
   8.62257649e-08    1.20000000e+00    0.00000000e+00    1.19995921e-07    1.23706652e+00
   8.62300341e-08    1.20000000e+00    0.00000000e+00    8.76339209e-07    1.23880891e+00
   8.62343032e-08    1.20000000e+00    0.00000000e+00    1.42803048e-06    1.23851234e+00
   8.62385724e-08    1.20000000e+00    0.00000000e+00    1.81335504e-06    1.23474367e+00
   8.62428416e-08    1.20000000e+00    0.00000000e+00    2.06540820e-06    1.22559803e+00
   8.62471108e-08    1.20000000e+00    0.00000000e+00    2.21234252e-06    1.20888558e+00
   8.62509530e-08    1.20000000e+00    0.00000000e+00    2.27404996e-06    1.18624520e+00
   8.62544110e-08    1.20000000e+00    0.00000000e+00    2.28503301e-06    1.15945592e+00
   8.62578691e-08    1.20000000e+00    0.00000000e+00    2.26319562e-06    1.12660267e+00
   8.62613271e-08    1.20000000e+00    0.00000000e+00    2.21596476e-06    1.08793511e+00
   8.62647851e-08    1.20000000e+00    0.00000000e+00    2.14955425e-06    1.04391744e+00
   8.62682432e-08    1.20000000e+00    0.00000000e+00    2.06912078e-06    9.95171397e-01
   8.62717012e-08    1.20000000e+00    0.00000000e+00    1.97890719e-06    9.42411620e-01
   8.62751592e-08    1.20000000e+00    0.00000000e+00    1.88237204e-06    8.86389627e-01
   8.62786173e-08    1.20000000e+00    0.00000000e+00    1.78230547e-06    8.27852740e-01
   8.62820753e-08    1.20000000e+00    0.00000000e+00    1.68093176e-06    7.67519485e-01
   8.62855333e-08    1.20000000e+00    0.00000000e+00    1.57999934e-06    7.06070012e-01
   8.62889913e-08    1.20000000e+00    0.00000000e+00    1.48085913e-06    6.44148819e-01
   8.62924494e-08    1.20000000e+00    0.00000000e+00    1.38453220e-06    5.82376969e-01
   8.62959074e-08    1.20000000e+00    0.00000000e+00    1.29176793e-06    5.21370810e-01
   8.62993654e-08    1.20000000e+00    0.00000000e+00    1.20309366e-06    4.61763380e-01
   8.63028235e-08    1.20000000e+00    0.00000000e+00    1.11885672e-06    4.04222244e-01
   8.63062815e-08    1.20000000e+00    0.00000000e+00    1.03925997e-06    3.49453791e-01
   8.63097395e-08    1.20000000e+00    0.00000000e+00    9.64391603e-07    2.98181560e-01
   8.63131976e-08    1.20000000e+00    0.00000000e+00    8.94249931e-07    2.51090018e-01
   8.63166556e-08    1.20000000e+00    0.00000000e+00    8.28764034e-07    2.08739707e-01
   8.63201136e-08    1.20000000e+00    0.00000000e+00    7.67810708e-07    1.71479823e-01
   8.63235716e-08    1.20000000e+00    0.00000000e+00    7.11228371e-07    1.39394053e-01
   8.63270297e-08    1.20000000e+00    0.00000000e+00    6.58828355e-07    1.12302632e-01
   8.63304877e-08    1.20000000e+00    0.00000000e+00    6.10404022e-07    8.98159657e-02
   8.63339457e-08    1.20000000e+00    0.00000000e+00    5.65738035e-07    7.14143257e-02
   8.63374038e-08    1.20000000e+00    0.00000000e+00    5.24608121e-07    5.65259623e-02
   8.63408618e-08    1.20000000e+00    0.00000000e+00    4.86791561e-07    4.45869383e-02
   8.63443198e-08    1.20000000e+00    0.00000000e+00    4.52068640e-07    3.50784883e-02
   8.63477779e-08    1.20000000e+00    0.00000000e+00    4.20225249e-07    2.75453024e-02
   8.63512359e-08    1.20000000e+00    0.00000000e+00    3.91054788e-07    2.16005857e-02
   8.63546939e-08    1.20000000e+00    0.00000000e+00    3.64359510e-07    1.69232500e-02
   8.63581519e-08    1.20000000e+00    0.00000000e+00    3.39951409e-07    1.32511433e-02
   8.63616100e-08    1.20000000e+00    0.00000000e+00    3.17652757e-07    1.03728059e-02
   8.63650680e-08    1.20000000e+00    0.00000000e+00    2.97296348e-07    8.11918007e-03
   8.63685260e-08    1.20000000e+00    0.00000000e+00    2.78725533e-07    6.35599865e-03
   8.63754421e-08    1.20000000e+00    0.00000000e+00    2.46305039e-07    3.86971602e-03
   8.63823582e-08    1.20000000e+00    0.00000000e+00    2.19419665e-07    2.36148604e-03
   8.63892742e-08    1.20000000e+00    0.00000000e+00    1.97165843e-07    1.44582005e-03
   8.63961903e-08    1.20000000e+00    0.00000000e+00    1.78774535e-07    8.88874947e-04
   8.64031063e-08    1.20000000e+00    0.00000000e+00    1.63595611e-07    5.49224902e-04
   8.64169385e-08    1.20000000e+00    0.00000000e+00    1.40601164e-07    2.00714890e-04
   8.64446027e-08    1.20000000e+00    0.00000000e+00    1.13945651e-07    1.24782889e-05
   8.64722669e-08    1.20000000e+00    0.00000000e+00    1.02354919e-07    4.29797648e-06
   8.64999312e-08    1.20000000e+00    0.00000000e+00    9.74148833e-08    1.98462336e-06
   8.65000000e-08    1.20000000e+00    0.00000000e+00    9.74076327e-08    1.98153056e-06
   8.65000688e-08    1.20000000e+00    9.91105888e-04    9.74004048e-08    1.98003479e-06
   8.65001377e-08    1.20000000e+00    1.98221178e-03    9.73931916e-08    1.97851657e-06
   8.65002753e-08    1.20000000e+00    3.96442355e-03    9.73787959e-08    1.97543583e-06
   8.65005506e-08    1.20000000e+00    7.92884711e-03    9.73501840e-08    1.96901432e-06
   8.65011012e-08    1.20000000e+00    1.58576942e-02    9.72936724e-08    1.95519237e-06
   8.65022025e-08    1.20000000e+00    3.17153884e-02    9.71834421e-08    1.92409431e-06
   8.65044049e-08    1.20000000e+00    6.34307768e-02    9.69737241e-08    1.85133857e-06
   8.65088098e-08    1.20000000e+00    1.26861554e-01    9.65940584e-08    1.68346527e-06
   8.65176197e-08    1.20000000e+00    2.53723107e-01    9.59713848e-08    1.34707297e-06
   8.65352393e-08    1.20000000e+00    5.07446215e-01    9.51336013e-08    8.63125716e-07
   8.65449870e-08    1.20000000e+00    6.47813559e-01    9.48847952e-08    7.11908549e-07
   8.65482929e-08    1.20000000e+00    6.95418105e-01    9.48091676e-08    6.56755533e-07
   8.65515988e-08    1.20000000e+00    7.43022651e-01    9.47377111e-08    5.95328294e-07
   8.65582105e-08    1.20000000e+00    8.38231743e-01    9.46175695e-08    4.51202398e-07
   8.65637619e-08    1.20000000e+00    9.18172337e-01    9.45372609e-08    3.30492451e-07
   8.65687099e-08    1.20000000e+00    9.89422847e-01    9.44789294e-08    2.45311245e-07
   8.65736578e-08    1.20000000e+00    1.06067336e+00    9.44312209e-08    1.87790539e-07
   8.65786058e-08    1.20000000e+00    1.13192387e+00    9.43926266e-08    1.59452691e-07
   8.65833333e-08    1.20000000e+00    1.20000000e+00    9.43630685e-08    1.57495009e-07
   8.65836013e-08    1.20000000e+00    1.20000000e+00    9.43615994e-08    1.54973449e-07
   8.65838350e-08    1.20000000e+00    1.20000000e+00    9.43603329e-08    1.53641709e-07
   8.65843023e-08    1.20000000e+00    1.20000000e+00    9.43578292e-08    1.52593569e-07
   8.65852370e-08    1.20000000e+00    1.20000000e+00    9.43529941e-08    1.58925356e-07
   8.65871065e-08    1.20000000e+00    1.20000000e+00    9.43439873e-08    1.94920539e-07
   8.65889759e-08    1.20000000e+00    1.20000000e+00    9.43358272e-08    2.49196138e-07
   8.65908453e-08    1.20000000e+00    1.20000000e+00    9.43284638e-08    3.09408577e-07
   8.65945841e-08    1.20000000e+00    1.20000000e+00    9.43159218e-08    4.19559397e-07
   8.66020618e-08    1.20000000e+00    1.20000000e+00    9.42983756e-08    5.45417608e-07
   8.66170172e-08    1.20000000e+00    1.20000000e+00    9.42857806e-08    4.97230029e-07
   8.66304771e-08    1.20000000e+00    1.20000000e+00    9.42924021e-08    3.20524147e-07
   8.66439369e-08    1.20000000e+00    1.20000000e+00    9.43087399e-08    1.88179067e-07
   8.66573967e-08    1.20000000e+00    1.20000000e+00    9.43303756e-08    1.20809586e-07
   8.66708566e-08    1.20000000e+00    1.20000000e+00    9.43544417e-08    9.90773454e-08
   8.66829704e-08    1.20000000e+00    1.20000000e+00    9.43766680e-08    1.01801702e-07
   8.66938729e-08    1.20000000e+00    1.20000000e+00    9.43963805e-08    1.07238531e-07
   8.67036851e-08    1.20000000e+00    1.20000000e+00    9.44135404e-08    1.03672977e-07
   8.67134974e-08    1.20000000e+00    1.20000000e+00    9.44299580e-08    9.00592210e-08
   8.67233096e-08    1.20000000e+00    1.20000000e+00    9.44455259e-08    7.19843634e-08
   8.67331218e-08    1.20000000e+00    1.20000000e+00    9.44601868e-08    5.62826103e-08
   8.67429340e-08    1.20000000e+00    1.20000000e+00    9.44739191e-08    4.71260939e-08
   8.67527463e-08    1.20000000e+00    1.20000000e+00    9.44867268e-08    4.53748482e-08
   8.67625585e-08    1.20000000e+00    1.20000000e+00    9.44986313e-08    4.97209111e-08
   8.67723707e-08    1.20000000e+00    1.20000000e+00    9.45096659e-08    5.79797236e-08
   8.67821829e-08    1.20000000e+00    1.20000000e+00    9.45198714e-08    6.79773237e-08
   8.67919952e-08    1.20000000e+00    1.20000000e+00    9.45292931e-08    7.80019278e-08
   8.68018074e-08    1.20000000e+00    1.20000000e+00    9.45379782e-08    8.69371908e-08
   8.68214318e-08    1.20000000e+00    1.20000000e+00    9.45533527e-08    9.97430906e-08
   8.68606807e-08    1.20000000e+00    1.20000000e+00    9.45774235e-08    1.08307076e-07
   8.68999296e-08    1.20000000e+00    1.20000000e+00    9.45944240e-08    1.04709931e-07
   8.69391785e-08    1.20000000e+00    1.20000000e+00    9.46063687e-08    9.98972234e-08
   8.69784274e-08    1.20000000e+00    1.20000000e+00    9.46147420e-08    9.71318430e-08
   8.70569252e-08    1.20000000e+00    1.20000000e+00    9.46249426e-08    9.51889094e-08
   8.71354230e-08    1.20000000e+00    1.20000000e+00    9.46298221e-08    9.49246570e-08
   8.72924186e-08    1.20000000e+00    1.20000000e+00    9.46335230e-08    9.47517114e-08
   8.76064099e-08    1.20000000e+00    1.20000000e+00    9.46344247e-08    9.46574867e-08
   8.79204011e-08    1.20000000e+00    1.20000000e+00    9.46342711e-08    9.46454654e-08
   8.82343923e-08    1.20000000e+00    1.20000000e+00    9.46342971e-08    9.46409886e-08
   8.83750000e-08    1.20000000e+00    1.20000000e+00    9.46342940e-08    9.46401133e-08
   8.83752094e-08    1.19250000e+00    1.20000000e+00   -3.05729204e-07   -3.04407745e-07
   8.83754188e-08    1.18500000e+00    1.20000000e+00   -6.85601010e-07   -6.83051622e-07
   8.83756281e-08    1.17750000e+00    1.20000000e+00   -1.05544858e-06   -1.05171399e-06
   8.83760469e-08    1.16250000e+00    1.20000000e+00   -1.73715223e-06   -1.73129105e-06
   8.83768844e-08    1.13250000e+00    1.20000000e+00   -2.88928339e-06   -2.88003317e-06
   8.83785594e-08    1.07250000e+00    1.20000000e+00   -4.49591222e-06   -4.48257489e-06
   8.83819094e-08    9.52500000e-01    1.20000000e+00   -5.85669357e-06   -5.84139906e-06
   8.83886094e-08    7.12500000e-01    1.20000000e+00   -6.08482933e-06   -6.06966297e-06
   8.83946394e-08    4.96500000e-01    1.20000000e+00   -2.85493080e-06   -2.84599036e-06
   8.83951896e-08    4.76791126e-01    1.20000000e+00   -2.07298583e-06   -2.06605738e-06
   8.83957398e-08    4.57082252e-01    1.20000000e+00   -1.23717715e-06   -1.23247539e-06
   8.83968402e-08    4.17664505e-01    1.20000000e+00    6.92654832e-07    6.91799847e-07
   8.83979406e-08    3.78246757e-01    1.20000000e+00    2.91320393e-06    2.90548324e-06
   8.83990410e-08    3.38829010e-01    1.20000000e+00    5.36026205e-06    5.34464438e-06
   8.84001414e-08    2.99411262e-01    1.20000000e+00    7.98186492e-06    7.95755746e-06
   8.84012418e-08    2.59993515e-01    1.20000000e+00    1.07338380e-05    1.07002372e-05
   8.84023423e-08    2.20575767e-01    1.20000000e+00    1.35756175e-05    1.35322847e-05
   8.84034427e-08    1.81158020e-01    1.20000000e+00    1.64689198e-05    1.64155681e-05
   8.84045431e-08    1.41740272e-01    1.20000000e+00    1.93776971e-05    1.93141823e-05
   8.84056435e-08    1.02322525e-01    1.20000000e+00    2.22684086e-05    2.21947205e-05
   8.84067439e-08    6.29047772e-02    1.20000000e+00    2.51102621e-05    2.50265154e-05
   8.84078443e-08    2.34870297e-02    1.20000000e+00    2.78753410e-05    2.77817670e-05
   8.84085000e-08    3.72590847e-13    1.20000000e+00    2.94766569e-05    2.93773792e-05
   8.84086100e-08    0.00000000e+00    1.20000000e+00    3.00322651e-05    2.99310459e-05
   8.84086893e-08    0.00000000e+00    1.20000000e+00    3.04252161e-05    3.03226220e-05
   8.84087686e-08    0.00000000e+00    1.20000000e+00    3.08145656e-05    3.07106082e-05
   8.84089271e-08    0.00000000e+00    1.20000000e+00    3.15718817e-05    3.14652678e-05
   8.84092441e-08    0.00000000e+00    1.20000000e+00    3.30028351e-05    3.28911843e-05
   8.84098782e-08    0.00000000e+00    1.20000000e+00    3.55445704e-05    3.54239126e-05
   8.84111463e-08    0.00000000e+00    1.20000000e+00    3.94588732e-05    3.93241705e-05
   8.84136825e-08    0.00000000e+00    1.20000000e+00    4.34201398e-05    4.32708575e-05
   8.84162187e-08    0.00000000e+00    1.20000000e+00    4.33693642e-05    4.32199663e-05
   8.84187549e-08    0.00000000e+00    1.20000000e+00    4.06011313e-05    4.04617804e-05
   8.84238273e-08    0.00000000e+00    1.20000000e+00    3.09307959e-05    3.08276266e-05
   8.84288998e-08    0.00000000e+00    1.20000000e+00    1.92313512e-05    1.91728771e-05
   8.84339722e-08    0.00000000e+00    1.20000000e+00    8.34179391e-06    8.32525142e-06
   8.84390447e-08    0.00000000e+00    1.20000000e+00   -6.27549742e-07   -6.12738222e-07
   8.84441171e-08    0.00000000e+00    1.20000000e+00   -7.50405929e-06   -7.50337748e-06
   8.84491895e-08    0.00000000e+00    1.20000000e+00   -1.25790145e-05   -1.26870441e-05
   8.84542620e-08    0.00000000e+00    1.20000000e+00   -1.75974449e-05   -1.78546447e-05
   8.84588271e-08    0.00000000e+00    1.20000000e+00   -2.35201373e-05   -2.39161473e-05
   8.84628003e-08    0.00000000e+00    1.20000000e+00   -2.99484786e-05   -3.04769409e-05
   8.84661963e-08    0.00000000e+00    1.20000000e+00   -3.62267022e-05   -3.68864656e-05
   8.84691468e-08    0.00000000e+00    1.20000000e+00   -4.20611045e-05   -4.28671275e-05
   8.84718022e-08    0.00000000e+00    1.20000000e+00   -4.72886476e-05   -4.82611524e-05
   8.84741920e-08    0.00000000e+00    1.20000000e+00   -5.16507295e-05   -5.27936531e-05
   8.84765819e-08    0.00000000e+00    1.20000000e+00   -5.54149139e-05   -5.67334952e-05
   8.84789718e-08    0.00000000e+00    1.20000000e+00   -5.83771798e-05   -5.98616222e-05
   8.84813616e-08    0.00000000e+00    1.20000000e+00   -6.03927353e-05   -6.20195582e-05
   8.84837515e-08    0.00000000e+00    1.20000000e+00   -6.13750281e-05   -6.31124727e-05
   8.84861414e-08    0.00000000e+00    1.20000000e+00   -6.12898503e-05   -6.31181683e-05
   8.84885312e-08    0.00000000e+00    1.20000000e+00   -6.01397329e-05   -6.21220995e-05
   8.84909211e-08    0.00000000e+00    1.20000000e+00   -5.79207613e-05   -6.03376594e-05
   8.84933110e-08    0.00000000e+00    1.20000000e+00   -5.45730637e-05   -5.77791376e-05
   8.84957008e-08    0.00000000e+00    1.20000000e+00   -5.01148499e-05   -5.37717938e-05
   8.84980907e-08    0.00000000e+00    1.20000000e+00   -4.47637451e-05   -4.72960863e-05
   8.85004806e-08    0.00000000e+00    1.20000000e+00   -3.86319475e-05   -3.75105011e-05
   8.85028704e-08    0.00000000e+00    1.20000000e+00   -3.14394668e-05   -2.38334972e-05
   8.85052603e-08    0.00000000e+00    1.20000000e+00   -2.26980303e-05   -5.91183669e-06
   8.85076502e-08    0.00000000e+00    1.20000000e+00   -1.29518106e-05    1.55032301e-05
   8.85100400e-08    0.00000000e+00    1.20000000e+00   -3.79983350e-06    3.80351937e-05
   8.85124299e-08    0.00000000e+00    1.20000000e+00    4.17237242e-06    5.98667005e-05
   8.85148198e-08    0.00000000e+00    1.20000000e+00    1.12437872e-05    8.01815279e-05
   8.85172096e-08    0.00000000e+00    1.20000000e+00    1.78004613e-05    9.84301380e-05
   8.85195995e-08    0.00000000e+00    1.20000000e+00    2.40815956e-05    1.14070040e-04
   8.85217504e-08    0.00000000e+00    1.20000000e+00    2.95403205e-05    1.25461109e-04
   8.85239013e-08    0.00000000e+00    1.20000000e+00    3.47250617e-05    1.33902730e-04
   8.85260521e-08    0.00000000e+00    1.20000000e+00    3.94726525e-05    1.39094871e-04
   8.85282030e-08    0.00000000e+00    1.20000000e+00    4.35978399e-05    1.40873975e-04
   8.85303539e-08    0.00000000e+00    1.20000000e+00    4.69378972e-05    1.39248542e-04
   8.85325048e-08    0.00000000e+00    1.20000000e+00    4.93814078e-05    1.34403891e-04
   8.85346556e-08    0.00000000e+00    1.20000000e+00    5.08793565e-05    1.26678380e-04
   8.85368065e-08    0.00000000e+00    1.20000000e+00    5.14423829e-05    1.16521750e-04
   8.85389574e-08    0.00000000e+00    1.20000000e+00    5.11299138e-05    1.04447638e-04
   8.85411083e-08    0.00000000e+00    1.20000000e+00    5.00361540e-05    9.09893853e-05
   8.85432592e-08    0.00000000e+00    1.20000000e+00    4.82762733e-05    7.66641782e-05
   8.85454100e-08    0.00000000e+00    1.20000000e+00    4.59745671e-05    6.19472016e-05
   8.85475609e-08    0.00000000e+00    1.20000000e+00    4.32552598e-05    4.72553606e-05
   8.85497118e-08    0.00000000e+00    1.20000000e+00    4.02359566e-05    3.29390542e-05
   8.85518627e-08    0.00000000e+00    1.20000000e+00    3.70234187e-05    1.92801477e-05
   8.85561644e-08    0.00000000e+00    1.20000000e+00    3.04083403e-05   -5.22244330e-06
   8.85604662e-08    0.00000000e+00    1.20000000e+00    2.39365230e-05   -2.53331319e-05
   8.85647680e-08    0.00000000e+00    1.20000000e+00    1.79869514e-05   -4.07124160e-05
   8.85690697e-08    0.00000000e+00    1.20000000e+00    1.27680448e-05   -5.15335589e-05
   8.85733715e-08    0.00000000e+00    1.20000000e+00    8.36050010e-06   -5.82803551e-05
   8.85776732e-08    0.00000000e+00    1.20000000e+00    4.75833290e-06   -6.15894042e-05
   8.85819750e-08    0.00000000e+00    1.20000000e+00    1.90255279e-06   -6.21393386e-05
   8.85862768e-08    0.00000000e+00    1.20000000e+00   -2.93729122e-07   -6.05802580e-05
   8.85948803e-08    0.00000000e+00    1.20000000e+00   -3.13916018e-06   -5.35542576e-05
   8.86034838e-08    0.00000000e+00    1.20000000e+00   -4.45034965e-06   -4.37786278e-05
   8.86120873e-08    0.00000000e+00    1.20000000e+00   -4.81579145e-06   -3.35972347e-05
   8.86206908e-08    0.00000000e+00    1.20000000e+00   -4.65530244e-06   -2.42995745e-05
   8.86292943e-08    0.00000000e+00    1.20000000e+00   -4.23952903e-06   -1.64536538e-05
   8.86378979e-08    0.00000000e+00    1.20000000e+00   -3.72936469e-06   -1.01796772e-05
   8.86465014e-08    0.00000000e+00    1.20000000e+00   -3.21291819e-06   -5.35147066e-06
   8.86551049e-08    0.00000000e+00    1.20000000e+00   -2.73349107e-06   -1.75249074e-06
   8.86637084e-08    0.00000000e+00    1.20000000e+00   -2.30853280e-06    8.41198809e-07
   8.86723119e-08    0.00000000e+00    1.20000000e+00   -1.94157977e-06    2.63623695e-06
   8.86809154e-08    0.00000000e+00    1.20000000e+00   -1.62935228e-06    3.81449233e-06
   8.86895190e-08    0.00000000e+00    1.20000000e+00   -1.36574819e-06    4.52918954e-06
   8.86981225e-08    0.00000000e+00    1.20000000e+00   -1.14395391e-06    4.90420422e-06
   8.87067260e-08    0.00000000e+00    1.20000000e+00   -9.57466831e-07    5.03630888e-06
   8.87153295e-08    0.00000000e+00    1.20000000e+00   -8.00518247e-07    4.99900041e-06
   8.87239330e-08    0.00000000e+00    1.20000000e+00   -6.68185256e-07    4.84627692e-06
   8.87325365e-08    0.00000000e+00    1.20000000e+00   -5.56354617e-07    4.61619813e-06
   8.87411401e-08    0.00000000e+00    1.20000000e+00   -4.61626559e-07    4.33739240e-06
   8.87497436e-08    0.00000000e+00    1.20000000e+00   -3.81203328e-07    4.03274074e-06
   8.87574867e-08    0.00000000e+00    1.20000000e+00   -3.19166991e-07    3.74974333e-06
   8.87644205e-08    0.00000000e+00    1.20000000e+00   -2.70724155e-07    3.49631082e-06
   8.87706608e-08    0.00000000e+00    1.20000000e+00   -2.32124149e-07    3.27429870e-06
   8.87762772e-08    0.00000000e+00    1.20000000e+00   -2.00965784e-07    3.08503770e-06
   8.87818935e-08    0.00000000e+00    1.20000000e+00   -1.72834960e-07    2.90938455e-06
   8.87875098e-08    0.00000000e+00    1.20000000e+00   -1.47425739e-07    2.74878059e-06
   8.87931261e-08    0.00000000e+00    1.20000000e+00   -1.24465455e-07    2.60414753e-06
   8.87987424e-08    0.00000000e+00    1.20000000e+00   -1.03710659e-07    2.47730900e-06
   8.88043588e-08    0.00000000e+00    1.20000000e+00   -8.49436384e-08    2.37060542e-06
   8.88099751e-08    0.00000000e+00    1.20000000e+00   -6.79693922e-08    2.28164838e-06
   8.88150298e-08    0.00000000e+00    1.20000000e+00   -5.40826056e-08    2.20588432e-06
   8.88195790e-08    0.00000000e+00    1.20000000e+00   -4.26105277e-08    2.12860356e-06
   8.88241282e-08    0.00000000e+00    1.20000000e+00   -3.20293312e-08    2.03636161e-06
   8.88286774e-08    0.00000000e+00    1.20000000e+00   -2.22687974e-08    1.93128972e-06
   8.88332267e-08    0.00000000e+00    1.20000000e+00   -1.32644276e-08    1.82001137e-06
   8.88377759e-08    0.00000000e+00    1.20000000e+00   -4.95694358e-09    1.70957682e-06
   8.88423251e-08    0.00000000e+00    1.20000000e+00    2.70816088e-09    1.60512990e-06
   8.88468743e-08    0.00000000e+00    1.20000000e+00    9.78102679e-09    1.50941845e-06
   8.88514235e-08    0.00000000e+00    1.20000000e+00    1.63077975e-08    1.42324315e-06
   8.88559728e-08    0.00000000e+00    1.20000000e+00    2.23309523e-08    1.34614031e-06
   8.88605220e-08    0.00000000e+00    1.20000000e+00    2.78896095e-08    1.27698020e-06
   8.88696204e-08    0.00000000e+00    1.20000000e+00    3.77694586e-08    1.15652124e-06
   8.88878173e-08    0.00000000e+00    1.20000000e+00    5.34371998e-08    9.58621982e-07
   8.89060142e-08    0.00000000e+00    1.20000000e+00    6.47820546e-08    7.93235202e-07
   8.89242111e-08    0.00000000e+00    1.20000000e+00    7.29993072e-08    6.49844900e-07
   8.89424080e-08    0.00000000e+00    1.20000000e+00    7.89524025e-08    5.31156755e-07
   8.89606049e-08    0.00000000e+00    1.20000000e+00    8.32658231e-08    4.38316079e-07
   8.89788017e-08    0.00000000e+00    1.20000000e+00    8.63915497e-08    3.68168991e-07
   8.90151955e-08    0.00000000e+00    1.20000000e+00    9.03741847e-08    2.74588427e-07
   8.90515893e-08    0.00000000e+00    1.20000000e+00    9.24302520e-08    2.20308737e-07
   8.90879830e-08    0.00000000e+00    1.20000000e+00    9.34923347e-08    1.85732617e-07
   8.91243768e-08    0.00000000e+00    1.20000000e+00    9.40413956e-08    1.62437437e-07
   8.91971644e-08    0.00000000e+00    1.20000000e+00    9.44994651e-08    1.33768468e-07
   8.93427394e-08    0.00000000e+00    1.20000000e+00    9.46480039e-08    1.09232133e-07
   8.94883145e-08    0.00000000e+00    1.20000000e+00    9.46318937e-08    1.01258811e-07
   8.96338896e-08    0.00000000e+00    1.20000000e+00    9.46343951e-08    9.90109532e-08
   8.97794647e-08    0.00000000e+00    1.20000000e+00    9.46342302e-08    9.73039701e-08
   9.00706148e-08    0.00000000e+00    1.20000000e+00    9.46343082e-08    9.57063155e-08
   9.05456148e-08    0.00000000e+00    1.20000000e+00    9.46342848e-08    9.50964188e-08
   9.07500000e-08    0.00000000e+00    1.20000000e+00    9.46342949e-08    9.47099491e-08
   9.07502094e-08    7.50000000e-03    1.20000000e+00    7.87093350e-07    7.69638187e-07
   9.07504188e-08    1.50000000e-02    1.20000000e+00    1.45483673e-06    1.42036859e-06
   9.07506281e-08    2.25000000e-02    1.20000000e+00    2.11039291e-06    2.05917264e-06
   9.07510469e-08    3.75000000e-02    1.20000000e+00    3.34923055e-06    3.26607823e-06
   9.07518844e-08    6.75000000e-02    1.20000000e+00    5.55032759e-06    5.40967077e-06
   9.07535594e-08    1.27500000e-01    1.20000000e+00    8.95383554e-06    8.72297402e-06
   9.07569094e-08    2.47500000e-01    1.20000000e+00    1.26317928e-05    1.23045602e-05
   9.07602594e-08    3.67500000e-01    1.20000000e+00    1.34108517e-05    1.30677182e-05
   9.07636094e-08    4.87500000e-01    1.20000000e+00    1.26661484e-05    1.23460351e-05
   9.07646700e-08    5.25492320e-01    1.20000000e+00    1.22186767e-05    1.19094484e-05
   9.07667912e-08    6.01476961e-01    1.20000000e+00    1.11228216e-05    1.08378312e-05
   9.07674782e-08    6.26085711e-01    1.20000000e+00    1.06248779e-05    1.03498958e-05
   9.07688522e-08    6.75303212e-01    1.20000000e+00    9.39946620e-06    9.14883250e-06
   9.07716002e-08    7.73738212e-01    1.20000000e+00    4.92054400e-06    4.76279286e-06
   9.07720180e-08    7.88704966e-01    1.20000000e+00    3.88767146e-06    3.75194700e-06
   9.07724358e-08    8.03671720e-01    1.20000000e+00    2.77838722e-06    2.66621105e-06
   9.07732715e-08    8.33605229e-01    1.20000000e+00    1.68958167e-07    1.13796910e-07
   9.07741071e-08    8.63538737e-01    1.20000000e+00   -3.02699035e-06   -3.00835528e-06
   9.07749428e-08    8.93472245e-01    1.20000000e+00   -6.86967367e-06   -6.75403048e-06
   9.07757784e-08    9.23405753e-01    1.20000000e+00   -1.13531043e-05   -1.11118728e-05
   9.07766141e-08    9.53339261e-01    1.20000000e+00   -1.64047638e-05   -1.60105573e-05
   9.07774497e-08    9.83272769e-01    1.20000000e+00   -2.19489120e-05   -2.13793746e-05
   9.07782853e-08    1.01320628e+00    1.20000000e+00   -2.79402777e-05   -2.71767603e-05
   9.07791210e-08    1.04313979e+00    1.20000000e+00   -3.43534845e-05   -3.33792509e-05
   9.07799566e-08    1.07307329e+00    1.20000000e+00   -4.11679072e-05   -3.99674230e-05
   9.07807923e-08    1.10300680e+00    1.20000000e+00   -4.83599281e-05   -4.69188181e-05
   9.07816279e-08    1.13294031e+00    1.20000000e+00   -5.59000080e-05   -5.42052957e-05
   9.07824636e-08    1.16287382e+00    1.20000000e+00   -6.37517794e-05   -6.17922570e-05
   9.07832992e-08    1.19280733e+00    1.20000000e+00   -7.18718728e-05   -6.96385665e-05
   9.07835000e-08    1.20000000e+00    1.20000000e+00   -7.38587650e-05   -7.15585762e-05
   9.07835484e-08    1.20000000e+00    1.20000000e+00   -7.44368014e-05   -7.21178006e-05
   9.07835912e-08    1.20000000e+00    1.20000000e+00   -7.49452413e-05   -7.26096604e-05
   9.07836341e-08    1.20000000e+00    1.20000000e+00   -7.54516822e-05   -7.30995695e-05
   9.07837199e-08    1.20000000e+00    1.20000000e+00   -7.64521570e-05   -7.40672892e-05
   9.07838914e-08    1.20000000e+00    1.20000000e+00   -7.84038764e-05   -7.59547396e-05
   9.07842344e-08    1.20000000e+00    1.20000000e+00   -8.21136743e-05   -7.95410145e-05
   9.07849205e-08    1.20000000e+00    1.20000000e+00   -8.87861470e-05   -8.59867432e-05
   9.07862926e-08    1.20000000e+00    1.20000000e+00   -9.93730675e-05   -9.62016277e-05
   9.07890369e-08    1.20000000e+00    1.20000000e+00   -1.11359052e-04   -1.07775897e-04
   9.07917811e-08    1.20000000e+00    1.20000000e+00   -1.13696562e-04   -1.10508961e-04
   9.07945254e-08    1.20000000e+00    1.20000000e+00   -1.08964231e-04   -1.08541439e-04
   9.07969952e-08    1.20000000e+00    1.20000000e+00   -1.00428780e-04   -1.03734719e-04
   9.07992181e-08    1.20000000e+00    1.20000000e+00   -9.04652868e-05   -9.41422123e-05
   9.08014409e-08    1.20000000e+00    1.20000000e+00   -7.88925106e-05   -7.71457076e-05
   9.08036638e-08    1.20000000e+00    1.20000000e+00   -6.57896559e-05   -5.15271106e-05
   9.08058866e-08    1.20000000e+00    1.20000000e+00   -5.15469157e-05   -1.71096821e-05
   9.08081095e-08    1.20000000e+00    1.20000000e+00   -3.70205353e-05    2.49995675e-05
   9.08103323e-08    1.20000000e+00    1.20000000e+00   -2.27465581e-05    7.28608164e-05
   9.08123329e-08    1.20000000e+00    1.20000000e+00   -1.02735351e-05    1.19160165e-04
   9.08143335e-08    1.20000000e+00    1.20000000e+00    1.76622817e-06    1.66870271e-04
   9.08163340e-08    1.20000000e+00    1.20000000e+00    1.33004785e-05    2.14482879e-04
   9.08183346e-08    1.20000000e+00    1.20000000e+00    2.42474097e-05    2.60637938e-04
   9.08203352e-08    1.20000000e+00    1.20000000e+00    3.45135611e-05    3.04176880e-04
   9.08223357e-08    1.20000000e+00    1.20000000e+00    4.39972459e-05    3.44156628e-04
   9.08243363e-08    1.20000000e+00    1.20000000e+00    5.25959044e-05    3.79846534e-04
   9.08263369e-08    1.20000000e+00    1.20000000e+00    6.02155316e-05    4.10722528e-04
   9.08283374e-08    1.20000000e+00    1.20000000e+00    6.67800019e-05    4.36461294e-04
   9.08303380e-08    1.20000000e+00    1.20000000e+00    7.22384460e-05    4.56930971e-04
   9.08323386e-08    1.20000000e+00    1.20000000e+00    7.65697386e-05    4.72175301e-04
   9.08343391e-08    1.20000000e+00    1.20000000e+00    7.97843500e-05    4.82390870e-04
   9.08363397e-08    1.20000000e+00    1.20000000e+00    8.19253105e-05    4.87899201e-04
   9.08383403e-08    1.20000000e+00    1.20000000e+00    8.30724430e-05    4.89116314e-04
   9.08403408e-08    1.20000000e+00    1.20000000e+00    8.33585134e-05    4.86522315e-04
   9.08423414e-08    1.20000000e+00    1.20000000e+00    8.30099491e-05    4.80632993e-04
   9.08443420e-08    1.20000000e+00    1.20000000e+00    8.24014984e-05    4.71974460e-04
   9.08463425e-08    1.20000000e+00    1.20000000e+00    8.20177674e-05    4.61060819e-04
   9.08483431e-08    1.20000000e+00    1.20000000e+00    8.22275355e-05    4.48374766e-04
   9.08503437e-08    1.20000000e+00    1.20000000e+00    8.31267124e-05    4.34357035e-04
   9.08523442e-08    1.20000000e+00    1.20000000e+00    8.46313199e-05    4.19417651e-04
   9.08543448e-08    1.20000000e+00    1.20000000e+00    8.65841027e-05    4.03952994e-04
   9.08563454e-08    1.20000000e+00    1.20000000e+00    8.87608234e-05    3.88334833e-04
   9.08583459e-08    1.20000000e+00    1.20000000e+00    9.08488386e-05    3.72890290e-04
   9.08603465e-08    1.20000000e+00    1.20000000e+00    9.24519765e-05    3.57896809e-04
   9.08623471e-08    1.20000000e+00    1.20000000e+00    9.31210580e-05    3.43585679e-04
   9.08643476e-08    1.20000000e+00    1.20000000e+00    9.24007304e-05    3.30142850e-04
   9.08663482e-08    1.20000000e+00    1.20000000e+00    8.99090385e-05    3.17703338e-04
   9.08683488e-08    1.20000000e+00    1.20000000e+00    8.54328579e-05    3.06342490e-04
   9.08703493e-08    1.20000000e+00    1.20000000e+00    7.89700993e-05    2.96070529e-04
   9.08723499e-08    1.20000000e+00    1.20000000e+00    7.07058119e-05    2.86834051e-04
   9.08743505e-08    1.20000000e+00    1.20000000e+00    6.09592155e-05    2.78522468e-04
   9.08763510e-08    1.20000000e+00    1.20000000e+00    5.01272188e-05    2.70974208e-04
   9.08783516e-08    1.20000000e+00    1.20000000e+00    3.86344671e-05    2.63978738e-04
   9.08803522e-08    1.20000000e+00    1.20000000e+00    2.68939707e-05    2.57273679e-04
   9.08823527e-08    1.20000000e+00    1.20000000e+00    1.52794892e-05    2.50539188e-04
   9.08843533e-08    1.20000000e+00    1.20000000e+00    4.10890030e-06    2.43393707e-04
   9.08863539e-08    1.20000000e+00    1.20000000e+00   -6.36336524e-06    2.35396033e-04
   9.08883544e-08    1.20000000e+00    1.20000000e+00   -1.59471287e-05    2.26057570e-04
   9.08903550e-08    1.20000000e+00    1.20000000e+00   -2.45126994e-05    2.14864827e-04
   9.08923556e-08    1.20000000e+00    1.20000000e+00   -3.19843557e-05    2.01306780e-04
   9.08943561e-08    1.20000000e+00    1.20000000e+00   -3.83324494e-05    1.84897726e-04
   9.08963567e-08    1.20000000e+00    1.20000000e+00   -4.35651091e-05    1.65187237e-04
   9.08983573e-08    1.20000000e+00    1.20000000e+00   -4.77201870e-05    1.41754541e-04
   9.09003578e-08    1.20000000e+00    1.20000000e+00   -5.08578485e-05    1.14191231e-04
   9.09023584e-08    1.20000000e+00    1.20000000e+00   -5.30540189e-05    8.20794668e-05
   9.09043590e-08    1.20000000e+00    1.20000000e+00   -5.43947785e-05    4.49720587e-05
   9.09063595e-08    1.20000000e+00    1.20000000e+00   -5.49717093e-05    2.37787575e-06
   9.09103607e-08    1.20000000e+00    1.20000000e+00   -5.42498334e-05   -1.01715551e-04
   9.09143618e-08    1.20000000e+00    1.20000000e+00   -5.15528010e-05   -2.34954739e-04
   9.09183629e-08    1.20000000e+00    1.20000000e+00   -4.75206850e-05   -4.03256445e-04
   9.09223641e-08    1.20000000e+00    1.20000000e+00   -4.26939469e-05   -6.13394559e-04
   9.09263652e-08    1.20000000e+00    1.20000000e+00   -3.75029436e-05   -8.73088434e-04
   9.09303663e-08    1.20000000e+00    1.20000000e+00   -3.22723139e-05   -1.19129205e-03
   9.09343675e-08    1.20000000e+00    1.20000000e+00   -2.72332376e-05   -1.57870692e-03
   9.09383686e-08    1.20000000e+00    1.20000000e+00   -2.25389485e-05   -2.04808789e-03
   9.09423697e-08    1.20000000e+00    1.20000000e+00   -1.82806583e-05   -2.61018558e-03
   9.09463709e-08    1.20000000e+00    1.20000000e+00   -1.45022849e-05   -3.26648833e-03
   9.09503720e-08    1.20000000e+00    1.20000000e+00   -1.12132129e-05   -4.01153272e-03
   9.09543731e-08    1.20000000e+00    1.20000000e+00   -8.39882998e-06   -4.84272631e-03
   9.09583743e-08    1.20000000e+00    1.20000000e+00   -6.02889529e-06   -5.76399903e-03
   9.09623754e-08    1.20000000e+00    1.20000000e+00   -4.06395673e-06   -6.78561126e-03
   9.09663765e-08    1.20000000e+00    1.20000000e+00   -2.46010416e-06   -7.92475250e-03
   9.09703777e-08    1.20000000e+00    1.20000000e+00   -1.17236004e-06   -9.20798010e-03
   9.09743788e-08    1.20000000e+00    1.20000000e+00   -1.56990221e-07   -1.06770958e-02
   9.09783799e-08    1.20000000e+00    1.20000000e+00    6.27015804e-07   -1.23968374e-02
   9.09823810e-08    1.20000000e+00    1.20000000e+00    1.21708556e-06   -1.44145905e-02
   9.09863822e-08    1.20000000e+00    1.20000000e+00    1.64665435e-06   -1.66037980e-02
   9.09903833e-08    1.20000000e+00    1.20000000e+00    1.94507131e-06   -1.85870097e-02
   9.09943844e-08    1.20000000e+00    1.20000000e+00    2.13771677e-06   -1.98155668e-02
   9.09983856e-08    1.20000000e+00    1.20000000e+00    2.24625276e-06   -1.96120568e-02
   9.10023867e-08    1.20000000e+00    1.20000000e+00    2.28894936e-06   -1.71760313e-02
   9.10063878e-08    1.20000000e+00    1.20000000e+00    2.28104596e-06   -1.16472022e-02
   9.10103890e-08    1.20000000e+00    1.20000000e+00    2.23511934e-06   -2.33810917e-03
   9.10143901e-08    1.20000000e+00    1.20000000e+00    2.16143992e-06    1.11368251e-02
   9.10183912e-08    1.20000000e+00    1.20000000e+00    2.06830465e-06    2.90151620e-02
   9.10223924e-08    1.20000000e+00    1.20000000e+00    1.96234013e-06    5.14167325e-02
   9.10263935e-08    1.20000000e+00    1.20000000e+00    1.84877322e-06    7.83128415e-02
   9.10303946e-08    1.20000000e+00    1.20000000e+00    1.73166866e-06    1.09505444e-01
   9.10343958e-08    1.20000000e+00    1.20000000e+00    1.61413497e-06    1.44619694e-01
   9.10383969e-08    1.20000000e+00    1.20000000e+00    1.49850094e-06    1.83124155e-01
   9.10423980e-08    1.20000000e+00    1.20000000e+00    1.38646513e-06    2.24385877e-01
   9.10463992e-08    1.20000000e+00    1.20000000e+00    1.27922166e-06    2.67744899e-01
   9.10504003e-08    1.20000000e+00    1.20000000e+00    1.17756492e-06    3.12580621e-01
   9.10544014e-08    1.20000000e+00    1.20000000e+00    1.08197618e-06    3.58351782e-01
   9.10584026e-08    1.20000000e+00    1.20000000e+00    9.92694647e-07    4.04608865e-01
   9.10624037e-08    1.20000000e+00    1.20000000e+00    9.09775312e-07    4.50987707e-01
   9.10664048e-08    1.20000000e+00    1.20000000e+00    8.33135674e-07    4.97194008e-01
   9.10704060e-08    1.20000000e+00    1.20000000e+00    7.62593208e-07    5.42985478e-01
   9.10744071e-08    1.20000000e+00    1.20000000e+00    6.97895125e-07    5.88155172e-01
   9.10784082e-08    1.20000000e+00    1.20000000e+00    6.38741796e-07    6.32517504e-01
   9.10824094e-08    1.20000000e+00    1.20000000e+00    5.84804993e-07    6.75897389e-01
   9.10864105e-08    1.20000000e+00    1.20000000e+00    5.35741916e-07    7.18122526e-01
   9.10904116e-08    1.20000000e+00    1.20000000e+00    4.91205812e-07    7.59018832e-01
   9.10944128e-08    1.20000000e+00    1.20000000e+00    4.50853873e-07    7.98409066e-01
   9.10984139e-08    1.20000000e+00    1.20000000e+00    4.14352952e-07    8.36114700e-01
   9.11024150e-08    1.20000000e+00    1.20000000e+00    3.81383575e-07    8.71960987e-01
   9.11064162e-08    1.20000000e+00    1.20000000e+00    3.51642600e-07    9.05784799e-01
   9.11104173e-08    1.20000000e+00    1.20000000e+00    3.24844844e-07    9.37444335e-01
   9.11144184e-08    1.20000000e+00    1.20000000e+00    3.00723912e-07    9.66829254e-01
   9.11184196e-08    1.20000000e+00    1.20000000e+00    2.79032426e-07    9.93869492e-01
   9.11224207e-08    1.20000000e+00    1.20000000e+00    2.59541810e-07    1.01854105e+00
   9.11264218e-08    1.20000000e+00    1.20000000e+00    2.42041762e-07    1.04086762e+00
   9.11304230e-08    1.20000000e+00    1.20000000e+00    2.26339491e-07    1.06091779e+00
   9.11344241e-08    1.20000000e+00    1.20000000e+00    2.12258817e-07    1.07879846e+00
   9.11384252e-08    1.20000000e+00    1.20000000e+00    1.99639180e-07    1.09464590e+00
   9.11424264e-08    1.20000000e+00    1.20000000e+00    1.88334599e-07    1.10861590e+00
   9.11464275e-08    1.20000000e+00    1.20000000e+00    1.78212628e-07    1.12087444e+00
   9.11504286e-08    1.20000000e+00    1.20000000e+00    1.69153315e-07    1.13158969e+00
   9.11544298e-08    1.20000000e+00    1.20000000e+00    1.61048201e-07    1.14092592e+00
   9.11584309e-08    1.20000000e+00    1.20000000e+00    1.53799355e-07    1.14903910e+00
   9.11624320e-08    1.20000000e+00    1.20000000e+00    1.47318465e-07    1.15607416e+00
   9.11664332e-08    1.20000000e+00    1.20000000e+00    1.41525975e-07    1.16216357e+00
   9.11704343e-08    1.20000000e+00    1.20000000e+00    1.36350294e-07    1.16742685e+00
   9.11744354e-08    1.20000000e+00    1.20000000e+00    1.31727049e-07    1.17197071e+00
   9.11784366e-08    1.20000000e+00    1.20000000e+00    1.27598402e-07    1.17588973e+00
   9.11824377e-08    1.20000000e+00    1.20000000e+00    1.23912426e-07    1.17926718e+00
   9.11864388e-08    1.20000000e+00    1.20000000e+00    1.20622524e-07    1.18217602e+00
   9.11944411e-08    1.20000000e+00    1.20000000e+00    1.15052163e-07    1.18685664e+00
   9.12024433e-08    1.20000000e+00    1.20000000e+00    1.10624675e-07    1.19031389e+00
   9.12104456e-08    1.20000000e+00    1.20000000e+00    1.07109609e-07    1.19286453e+00
   9.12184479e-08    1.20000000e+00    1.20000000e+00    1.04322401e-07    1.19474477e+00
   9.12344524e-08    1.20000000e+00    1.20000000e+00    1.00327798e-07    1.19719251e+00
   9.12500003e-08    1.20000000e+00    1.20000000e+00    9.79124585e-08    1.19847108e+00
   9.12502004e-08    1.20000000e+00    1.19711918e+00    9.78887021e-08    1.19848258e+00
   9.12506005e-08    1.20000000e+00    1.19135755e+00    9.78417547e-08    1.19850524e+00
   9.12514007e-08    1.20000000e+00    1.17983428e+00    9.77489778e-08    1.19854988e+00
   9.12530011e-08    1.20000000e+00    1.15678775e+00    9.75699823e-08    1.19863522e+00
   9.12562021e-08    1.20000000e+00    1.11069468e+00    9.72367850e-08    1.19879125e+00
   9.12626039e-08    1.20000000e+00    1.01850855e+00    9.66591310e-08    1.19905259e+00
   9.12754075e-08    1.20000000e+00    8.34136278e-01    9.57896921e-08    1.19942194e+00
   9.12882111e-08    1.20000000e+00    6.49764009e-01    9.52120537e-08    1.19964680e+00
   9.13010147e-08    1.20000000e+00    4.65391739e-01    9.48345129e-08    1.19978381e+00
   9.13026328e-08    1.20000000e+00    4.42092118e-01    9.47990834e-08    1.19979618e+00
   9.13042508e-08    1.20000000e+00    4.18792497e-01    9.47646348e-08    1.19980817e+00
   9.13074869e-08    1.20000000e+00    3.72193254e-01    9.47013515e-08    1.19983009e+00
   9.13107229e-08    1.20000000e+00    3.25594012e-01    9.46450343e-08    1.19984948e+00
   9.13139590e-08    1.20000000e+00    2.78994769e-01    9.45950375e-08    1.19986662e+00
   9.13171950e-08    1.20000000e+00    2.32395527e-01    9.45507724e-08    1.19988179e+00
   9.13204311e-08    1.20000000e+00    1.85796284e-01    9.45117024e-08    1.19989521e+00
   9.13236671e-08    1.20000000e+00    1.39197042e-01    9.44773386e-08    1.19990708e+00
   9.13269032e-08    1.20000000e+00    9.25977991e-02    9.44472355e-08    1.19991758e+00
   9.13301393e-08    1.20000000e+00    4.59985566e-02    9.44209879e-08    1.19992687e+00
   9.13333336e-08    1.20000000e+00    9.10382880e-15    9.43984991e-08    1.19993499e+00
   9.13336572e-08    1.20000000e+00    0.00000000e+00    9.43964153e-08    1.19993576e+00
   9.13339058e-08    1.20000000e+00    0.00000000e+00    9.43948326e-08    1.19993634e+00
   9.13344031e-08    1.20000000e+00    0.00000000e+00    9.43917036e-08    1.19993750e+00
   9.13353976e-08    1.20000000e+00    0.00000000e+00    9.43856593e-08    1.19993975e+00
   9.13373866e-08    1.20000000e+00    0.00000000e+00    9.43743931e-08    1.19994399e+00
   9.13413646e-08    1.20000000e+00    0.00000000e+00    9.43549062e-08    1.19995152e+00
   9.13493206e-08    1.20000000e+00    0.00000000e+00    9.43263829e-08    1.19996359e+00
   9.13652327e-08    1.20000000e+00    0.00000000e+00    9.43002409e-08    1.19997949e+00
   9.13811447e-08    1.20000000e+00    0.00000000e+00    9.43020187e-08    1.19998831e+00
   9.13970568e-08    1.20000000e+00    0.00000000e+00    9.43191092e-08    1.19999323e+00
   9.14129688e-08    1.20000000e+00    0.00000000e+00    9.43438184e-08    1.19999597e+00
   9.14288809e-08    1.20000000e+00    0.00000000e+00    9.43715339e-08    1.19999752e+00
   9.14447930e-08    1.20000000e+00    0.00000000e+00    9.43995652e-08    1.19999841e+00
   9.14591138e-08    1.20000000e+00    0.00000000e+00    9.44238151e-08    1.19999889e+00
   9.14720026e-08    1.20000000e+00    0.00000000e+00    9.44443228e-08    1.19999917e+00
   9.14836025e-08    1.20000000e+00    0.00000000e+00    9.44615259e-08    1.19999936e+00
   9.14952023e-08    1.20000000e+00    0.00000000e+00    9.44774771e-08    1.19999950e+00
   9.15068022e-08    1.20000000e+00    0.00000000e+00    9.44921740e-08    1.19999961e+00
   9.15184021e-08    1.20000000e+00    0.00000000e+00    9.45056502e-08    1.19999970e+00
   9.15300020e-08    1.20000000e+00    0.00000000e+00    9.45179613e-08    1.19999976e+00
   9.15416019e-08    1.20000000e+00    0.00000000e+00    9.45291750e-08    1.19999981e+00
   9.15532018e-08    1.20000000e+00    0.00000000e+00    9.45393661e-08    1.19999985e+00
   9.15648017e-08    1.20000000e+00    0.00000000e+00    9.45486112e-08    1.19999987e+00
   9.15764016e-08    1.20000000e+00    0.00000000e+00    9.45569862e-08    1.19999989e+00
   9.15880014e-08    1.20000000e+00    0.00000000e+00    9.45645641e-08    1.19999990e+00
   9.16112012e-08    1.20000000e+00    0.00000000e+00    9.45776330e-08    1.19999992e+00
   9.16576008e-08    1.20000000e+00    0.00000000e+00    9.45971178e-08    1.19999994e+00
   9.17503999e-08    1.20000000e+00    0.00000000e+00    9.46189886e-08    1.19999998e+00
   9.18339191e-08    1.20000000e+00    0.00000000e+00    9.46273495e-08    1.19999999e+00
   9.19174382e-08    1.20000000e+00    0.00000000e+00    9.46311412e-08    1.19999999e+00
   9.20009574e-08    1.20000000e+00    0.00000000e+00    9.46328627e-08    1.19999999e+00
   9.21679958e-08    1.20000000e+00    0.00000000e+00    9.46340899e-08    1.19999999e+00
   9.25020726e-08    1.20000000e+00    0.00000000e+00    9.46343343e-08    1.19999999e+00
   9.28361493e-08    1.20000000e+00    0.00000000e+00    9.46342848e-08    1.19999999e+00
   9.31250000e-08    1.20000000e+00    0.00000000e+00    9.46342947e-08    1.19999999e+00
   9.31252094e-08    1.19250000e+00    0.00000000e+00   -3.05729605e-07    1.19999927e+00
   9.31254188e-08    1.18500000e+00    0.00000000e+00   -6.85601800e-07    1.19999858e+00
   9.31256281e-08    1.17750000e+00    0.00000000e+00   -1.05544975e-06    1.19999790e+00
   9.31260469e-08    1.16250000e+00    0.00000000e+00   -1.73715412e-06    1.19999666e+00
   9.31268844e-08    1.13250000e+00    0.00000000e+00   -2.88928654e-06    1.19999455e+00
   9.31285594e-08    1.07250000e+00    0.00000000e+00   -4.49591718e-06    1.19999153e+00
   9.31319094e-08    9.52500000e-01    0.00000000e+00   -5.85669969e-06    1.19998865e+00
   9.31386094e-08    7.12500000e-01    0.00000000e+00   -6.08483363e-06    1.19998698e+00
   9.31446394e-08    4.96500000e-01    0.00000000e+00   -2.85492974e-06    1.19999177e+00
   9.31451810e-08    4.77098287e-01    0.00000000e+00   -2.08638840e-06    1.19999309e+00
   9.31457226e-08    4.57696573e-01    0.00000000e+00   -1.26559063e-06    1.19999450e+00
   9.31468059e-08    4.18893147e-01    0.00000000e+00    6.27087094e-07    1.19999780e+00
   9.31478892e-08    3.80089720e-01    0.00000000e+00    2.80353796e-06    1.20000165e+00
   9.31489724e-08    3.41286294e-01    0.00000000e+00    5.20206171e-06    1.20000595e+00
   9.31500557e-08    3.02482867e-01    0.00000000e+00    7.77253501e-06    1.20001061e+00
   9.31511389e-08    2.63679441e-01    0.00000000e+00    1.04724792e-05    1.20001558e+00
   9.31522222e-08    2.24876014e-01    0.00000000e+00    1.32629860e-05    1.20002080e+00
   9.31533055e-08    1.86072587e-01    0.00000000e+00    1.61073272e-05    1.20002622e+00
   9.31543887e-08    1.47269161e-01    0.00000000e+00    1.89708544e-05    1.20003176e+00
   9.31554720e-08    1.08465734e-01    0.00000000e+00    2.18212401e-05    1.20003739e+00
   9.31565553e-08    6.96623077e-02    0.00000000e+00    2.46287133e-05    1.20004306e+00
   9.31576385e-08    3.08588811e-02    0.00000000e+00    2.73661931e-05    1.20004871e+00
   9.31585000e-08    4.02344824e-13    0.00000000e+00    2.94774225e-05    1.20005317e+00
   9.31586083e-08    0.00000000e+00    0.00000000e+00    3.00245828e-05    1.20005425e+00
   9.31586859e-08    0.00000000e+00    0.00000000e+00    3.04093574e-05    1.20005501e+00
   9.31587634e-08    0.00000000e+00    0.00000000e+00    3.07906826e-05    1.20005576e+00
   9.31589185e-08    0.00000000e+00    0.00000000e+00    3.15328492e-05    1.20005724e+00
   9.31592287e-08    0.00000000e+00    0.00000000e+00    3.29369836e-05    1.20006005e+00
   9.31598491e-08    0.00000000e+00    0.00000000e+00    3.54380930e-05    1.20006513e+00
   9.31610898e-08    0.00000000e+00    0.00000000e+00    3.93163431e-05    1.20007339e+00
   9.31635713e-08    0.00000000e+00    0.00000000e+00    4.33385330e-05    1.20008363e+00
   9.31660528e-08    0.00000000e+00    0.00000000e+00    4.34620499e-05    1.20008733e+00
   9.31685343e-08    0.00000000e+00    0.00000000e+00    4.09146312e-05    1.20008651e+00
   9.31734973e-08    0.00000000e+00    0.00000000e+00    3.16572449e-05    1.20007731e+00
   9.31784603e-08    0.00000000e+00    0.00000000e+00    2.02287785e-05    1.20006318e+00
   9.31834233e-08    0.00000000e+00    0.00000000e+00    9.43016871e-06    1.20004846e+00
   9.31883863e-08    0.00000000e+00    0.00000000e+00    4.18669777e-07    1.20003507e+00
   9.31933493e-08    0.00000000e+00    0.00000000e+00   -6.58978132e-06    1.20002318e+00
   9.31983123e-08    0.00000000e+00    0.00000000e+00   -1.17612664e-05    1.20001145e+00
   9.32032754e-08    0.00000000e+00    0.00000000e+00   -1.65135116e-05    1.19999804e+00
   9.32077421e-08    0.00000000e+00    0.00000000e+00   -2.19646254e-05    1.19998322e+00
   9.32117621e-08    0.00000000e+00    0.00000000e+00   -2.81694080e-05    1.19996702e+00
   9.32153513e-08    0.00000000e+00    0.00000000e+00   -3.46141312e-05    1.19995013e+00
   9.32185037e-08    0.00000000e+00    0.00000000e+00   -4.07801674e-05    1.19993341e+00
   9.32213262e-08    0.00000000e+00    0.00000000e+00   -4.63727430e-05    1.19991699e+00
   9.32238665e-08    0.00000000e+00    0.00000000e+00   -5.10873221e-05    1.19990144e+00
   9.32264068e-08    0.00000000e+00    0.00000000e+00   -5.51646197e-05    1.19988631e+00
   9.32289470e-08    0.00000000e+00    0.00000000e+00   -5.83523681e-05    1.19987295e+00
   9.32314873e-08    0.00000000e+00    0.00000000e+00   -6.04733934e-05    1.19986230e+00
   9.32340276e-08    0.00000000e+00    0.00000000e+00   -6.14248208e-05    1.19985474e+00
   9.32365678e-08    0.00000000e+00    0.00000000e+00   -6.11697869e-05    1.19985028e+00
   9.32391081e-08    0.00000000e+00    0.00000000e+00   -5.97136511e-05    1.19984873e+00
   9.32416484e-08    0.00000000e+00    0.00000000e+00   -5.70388578e-05    1.19984974e+00
   9.32441886e-08    0.00000000e+00    0.00000000e+00   -5.30740555e-05    1.19985269e+00
   9.32467289e-08    0.00000000e+00    0.00000000e+00   -4.79293291e-05    1.19985637e+00
   9.32492692e-08    0.00000000e+00    0.00000000e+00   -4.18658139e-05    1.19985923e+00
   9.32518094e-08    0.00000000e+00    0.00000000e+00   -3.48213999e-05    1.19986150e+00
   9.32543497e-08    0.00000000e+00    0.00000000e+00   -2.62446246e-05    1.19986469e+00
   9.32568900e-08    0.00000000e+00    0.00000000e+00   -1.60815309e-05    1.19986977e+00
   9.32594303e-08    0.00000000e+00    0.00000000e+00   -6.03723600e-06    1.19987715e+00
   9.32619705e-08    0.00000000e+00    0.00000000e+00    2.71722761e-06    1.19988692e+00
   9.32645108e-08    0.00000000e+00    0.00000000e+00    1.03647311e-05    1.19989904e+00
   9.32670511e-08    0.00000000e+00    0.00000000e+00    1.73752924e-05    1.19991337e+00
   9.32695913e-08    0.00000000e+00    0.00000000e+00    2.40582944e-05    1.19992970e+00
   9.32718776e-08    0.00000000e+00    0.00000000e+00    2.98513285e-05    1.19994583e+00
   9.32739352e-08    0.00000000e+00    0.00000000e+00    3.48000570e-05    1.19996119e+00
   9.32759928e-08    0.00000000e+00    0.00000000e+00    3.93465073e-05    1.19997698e+00
   9.32780504e-08    0.00000000e+00    0.00000000e+00    4.33276552e-05    1.19999278e+00
   9.32801080e-08    0.00000000e+00    0.00000000e+00    4.65988761e-05    1.20000816e+00
   9.32821657e-08    0.00000000e+00    0.00000000e+00    4.90577038e-05    1.20002274e+00
   9.32842233e-08    0.00000000e+00    0.00000000e+00    5.06538192e-05    1.20003618e+00
   9.32862809e-08    0.00000000e+00    0.00000000e+00    5.13879447e-05    1.20004825e+00
   9.32883385e-08    0.00000000e+00    0.00000000e+00    5.13038574e-05    1.20005878e+00
   9.32903961e-08    0.00000000e+00    0.00000000e+00    5.04773707e-05    1.20006772e+00
   9.32924537e-08    0.00000000e+00    0.00000000e+00    4.90050048e-05    1.20007506e+00
   9.32945114e-08    0.00000000e+00    0.00000000e+00    4.69939119e-05    1.20008088e+00
   9.32965690e-08    0.00000000e+00    0.00000000e+00    4.45537448e-05    1.20008526e+00
   9.32986266e-08    0.00000000e+00    0.00000000e+00    4.17906031e-05    1.20008834e+00
   9.33027418e-08    0.00000000e+00    0.00000000e+00    3.57142201e-05    1.20009122e+00
   9.33068571e-08    0.00000000e+00    0.00000000e+00    2.93638439e-05    1.20009057e+00
   9.33109723e-08    0.00000000e+00    0.00000000e+00    2.32163983e-05    1.20008741e+00
   9.33150875e-08    0.00000000e+00    0.00000000e+00    1.75804843e-05    1.20008260e+00
   9.33192028e-08    0.00000000e+00    0.00000000e+00    1.26251069e-05    1.20007684e+00
   9.33274332e-08    0.00000000e+00    0.00000000e+00    4.91315876e-06    1.20006440e+00
   9.33356637e-08    0.00000000e+00    0.00000000e+00   -9.82019839e-08    1.20005227e+00
   9.33438942e-08    0.00000000e+00    0.00000000e+00   -2.97633403e-06    1.20004156e+00
   9.33521247e-08    0.00000000e+00    0.00000000e+00   -4.37107184e-06    1.20003254e+00
   9.33685856e-08    0.00000000e+00    0.00000000e+00   -4.85541827e-06    1.20001906e+00
   9.33850465e-08    0.00000000e+00    0.00000000e+00   -3.98033594e-06    1.20001039e+00
   9.34015075e-08    0.00000000e+00    0.00000000e+00   -2.94945604e-06    1.20000498e+00
   9.34179684e-08    0.00000000e+00    0.00000000e+00   -2.11234923e-06    1.20000164e+00
   9.34344294e-08    0.00000000e+00    0.00000000e+00   -1.49995281e-06    1.19999962e+00
   9.34492442e-08    0.00000000e+00    0.00000000e+00   -1.10206171e-06    1.19999851e+00
   9.34625776e-08    0.00000000e+00    0.00000000e+00   -8.34855314e-07    1.19999791e+00
   9.34745520e-08    0.00000000e+00    0.00000000e+00   -6.49193004e-07    1.19999758e+00
   9.34853290e-08    0.00000000e+00    0.00000000e+00   -5.15686097e-07    1.19999742e+00
   9.34961060e-08    0.00000000e+00    0.00000000e+00   -4.07097634e-07    1.19999734e+00
   9.35068830e-08    0.00000000e+00    0.00000000e+00   -3.18448718e-07    1.19999733e+00
   9.35176600e-08    0.00000000e+00    0.00000000e+00   -2.45857845e-07    1.19999737e+00
   9.35284370e-08    0.00000000e+00    0.00000000e+00   -1.86272394e-07    1.19999744e+00
   9.35392140e-08    0.00000000e+00    0.00000000e+00   -1.37270117e-07    1.19999753e+00
   9.35499910e-08    0.00000000e+00    0.00000000e+00   -9.69130323e-08    1.19999764e+00
   9.35607680e-08    0.00000000e+00    0.00000000e+00   -6.36394568e-08    1.19999776e+00
   9.35693964e-08    0.00000000e+00    0.00000000e+00   -4.12684368e-08    1.19999787e+00
   9.35764493e-08    0.00000000e+00    0.00000000e+00   -2.53749082e-08    1.19999796e+00
   9.35827969e-08    0.00000000e+00    0.00000000e+00   -1.26766865e-08    1.19999805e+00
   9.35885097e-08    0.00000000e+00    0.00000000e+00   -2.40780129e-09    1.19999812e+00
   9.35942225e-08    0.00000000e+00    0.00000000e+00    6.87501408e-09    1.19999820e+00
   9.35999354e-08    0.00000000e+00    0.00000000e+00    1.52671474e-08    1.19999828e+00
   9.36056482e-08    0.00000000e+00    0.00000000e+00    2.28546042e-08    1.19999836e+00
   9.36113610e-08    0.00000000e+00    0.00000000e+00    2.97149662e-08    1.19999843e+00
   9.36170739e-08    0.00000000e+00    0.00000000e+00    3.59182417e-08    1.19999846e+00
   9.36227867e-08    0.00000000e+00    0.00000000e+00    4.15276266e-08    1.19999845e+00
   9.36284995e-08    0.00000000e+00    0.00000000e+00    4.66001830e-08    1.19999841e+00
   9.36342123e-08    0.00000000e+00    0.00000000e+00    5.11874471e-08    1.19999835e+00
   9.36393539e-08    0.00000000e+00    0.00000000e+00    5.49390571e-08    1.19999829e+00
   9.36444954e-08    0.00000000e+00    0.00000000e+00    5.83662594e-08    1.19999825e+00
   9.36496370e-08    0.00000000e+00    0.00000000e+00    6.14971667e-08    1.19999823e+00
   9.36547785e-08    0.00000000e+00    0.00000000e+00    6.43574447e-08    1.19999824e+00
   9.36599201e-08    0.00000000e+00    0.00000000e+00    6.69705273e-08    1.19999827e+00
   9.36650616e-08    0.00000000e+00    0.00000000e+00    6.93578115e-08    1.19999833e+00
   9.36702032e-08    0.00000000e+00    0.00000000e+00    7.15388370e-08    1.19999840e+00
   9.36753447e-08    0.00000000e+00    0.00000000e+00    7.35314481e-08    1.19999847e+00
   9.36804863e-08    0.00000000e+00    0.00000000e+00    7.53519415e-08    1.19999855e+00
   9.36907694e-08    0.00000000e+00    0.00000000e+00    7.85407733e-08    1.19999870e+00
   9.37113355e-08    0.00000000e+00    0.00000000e+00    8.34558025e-08    1.19999896e+00
   9.37319017e-08    0.00000000e+00    0.00000000e+00    8.68682244e-08    1.19999914e+00
   9.37524679e-08    0.00000000e+00    0.00000000e+00    8.92377280e-08    1.19999927e+00
   9.37730341e-08    0.00000000e+00    0.00000000e+00    9.08832742e-08    1.19999937e+00
   9.37936003e-08    0.00000000e+00    0.00000000e+00    9.20262205e-08    1.19999945e+00
   9.38141665e-08    0.00000000e+00    0.00000000e+00    9.28202096e-08    1.19999951e+00
   9.38347326e-08    0.00000000e+00    0.00000000e+00    9.33718923e-08    1.19999957e+00
   9.38758650e-08    0.00000000e+00    0.00000000e+00    9.40373289e-08    1.19999967e+00
   9.39169974e-08    0.00000000e+00    0.00000000e+00    9.43509116e-08    1.19999974e+00
   9.39581297e-08    0.00000000e+00    0.00000000e+00    9.44989959e-08    1.19999980e+00
   9.39992621e-08    0.00000000e+00    0.00000000e+00    9.45691481e-08    1.19999984e+00
   9.40815268e-08    0.00000000e+00    0.00000000e+00    9.46221569e-08    1.19999990e+00
   9.42460563e-08    0.00000000e+00    0.00000000e+00    9.46355706e-08    1.19999996e+00
   9.44105858e-08    0.00000000e+00    0.00000000e+00    9.46338695e-08    1.19999998e+00
   9.45751153e-08    0.00000000e+00    0.00000000e+00    9.46343308e-08    1.19999999e+00
   9.47396447e-08    0.00000000e+00    0.00000000e+00    9.46342780e-08    1.19999999e+00
   9.50687037e-08    0.00000000e+00    0.00000000e+00    9.46342987e-08    1.19999999e+00
   9.55000000e-08    0.00000000e+00    0.00000000e+00    9.46342899e-08    1.19999999e+00
   9.55002094e-08    7.50000000e-03    0.00000000e+00    7.87093748e-07    1.20000062e+00
   9.55004188e-08    1.50000000e-02    0.00000000e+00    1.45483749e-06    1.20000121e+00
   9.55006281e-08    2.25000000e-02    0.00000000e+00    2.11039402e-06    1.20000179e+00
   9.55010469e-08    3.75000000e-02    0.00000000e+00    3.34923224e-06    1.20000286e+00
   9.55018844e-08    6.75000000e-02    0.00000000e+00    5.55033008e-06    1.20000469e+00
   9.55035594e-08    1.27500000e-01    0.00000000e+00    8.95383855e-06    1.20000731e+00
   9.55069094e-08    2.47500000e-01    0.00000000e+00    1.26317947e-05    1.20000966e+00
   9.55102594e-08    3.67500000e-01    0.00000000e+00    1.34108519e-05    1.20000970e+00
   9.55136094e-08    4.87500000e-01    0.00000000e+00    1.26661473e-05    1.20000878e+00
   9.55146628e-08    5.25235821e-01    0.00000000e+00    1.22221433e-05    1.20000839e+00
   9.55167698e-08    6.00707464e-01    0.00000000e+00    1.11369732e-05    1.20000747e+00
   9.55174577e-08    6.25350975e-01    0.00000000e+00    1.06407543e-05    1.20000707e+00
   9.55188336e-08    6.74637997e-01    0.00000000e+00    9.41980574e-06    1.20000609e+00
   9.55215855e-08    7.73212041e-01    0.00000000e+00    4.95384216e-06    1.20000253e+00
   9.55220016e-08    7.88117043e-01    0.00000000e+00    3.92952718e-06    1.20000172e+00
   9.55224177e-08    8.03022046e-01    0.00000000e+00    2.82973385e-06    1.20000085e+00
   9.55232499e-08    8.32832051e-01    0.00000000e+00    2.43904349e-07    1.19999880e+00
   9.55240821e-08    8.62642055e-01    0.00000000e+00   -2.92162782e-06    1.19999631e+00
   9.55249143e-08    8.92452060e-01    0.00000000e+00   -6.72757497e-06    1.19999333e+00
   9.55257465e-08    9.22262065e-01    0.00000000e+00   -1.11705881e-05    1.19998987e+00
   9.55265787e-08    9.52072069e-01    0.00000000e+00   -1.61803754e-05    1.19998601e+00
   9.55274109e-08    9.81882074e-01    0.00000000e+00   -2.16811576e-05    1.19998180e+00
   9.55282431e-08    1.01169208e+00    0.00000000e+00   -2.76269661e-05    1.19997730e+00
   9.55290753e-08    1.04150208e+00    0.00000000e+00   -3.39922003e-05    1.19997251e+00
   9.55299075e-08    1.07131209e+00    0.00000000e+00   -4.07564991e-05    1.19996743e+00
   9.55307397e-08    1.10112209e+00    0.00000000e+00   -4.78968129e-05    1.19996207e+00
   9.55315719e-08    1.13093210e+00    0.00000000e+00   -5.53843607e-05    1.19995644e+00
   9.55324041e-08    1.16074210e+00    0.00000000e+00   -6.31836714e-05    1.19995055e+00
   9.55332362e-08    1.19055211e+00    0.00000000e+00   -7.12523874e-05    1.19994443e+00
   9.55335000e-08    1.20000000e+00    0.00000000e+00   -7.38596217e-05    1.19994245e+00
   9.55335467e-08    1.20000000e+00    0.00000000e+00   -7.44180441e-05    1.19994201e+00
   9.55335879e-08    1.20000000e+00    0.00000000e+00   -7.49066073e-05    1.19994162e+00
   9.55336291e-08    1.20000000e+00    0.00000000e+00   -7.53933266e-05    1.19994124e+00
   9.55337114e-08    1.20000000e+00    0.00000000e+00   -7.63553191e-05    1.19994048e+00
   9.55338761e-08    1.20000000e+00    0.00000000e+00   -7.82338708e-05    1.19993902e+00
   9.55342055e-08    1.20000000e+00    0.00000000e+00   -8.18121389e-05    1.19993625e+00
   9.55348643e-08    1.20000000e+00    0.00000000e+00   -8.82775577e-05    1.19993133e+00
   9.55361820e-08    1.20000000e+00    0.00000000e+00   -9.86475251e-05    1.19992364e+00
   9.55388173e-08    1.20000000e+00    0.00000000e+00   -1.10782579e-04    1.19991492e+00
   9.55414525e-08    1.20000000e+00    0.00000000e+00   -1.13798877e-04    1.19991148e+00
   9.55440878e-08    1.20000000e+00    0.00000000e+00   -1.10063089e-04    1.19990631e+00
   9.55464596e-08    1.20000000e+00    0.00000000e+00   -1.02497724e-04    1.19989764e+00
   9.55485942e-08    1.20000000e+00    0.00000000e+00   -9.33941388e-05    1.19988843e+00
   9.55507287e-08    1.20000000e+00    0.00000000e+00   -8.27348849e-05    1.19987813e+00
   9.55528633e-08    1.20000000e+00    0.00000000e+00   -7.06493785e-05    1.19986642e+00
   9.55549979e-08    1.20000000e+00    0.00000000e+00   -5.73026760e-05    1.19985323e+00
   9.55571325e-08    1.20000000e+00    0.00000000e+00   -4.33784321e-05    1.19983887e+00
   9.55592671e-08    1.20000000e+00    0.00000000e+00   -2.95281878e-05    1.19982395e+00
   9.55614016e-08    1.20000000e+00    0.00000000e+00   -1.60218402e-05    1.19980924e+00
   9.55635362e-08    1.20000000e+00    0.00000000e+00   -2.97039736e-06    1.19979547e+00
   9.55656708e-08    1.20000000e+00    0.00000000e+00    9.53966619e-06    1.19978328e+00
   9.55678054e-08    1.20000000e+00    0.00000000e+00    2.14138544e-05    1.19977317e+00
   9.55699399e-08    1.20000000e+00    0.00000000e+00    3.25427624e-05    1.19976551e+00
   9.55720745e-08    1.20000000e+00    0.00000000e+00    4.28047400e-05    1.19976045e+00
   9.55742091e-08    1.20000000e+00    0.00000000e+00    5.20748962e-05    1.19975800e+00
   9.55763437e-08    1.20000000e+00    0.00000000e+00    6.02377338e-05    1.19975799e+00
   9.55784783e-08    1.20000000e+00    0.00000000e+00    6.72000787e-05    1.19976012e+00
   9.55806128e-08    1.20000000e+00    0.00000000e+00    7.29013508e-05    1.19976400e+00
   9.55827474e-08    1.20000000e+00    0.00000000e+00    7.73196515e-05    1.19976918e+00
   9.55848820e-08    1.20000000e+00    0.00000000e+00    8.04741483e-05    1.19977517e+00
   9.55870166e-08    1.20000000e+00    0.00000000e+00    8.24268485e-05    1.19978150e+00
   9.55891512e-08    1.20000000e+00    0.00000000e+00    8.32913786e-05    1.19978777e+00
   9.55912857e-08    1.20000000e+00    0.00000000e+00    8.32644375e-05    1.19979362e+00
   9.55934203e-08    1.20000000e+00    0.00000000e+00    8.26946033e-05    1.19979883e+00
   9.55955549e-08    1.20000000e+00    0.00000000e+00    8.21228329e-05    1.19980329e+00
   9.55976895e-08    1.20000000e+00    0.00000000e+00    8.20917919e-05    1.19980704e+00
   9.55998241e-08    1.20000000e+00    0.00000000e+00    8.28379374e-05    1.19981021e+00
   9.56019586e-08    1.20000000e+00    0.00000000e+00    8.43069649e-05    1.19981300e+00
   9.56040932e-08    1.20000000e+00    0.00000000e+00    8.63235434e-05    1.19981551e+00
   9.56062278e-08    1.20000000e+00    0.00000000e+00    8.86299622e-05    1.19981766e+00
   9.56083624e-08    1.20000000e+00    0.00000000e+00    9.08578675e-05    1.19981904e+00
   9.56104969e-08    1.20000000e+00    0.00000000e+00    9.25303631e-05    1.19981888e+00
   9.56126315e-08    1.20000000e+00    0.00000000e+00    9.31025163e-05    1.19981609e+00
   9.56147661e-08    1.20000000e+00    0.00000000e+00    9.20279088e-05    1.19980938e+00
   9.56169007e-08    1.20000000e+00    0.00000000e+00    8.88728720e-05    1.19979743e+00
   9.56190353e-08    1.20000000e+00    0.00000000e+00    8.34389230e-05    1.19977907e+00
   9.56211698e-08    1.20000000e+00    0.00000000e+00    7.57971609e-05    1.19975348e+00
   9.56233044e-08    1.20000000e+00    0.00000000e+00    6.62393176e-05    1.19972035e+00
   9.56254390e-08    1.20000000e+00    0.00000000e+00    5.52010244e-05    1.19968001e+00
   9.56275736e-08    1.20000000e+00    0.00000000e+00    4.31870010e-05    1.19963360e+00
   9.56297082e-08    1.20000000e+00    0.00000000e+00    3.07090766e-05    1.19958311e+00
   9.56318427e-08    1.20000000e+00    0.00000000e+00    1.82410046e-05    1.19953150e+00
   9.56339773e-08    1.20000000e+00    0.00000000e+00    6.19010549e-06    1.19948254e+00
   9.56361119e-08    1.20000000e+00    0.00000000e+00   -5.11669861e-06    1.19944072e+00
   9.56382465e-08    1.20000000e+00    0.00000000e+00   -1.54359651e-05    1.19941094e+00
   9.56403811e-08    1.20000000e+00    0.00000000e+00   -2.46034447e-05    1.19939834e+00
   9.56425156e-08    1.20000000e+00    0.00000000e+00   -3.25253915e-05    1.19940816e+00
   9.56446502e-08    1.20000000e+00    0.00000000e+00   -3.91677101e-05    1.19944564e+00
   9.56467848e-08    1.20000000e+00    0.00000000e+00   -4.45444992e-05    1.19951600e+00
   9.56489194e-08    1.20000000e+00    0.00000000e+00   -4.87069975e-05    1.19962442e+00
   9.56510539e-08    1.20000000e+00    0.00000000e+00   -5.17335283e-05    1.19977601e+00
   9.56531885e-08    1.20000000e+00    0.00000000e+00   -5.37207464e-05    1.19997583e+00
   9.56553231e-08    1.20000000e+00    0.00000000e+00   -5.47762926e-05    1.20022880e+00
   9.56574577e-08    1.20000000e+00    0.00000000e+00   -5.50128340e-05    1.20053969e+00
   9.56595923e-08    1.20000000e+00    0.00000000e+00   -5.45433868e-05    1.20091283e+00
   9.56617268e-08    1.20000000e+00    0.00000000e+00   -5.34777807e-05    1.20135175e+00
   9.56638614e-08    1.20000000e+00    0.00000000e+00   -5.19201030e-05    1.20185859e+00
   9.56659960e-08    1.20000000e+00    0.00000000e+00   -4.99669613e-05    1.20243362e+00
   9.56681306e-08    1.20000000e+00    0.00000000e+00   -4.77064136e-05    1.20307560e+00
   9.56702652e-08    1.20000000e+00    0.00000000e+00   -4.52174265e-05    1.20378247e+00
   9.56723997e-08    1.20000000e+00    0.00000000e+00   -4.25697434e-05    1.20455193e+00
   9.56745343e-08    1.20000000e+00    0.00000000e+00   -3.98240584e-05    1.20538155e+00
   9.56766689e-08    1.20000000e+00    0.00000000e+00   -3.70324104e-05    1.20626863e+00
   9.56788035e-08    1.20000000e+00    0.00000000e+00   -3.42387298e-05    1.20721030e+00
   9.56809380e-08    1.20000000e+00    0.00000000e+00   -3.14794787e-05    1.20820353e+00
   9.56830726e-08    1.20000000e+00    0.00000000e+00   -2.87843433e-05    1.20924526e+00
   9.56852072e-08    1.20000000e+00    0.00000000e+00   -2.61769438e-05    1.21033248e+00
   9.56873418e-08    1.20000000e+00    0.00000000e+00   -2.36755367e-05    1.21146230e+00
   9.56894764e-08    1.20000000e+00    0.00000000e+00   -2.12936920e-05    1.21263212e+00
   9.56916109e-08    1.20000000e+00    0.00000000e+00   -1.90409321e-05    1.21383967e+00
   9.56937455e-08    1.20000000e+00    0.00000000e+00   -1.69233246e-05    1.21508310e+00
   9.56958801e-08    1.20000000e+00    0.00000000e+00   -1.49440254e-05    1.21636107e+00
   9.57001493e-08    1.20000000e+00    0.00000000e+00   -1.13995844e-05    1.21901848e+00
   9.57044184e-08    1.20000000e+00    0.00000000e+00   -8.39167706e-06    1.22181399e+00
   9.57086876e-08    1.20000000e+00    0.00000000e+00   -5.88558828e-06    1.22475807e+00
   9.57129567e-08    1.20000000e+00    0.00000000e+00   -3.83434316e-06    1.22786049e+00
   9.57172259e-08    1.20000000e+00    0.00000000e+00   -2.18524768e-06    1.23108942e+00
   9.57214950e-08    1.20000000e+00    0.00000000e+00   -8.84456905e-07    1.23428121e+00
   9.57257642e-08    1.20000000e+00    0.00000000e+00    1.19996434e-07    1.23706613e+00
   9.57300334e-08    1.20000000e+00    0.00000000e+00    8.76335784e-07    1.23880876e+00
   9.57343025e-08    1.20000000e+00    0.00000000e+00    1.42802417e-06    1.23851263e+00
   9.57385717e-08    1.20000000e+00    0.00000000e+00    1.81334672e-06    1.23474472e+00
   9.57428408e-08    1.20000000e+00    0.00000000e+00    2.06539860e-06    1.22560024e+00
   9.57471100e-08    1.20000000e+00    0.00000000e+00    2.21233222e-06    1.20888935e+00
   9.57509522e-08    1.20000000e+00    0.00000000e+00    2.27403942e-06    1.18625054e+00
   9.57544103e-08    1.20000000e+00    0.00000000e+00    2.28502251e-06    1.15946274e+00
   9.57578683e-08    1.20000000e+00    0.00000000e+00    2.26318534e-06    1.12661098e+00
   9.57613263e-08    1.20000000e+00    0.00000000e+00    2.21595484e-06    1.08794487e+00
   9.57647843e-08    1.20000000e+00    0.00000000e+00    2.14954478e-06    1.04392856e+00
   9.57682423e-08    1.20000000e+00    0.00000000e+00    2.06911185e-06    9.95183742e-01
   9.57717003e-08    1.20000000e+00    0.00000000e+00    1.97889884e-06    9.42425041e-01
   9.57751584e-08    1.20000000e+00    0.00000000e+00    1.88236430e-06    8.86403964e-01
   9.57786164e-08    1.20000000e+00    0.00000000e+00    1.78229834e-06    8.27867825e-01
   9.57820744e-08    1.20000000e+00    0.00000000e+00    1.68092524e-06    7.67535155e-01
   9.57855324e-08    1.20000000e+00    0.00000000e+00    1.57999343e-06    7.06086104e-01
   9.57889904e-08    1.20000000e+00    0.00000000e+00    1.48085381e-06    6.44165174e-01
   9.57924484e-08    1.20000000e+00    0.00000000e+00    1.38452743e-06    5.82393423e-01
   9.57959065e-08    1.20000000e+00    0.00000000e+00    1.29176369e-06    5.21387191e-01
   9.57993645e-08    1.20000000e+00    0.00000000e+00    1.20308992e-06    4.61779503e-01
   9.58028225e-08    1.20000000e+00    0.00000000e+00    1.11885345e-06    4.04237904e-01
   9.58062805e-08    1.20000000e+00    0.00000000e+00    1.03925714e-06    3.49468768e-01
   9.58097385e-08    1.20000000e+00    0.00000000e+00    9.64389166e-07    2.98195627e-01
   9.58131966e-08    1.20000000e+00    0.00000000e+00    8.94247863e-07    2.51102964e-01
   9.58166546e-08    1.20000000e+00    0.00000000e+00    8.28762302e-07    2.08751363e-01
   9.58201126e-08    1.20000000e+00    0.00000000e+00    7.67809284e-07    1.71490088e-01
   9.58235706e-08    1.20000000e+00    0.00000000e+00    7.11227225e-07    1.39402906e-01
   9.58270286e-08    1.20000000e+00    0.00000000e+00    6.58827462e-07    1.12310126e-01
   9.58304866e-08    1.20000000e+00    0.00000000e+00    6.10403355e-07    8.98222108e-02
   9.58339447e-08    1.20000000e+00    0.00000000e+00    5.65737572e-07    7.14194636e-02
   9.58374027e-08    1.20000000e+00    0.00000000e+00    5.24607841e-07    5.65301464e-02
   9.58408607e-08    1.20000000e+00    0.00000000e+00    4.86791443e-07    4.45903190e-02
   9.58443187e-08    1.20000000e+00    0.00000000e+00    4.52068667e-07    3.50812032e-02
   9.58477767e-08    1.20000000e+00    0.00000000e+00    4.20225403e-07    2.75474726e-02
   9.58512347e-08    1.20000000e+00    0.00000000e+00    3.91055054e-07    2.16023144e-02
   9.58546928e-08    1.20000000e+00    0.00000000e+00    3.64359874e-07    1.69246233e-02
   9.58581508e-08    1.20000000e+00    0.00000000e+00    3.39951859e-07    1.32522322e-02
   9.58616088e-08    1.20000000e+00    0.00000000e+00    3.17653280e-07    1.03736681e-02
   9.58650668e-08    1.20000000e+00    0.00000000e+00    2.97296934e-07    8.11986196e-03
   9.58685248e-08    1.20000000e+00    0.00000000e+00    2.78726173e-07    6.35653760e-03
   9.58754409e-08    1.20000000e+00    0.00000000e+00    2.46305764e-07    3.87005016e-03
   9.58823569e-08    1.20000000e+00    0.00000000e+00    2.19420447e-07    2.36169315e-03
   9.58892729e-08    1.20000000e+00    0.00000000e+00    1.97166660e-07    1.44594854e-03
   9.58961890e-08    1.20000000e+00    0.00000000e+00    1.78775369e-07    8.88954820e-04
   9.59031050e-08    1.20000000e+00    0.00000000e+00    1.63596450e-07    5.49274679e-04
   9.59169371e-08    1.20000000e+00    0.00000000e+00    1.40601984e-07    2.00733291e-04
   9.59446012e-08    1.20000000e+00    0.00000000e+00    1.13946373e-07    1.24792917e-05
   9.59722654e-08    1.20000000e+00    0.00000000e+00    1.02355517e-07    4.29818322e-06
   9.59999295e-08    1.20000000e+00    0.00000000e+00    9.74153625e-08    1.98470249e-06
   9.60000000e-08    1.20000000e+00    0.00000000e+00    9.74079360e-08    1.98153472e-06
   9.60000705e-08    1.20000000e+00    1.01510560e-03    9.74005335e-08    1.98000216e-06
   9.60001410e-08    1.20000000e+00    2.03021119e-03    9.73931466e-08    1.97844606e-06
   9.60002820e-08    1.20000000e+00    4.06042238e-03    9.73784047e-08    1.97528743e-06
   9.60005639e-08    1.20000000e+00    8.12084476e-03    9.73491090e-08    1.96869778e-06
   9.60011279e-08    1.20000000e+00    1.62416895e-02    9.72912644e-08    1.95449463e-06
   9.60022558e-08    1.20000000e+00    3.24833791e-02    9.71785024e-08    1.92248731e-06
   9.60045116e-08    1.20000000e+00    6.49667581e-02    9.69642260e-08    1.84754609e-06
   9.60090232e-08    1.20000000e+00    1.29933516e-01    9.65772365e-08    1.67502533e-06
   9.60180463e-08    1.20000000e+00    2.59867032e-01    9.59455717e-08    1.33209489e-06
   9.60360926e-08    1.20000000e+00    5.19734065e-01    9.51038647e-08    8.45850422e-07
   9.60451991e-08    1.20000000e+00    6.50866816e-01    9.48745076e-08    7.05405284e-07
   9.60484801e-08    1.20000000e+00    6.98113717e-01    9.48004012e-08    6.50812534e-07
   9.60517611e-08    1.20000000e+00    7.45360618e-01    9.47303607e-08    5.89880781e-07
   9.60583232e-08    1.20000000e+00    8.39854420e-01    9.46124925e-08    4.47019125e-07
   9.60638473e-08    1.20000000e+00    9.19401735e-01    9.45334205e-08    3.27545714e-07
   9.60687860e-08    1.20000000e+00    9.90519057e-01    9.44757975e-08    2.43132279e-07
   9.60737247e-08    1.20000000e+00    1.06163638e+00    9.44286766e-08    1.86276194e-07
   9.60786634e-08    1.20000000e+00    1.13275370e+00    9.43905683e-08    1.58458110e-07
   9.60833333e-08    1.20000000e+00    1.20000000e+00    9.43616651e-08    1.56757374e-07
   9.60836010e-08    1.20000000e+00    1.20000000e+00    9.43602108e-08    1.54241812e-07
   9.60838345e-08    1.20000000e+00    1.20000000e+00    9.43589568e-08    1.52913603e-07
   9.60843015e-08    1.20000000e+00    1.20000000e+00    9.43564779e-08    1.51870180e-07
   9.60852355e-08    1.20000000e+00    1.20000000e+00    9.43516909e-08    1.58200043e-07
   9.60871035e-08    1.20000000e+00    1.20000000e+00    9.43427763e-08    1.94166917e-07
   9.60889714e-08    1.20000000e+00    1.20000000e+00    9.43347021e-08    2.48405024e-07
   9.60908394e-08    1.20000000e+00    1.20000000e+00    9.43274192e-08    3.08590084e-07
   9.60945753e-08    1.20000000e+00    1.20000000e+00    9.43150231e-08    4.18742557e-07
   9.61020472e-08    1.20000000e+00    1.20000000e+00    9.42977162e-08    5.44787397e-07
   9.61169909e-08    1.20000000e+00    1.20000000e+00    9.42854411e-08    4.97126685e-07
   9.61304402e-08    1.20000000e+00    1.20000000e+00    9.42922228e-08    3.20668250e-07
   9.61438896e-08    1.20000000e+00    1.20000000e+00    9.43086489e-08    1.88314277e-07
   9.61573389e-08    1.20000000e+00    1.20000000e+00    9.43303289e-08    1.20844119e-07
   9.61707882e-08    1.20000000e+00    1.20000000e+00    9.43544133e-08    9.90056333e-08
   9.61828926e-08    1.20000000e+00    1.20000000e+00    9.43766437e-08    1.01680904e-07
   9.61937866e-08    1.20000000e+00    1.20000000e+00    9.43963539e-08    1.07166761e-07
   9.62035912e-08    1.20000000e+00    1.20000000e+00    9.44135095e-08    1.03714831e-07
   9.62133957e-08    1.20000000e+00    1.20000000e+00    9.44299216e-08    9.02038325e-08
   9.62232003e-08    1.20000000e+00    1.20000000e+00    9.44454839e-08    7.21611584e-08
   9.62330049e-08    1.20000000e+00    1.20000000e+00    9.44601392e-08    5.64190772e-08
   9.62428094e-08    1.20000000e+00    1.20000000e+00    9.44738665e-08    4.71810743e-08
   9.62526140e-08    1.20000000e+00    1.20000000e+00    9.44866696e-08    4.53412385e-08
   9.62624186e-08    1.20000000e+00    1.20000000e+00    9.44985705e-08    4.96146190e-08
   9.62722231e-08    1.20000000e+00    1.20000000e+00    9.45096022e-08    5.78270860e-08
   9.62820277e-08    1.20000000e+00    1.20000000e+00    9.45198057e-08    6.78055527e-08
   9.62918323e-08    1.20000000e+00    1.20000000e+00    9.45292260e-08    7.78335050e-08
   9.63016369e-08    1.20000000e+00    1.20000000e+00    9.45379104e-08    8.67876268e-08
   9.63212460e-08    1.20000000e+00    1.20000000e+00    9.45532846e-08    9.96496999e-08
   9.63604643e-08    1.20000000e+00    1.20000000e+00    9.45773599e-08    1.08308663e-07
   9.63996825e-08    1.20000000e+00    1.20000000e+00    9.45943681e-08    1.04743932e-07
   9.64389008e-08    1.20000000e+00    1.20000000e+00    9.46063208e-08    9.99241332e-08
   9.64781191e-08    1.20000000e+00    1.20000000e+00    9.46147032e-08    9.71462758e-08
   9.65565556e-08    1.20000000e+00    1.20000000e+00    9.46249177e-08    9.51914753e-08
   9.66349922e-08    1.20000000e+00    1.20000000e+00    9.46298076e-08    9.49253358e-08
   9.67918652e-08    1.20000000e+00    1.20000000e+00    9.46335186e-08    9.47520259e-08
   9.71056114e-08    1.20000000e+00    1.20000000e+00    9.46344254e-08    9.46575594e-08
   9.74193576e-08    1.20000000e+00    1.20000000e+00    9.46342705e-08    9.46454785e-08
   9.77331038e-08    1.20000000e+00    1.20000000e+00    9.46342974e-08    9.46410175e-08
   9.78750000e-08    1.20000000e+00    1.20000000e+00    9.46342936e-08    9.46401001e-08
   9.78752094e-08    1.19250000e+00    1.20000000e+00   -3.05729985e-07   -3.04407758e-07
   9.78754188e-08    1.18500000e+00    1.20000000e+00   -6.85602546e-07   -6.83051635e-07
   9.78756281e-08    1.17750000e+00    1.20000000e+00   -1.05545086e-06   -1.05171400e-06
   9.78760469e-08    1.16250000e+00    1.20000000e+00   -1.73715591e-06   -1.73129106e-06
   9.78768844e-08    1.13250000e+00    1.20000000e+00   -2.88928952e-06   -2.88003318e-06
   9.78785594e-08    1.07250000e+00    1.20000000e+00   -4.49592186e-06   -4.48257490e-06
   9.78819094e-08    9.52500000e-01    1.20000000e+00   -5.85670548e-06   -5.84139907e-06
   9.78886094e-08    7.12500000e-01    1.20000000e+00   -6.08483774e-06   -6.06966297e-06
   9.78946394e-08    4.96500000e-01    1.20000000e+00   -2.85492881e-06   -2.84599036e-06
   9.78951896e-08    4.76791267e-01    1.20000000e+00   -2.07298817e-06   -2.06606353e-06
   9.78957398e-08    4.57082535e-01    1.20000000e+00   -1.23718447e-06   -1.23248843e-06
   9.78968402e-08    4.17665070e-01    1.20000000e+00    6.92634759e-07    6.91769741e-07
   9.78979406e-08    3.78247604e-01    1.20000000e+00    2.91316845e-06    2.90543289e-06
   9.78990410e-08    3.38830139e-01    1.20000000e+00    5.36020947e-06    5.34457176e-06
   9.79001414e-08    2.99412674e-01    1.20000000e+00    7.98179427e-06    7.95746140e-06
   9.79012418e-08    2.59995209e-01    1.20000000e+00    1.07337489e-05    1.07001174e-05
   9.79023422e-08    2.20577744e-01    1.20000000e+00    1.35755103e-05    1.35321414e-05
   9.79034426e-08    1.81160279e-01    1.20000000e+00    1.64687955e-05    1.64154024e-05
   9.79045430e-08    1.41742813e-01    1.20000000e+00    1.93775573e-05    1.93139961e-05
   9.79056434e-08    1.02325348e-01    1.20000000e+00    2.22682552e-05    2.21945159e-05
   9.79067438e-08    6.29078830e-02    1.20000000e+00    2.51100975e-05    2.50262953e-05
   9.79078442e-08    2.34904178e-02    1.20000000e+00    2.78751679e-05    2.77815346e-05
   9.79085000e-08    4.31876757e-13    1.20000000e+00    2.94767196e-05    2.93773796e-05
   9.79086100e-08    0.00000000e+00    1.20000000e+00    3.00323248e-05    2.99310424e-05
   9.79086893e-08    0.00000000e+00    1.20000000e+00    3.04252740e-05    3.03226161e-05
   9.79087686e-08    0.00000000e+00    1.20000000e+00    3.08146217e-05    3.07105999e-05
   9.79089271e-08    0.00000000e+00    1.20000000e+00    3.15719346e-05    3.14652550e-05
   9.79092441e-08    0.00000000e+00    1.20000000e+00    3.30028825e-05    3.28911635e-05
   9.79098781e-08    0.00000000e+00    1.20000000e+00    3.55446099e-05    3.54238799e-05
   9.79111462e-08    0.00000000e+00    1.20000000e+00    3.94589083e-05    3.93241275e-05
   9.79136824e-08    0.00000000e+00    1.20000000e+00    4.34201969e-05    4.32708339e-05
   9.79162186e-08    0.00000000e+00    1.20000000e+00    4.33694665e-05    4.32199961e-05
   9.79187548e-08    0.00000000e+00    1.20000000e+00    4.06012855e-05    4.04618772e-05
   9.79238272e-08    0.00000000e+00    1.20000000e+00    3.09310369e-05    3.08278471e-05
   9.79288996e-08    0.00000000e+00    1.20000000e+00    1.92316379e-05    1.91731771e-05
   9.79339721e-08    0.00000000e+00    1.20000000e+00    8.34208311e-06    8.32557635e-06
   9.79390445e-08    0.00000000e+00    1.20000000e+00   -6.27286348e-07   -6.12427388e-07
   9.79441169e-08    0.00000000e+00    1.20000000e+00   -7.50384393e-06   -7.50310475e-06
   9.79491893e-08    0.00000000e+00    1.20000000e+00   -1.25788355e-05   -1.26867901e-05
   9.79542617e-08    0.00000000e+00    1.20000000e+00   -1.75972082e-05   -1.78542982e-05
   9.79588268e-08    0.00000000e+00    1.20000000e+00   -2.35198038e-05   -2.39156532e-05
   9.79628000e-08    0.00000000e+00    1.20000000e+00   -2.99481002e-05   -3.04763532e-05
   9.79661960e-08    0.00000000e+00    1.20000000e+00   -3.62263076e-05   -3.68858302e-05
   9.79691464e-08    0.00000000e+00    1.20000000e+00   -4.20607051e-05   -4.28664734e-05
   9.79718019e-08    0.00000000e+00    1.20000000e+00   -4.72882774e-05   -4.82605260e-05
   9.79741917e-08    0.00000000e+00    1.20000000e+00   -5.16504196e-05   -5.27930913e-05
   9.79765816e-08    0.00000000e+00    1.20000000e+00   -5.54146941e-05   -5.67330299e-05
   9.79789715e-08    0.00000000e+00    1.20000000e+00   -5.83770733e-05   -5.98612771e-05
   9.79813613e-08    0.00000000e+00    1.20000000e+00   -6.03927573e-05   -6.20193481e-05
   9.79837512e-08    0.00000000e+00    1.20000000e+00   -6.13751856e-05   -6.31124039e-05
   9.79861411e-08    0.00000000e+00    1.20000000e+00   -6.12901429e-05   -6.31182360e-05
   9.79885309e-08    0.00000000e+00    1.20000000e+00   -6.01401533e-05   -6.21222818e-05
   9.79909208e-08    0.00000000e+00    1.20000000e+00   -5.79212956e-05   -6.03379273e-05
   9.79933107e-08    0.00000000e+00    1.20000000e+00   -5.45736936e-05   -5.77795280e-05
   9.79957005e-08    0.00000000e+00    1.20000000e+00   -5.01155592e-05   -5.37724254e-05
   9.79980904e-08    0.00000000e+00    1.20000000e+00   -4.47645189e-05   -4.72970769e-05
   9.80004803e-08    0.00000000e+00    1.20000000e+00   -3.86327731e-05   -3.75119312e-05
   9.80028701e-08    0.00000000e+00    1.20000000e+00   -3.14403292e-05   -2.38354207e-05
   9.80052600e-08    0.00000000e+00    1.20000000e+00   -2.26988872e-05   -5.91425454e-06
   9.80076499e-08    0.00000000e+00    1.20000000e+00   -1.29525903e-05    1.55005381e-05
   9.80100397e-08    0.00000000e+00    1.20000000e+00   -3.80050199e-06    3.80325245e-05
   9.80124296e-08    0.00000000e+00    1.20000000e+00    4.17182232e-06    5.98641931e-05
   9.80148195e-08    0.00000000e+00    1.20000000e+00    1.12433664e-05    8.01792511e-05
   9.80172093e-08    0.00000000e+00    1.20000000e+00    1.78001864e-05    9.84281506e-05
   9.80195992e-08    0.00000000e+00    1.20000000e+00    2.40814823e-05    1.14068402e-04
   9.80217501e-08    0.00000000e+00    1.20000000e+00    2.95403587e-05    1.25459836e-04
   9.80239010e-08    0.00000000e+00    1.20000000e+00    3.47252462e-05    1.33901861e-04
   9.80260519e-08    0.00000000e+00    1.20000000e+00    3.94729666e-05    1.39094431e-04
   9.80282027e-08    0.00000000e+00    1.20000000e+00    4.35982578e-05    1.40873969e-04
   9.80303536e-08    0.00000000e+00    1.20000000e+00    4.69383875e-05    1.39248952e-04
   9.80325045e-08    0.00000000e+00    1.20000000e+00    4.93819381e-05    1.34404677e-04
   9.80346554e-08    0.00000000e+00    1.20000000e+00    5.08798963e-05    1.26679489e-04
   9.80368063e-08    0.00000000e+00    1.20000000e+00    5.14429064e-05    1.16523116e-04
   9.80389571e-08    0.00000000e+00    1.20000000e+00    5.11304008e-05    1.04449193e-04
   9.80411080e-08    0.00000000e+00    1.20000000e+00    5.00365900e-05    9.09910638e-05
   9.80432589e-08    0.00000000e+00    1.20000000e+00    4.82766493e-05    7.66659184e-05
   9.80454098e-08    0.00000000e+00    1.20000000e+00    4.59748786e-05    6.19489493e-05
   9.80475607e-08    0.00000000e+00    1.20000000e+00    4.32555061e-05    4.72570704e-05
   9.80497116e-08    0.00000000e+00    1.20000000e+00    4.02361400e-05    3.29406896e-05
   9.80518624e-08    0.00000000e+00    1.20000000e+00    3.70235434e-05    1.92816810e-05
   9.80561642e-08    0.00000000e+00    1.20000000e+00    3.04083656e-05   -5.22116382e-06
   9.80604660e-08    0.00000000e+00    1.20000000e+00    2.39364748e-05   -2.53321362e-05
   9.80647677e-08    0.00000000e+00    1.20000000e+00    1.79868548e-05   -4.07116976e-05
   9.80690695e-08    0.00000000e+00    1.20000000e+00    1.27679214e-05   -5.15330895e-05
   9.80733712e-08    0.00000000e+00    1.20000000e+00    8.36036650e-06   -5.82800954e-05
   9.80776730e-08    0.00000000e+00    1.20000000e+00    4.75820089e-06   -6.15893118e-05
   9.80819748e-08    0.00000000e+00    1.20000000e+00    1.90243008e-06   -6.21393731e-05
   9.80862765e-08    0.00000000e+00    1.20000000e+00   -2.93838113e-07   -6.05803834e-05
   9.80948801e-08    0.00000000e+00    1.20000000e+00   -3.13923782e-06   -5.35544826e-05
   9.81034836e-08    0.00000000e+00    1.20000000e+00   -4.45039780e-06   -4.37788751e-05
   9.81120871e-08    0.00000000e+00    1.20000000e+00   -4.81581653e-06   -3.35974623e-05
   9.81206906e-08    0.00000000e+00    1.20000000e+00   -4.65531141e-06   -2.42997645e-05
   9.81292942e-08    0.00000000e+00    1.20000000e+00   -4.23952771e-06   -1.64538024e-05
   9.81378977e-08    0.00000000e+00    1.20000000e+00   -3.72935739e-06   -1.01797882e-05
   9.81465012e-08    0.00000000e+00    1.20000000e+00   -3.21290783e-06   -5.35155072e-06
   9.81551047e-08    0.00000000e+00    1.20000000e+00   -2.73347953e-06   -1.75254654e-06
   9.81637083e-08    0.00000000e+00    1.20000000e+00   -2.30852119e-06    8.41161433e-07
   9.81723118e-08    0.00000000e+00    1.20000000e+00   -1.94156871e-06    2.63621314e-06
   9.81809153e-08    0.00000000e+00    1.20000000e+00   -1.62934210e-06    3.81447818e-06
   9.81895188e-08    0.00000000e+00    1.20000000e+00   -1.36573899e-06    4.52918205e-06
   9.81981224e-08    0.00000000e+00    1.20000000e+00   -1.14394571e-06    4.90420116e-06
   9.82067259e-08    0.00000000e+00    1.20000000e+00   -9.57459577e-07    5.03630864e-06
   9.82153294e-08    0.00000000e+00    1.20000000e+00   -8.00511865e-07    4.99900187e-06
   9.82239329e-08    0.00000000e+00    1.20000000e+00   -6.68179660e-07    4.84627932e-06
   9.82325365e-08    0.00000000e+00    1.20000000e+00   -5.56349720e-07    4.61620098e-06
   9.82411400e-08    0.00000000e+00    1.20000000e+00   -4.61622279e-07    4.33739535e-06
   9.82497435e-08    0.00000000e+00    1.20000000e+00   -3.81199589e-07    4.03274355e-06
   9.82574867e-08    0.00000000e+00    1.20000000e+00   -3.19163682e-07    3.74974591e-06
   9.82644204e-08    0.00000000e+00    1.20000000e+00   -2.70721177e-07    3.49631307e-06
   9.82706608e-08    0.00000000e+00    1.20000000e+00   -2.32121441e-07    3.27430061e-06
   9.82762771e-08    0.00000000e+00    1.20000000e+00   -2.00963297e-07    3.08503928e-06
   9.82818934e-08    0.00000000e+00    1.20000000e+00   -1.72832678e-07    2.90938581e-06
   9.82875098e-08    0.00000000e+00    1.20000000e+00   -1.47423645e-07    2.74878155e-06
   9.82931261e-08    0.00000000e+00    1.20000000e+00   -1.24463532e-07    2.60414822e-06
   9.82987424e-08    0.00000000e+00    1.20000000e+00   -1.03708895e-07    2.47730945e-06
   9.83043588e-08    0.00000000e+00    1.20000000e+00   -8.49420187e-08    2.37060565e-06
   9.83099751e-08    0.00000000e+00    1.20000000e+00   -6.79679056e-08    2.28164847e-06
   9.83150298e-08    0.00000000e+00    1.20000000e+00   -5.40812298e-08    2.20588435e-06
   9.83195790e-08    0.00000000e+00    1.20000000e+00   -4.26092443e-08    2.12860355e-06
   9.83241282e-08    0.00000000e+00    1.20000000e+00   -3.20281336e-08    2.03636154e-06
   9.83286775e-08    0.00000000e+00    1.20000000e+00   -2.22676804e-08    1.93128955e-06
   9.83332267e-08    0.00000000e+00    1.20000000e+00   -1.32633859e-08    1.82001106e-06
   9.83377759e-08    0.00000000e+00    1.20000000e+00   -4.95597183e-09    1.70957639e-06
   9.83423251e-08    0.00000000e+00    1.20000000e+00    2.70906730e-09    1.60512937e-06
   9.83468744e-08    0.00000000e+00    1.20000000e+00    9.78187231e-09    1.50941786e-06
   9.83514236e-08    0.00000000e+00    1.20000000e+00    1.63085861e-08    1.42324250e-06
   9.83559728e-08    0.00000000e+00    1.20000000e+00    2.23316876e-08    1.34613963e-06
   9.83605220e-08    0.00000000e+00    1.20000000e+00    2.78902954e-08    1.27697950e-06
   9.83696205e-08    0.00000000e+00    1.20000000e+00    3.77700553e-08    1.15652050e-06
   9.83878174e-08    0.00000000e+00    1.20000000e+00    5.34376504e-08    9.58621179e-07
   9.84060143e-08    0.00000000e+00    1.20000000e+00    6.47823951e-08    7.93234345e-07
   9.84242112e-08    0.00000000e+00    1.20000000e+00    7.29995643e-08    6.49844036e-07
   9.84424081e-08    0.00000000e+00    1.20000000e+00    7.89525968e-08    5.31155948e-07
   9.84606050e-08    0.00000000e+00    1.20000000e+00    8.32659699e-08    4.38315370e-07
   9.84788019e-08    0.00000000e+00    1.20000000e+00    8.63916610e-08    3.68168390e-07
   9.85151957e-08    0.00000000e+00    1.20000000e+00    9.03742478e-08    2.74588005e-07
   9.85515895e-08    0.00000000e+00    1.20000000e+00    9.24302882e-08    2.20308431e-07
   9.85879834e-08    0.00000000e+00    1.20000000e+00    9.34923557e-08    1.85732382e-07
   9.86243772e-08    0.00000000e+00    1.20000000e+00    9.40414079e-08    1.62437252e-07
   9.86971648e-08    0.00000000e+00    1.20000000e+00    9.44994694e-08    1.33768350e-07
   9.88427400e-08    0.00000000e+00    1.20000000e+00    9.46480040e-08    1.09232084e-07
   9.89883153e-08    0.00000000e+00    1.20000000e+00    9.46318940e-08    1.01258788e-07
   9.91338905e-08    0.00000000e+00    1.20000000e+00    9.46343950e-08    9.90109399e-08
   9.92794657e-08    0.00000000e+00    1.20000000e+00    9.46342303e-08    9.73039607e-08
   9.95706162e-08    0.00000000e+00    1.20000000e+00    9.46343082e-08    9.57063118e-08
   1.00045616e-07    0.00000000e+00    1.20000000e+00    9.46342846e-08    9.50964180e-08
   1.00250000e-07    0.00000000e+00    1.20000000e+00    9.46342952e-08    9.47099486e-08
   1.00250209e-07    7.50000000e-03    1.20000000e+00    7.87094135e-07    7.69638187e-07
   1.00250419e-07    1.50000000e-02    1.20000000e+00    1.45483823e-06    1.42036859e-06
   1.00250628e-07    2.25000000e-02    1.20000000e+00    2.11039508e-06    2.05917264e-06
   1.00251047e-07    3.75000000e-02    1.20000000e+00    3.34923385e-06    3.26607822e-06
   1.00251884e-07    6.75000000e-02    1.20000000e+00    5.55033244e-06    5.40967077e-06
   1.00253559e-07    1.27500000e-01    1.20000000e+00    8.95384141e-06    8.72297402e-06
   1.00256909e-07    2.47500000e-01    1.20000000e+00    1.26317966e-05    1.23045602e-05
   1.00260259e-07    3.67500000e-01    1.20000000e+00    1.34108520e-05    1.30677182e-05
   1.00263609e-07    4.87500000e-01    1.20000000e+00    1.26661461e-05    1.23460351e-05
   1.00264670e-07    5.25492244e-01    1.20000000e+00    1.22186750e-05    1.19094494e-05
   1.00266791e-07    6.01476732e-01    1.20000000e+00    1.11228224e-05    1.08378353e-05
   1.00267478e-07    6.26085461e-01    1.20000000e+00    1.06248797e-05    1.03499012e-05
   1.00268852e-07    6.75302917e-01    1.20000000e+00    9.39947104e-06    9.14884136e-06
   1.00271600e-07    7.73737830e-01    1.20000000e+00    4.92056255e-06    4.76281697e-06
   1.00272018e-07    7.88704560e-01    1.20000000e+00    3.88769423e-06    3.75197567e-06
   1.00272436e-07    8.03671290e-01    1.20000000e+00    2.77841463e-06    2.66624473e-06
   1.00273271e-07    8.33604749e-01    1.20000000e+00    1.68996874e-07    1.13842730e-07
   1.00274107e-07    8.63538208e-01    1.20000000e+00   -3.02693743e-06   -3.00829429e-06
   1.00274943e-07    8.93471668e-01    1.20000000e+00   -6.86960409e-06   -6.75395184e-06
   1.00275778e-07    9.23405127e-01    1.20000000e+00   -1.13530171e-05   -1.11117755e-05
   1.00276614e-07    9.53338586e-01    1.20000000e+00   -1.64046589e-05   -1.60104412e-05
   1.00277450e-07    9.83272045e-01    1.20000000e+00   -2.19487891e-05   -2.13792395e-05
   1.00278285e-07    1.01320550e+00    1.20000000e+00   -2.79401360e-05   -2.71766055e-05
   1.00279121e-07    1.04313896e+00    1.20000000e+00   -3.43533231e-05   -3.33790755e-05
   1.00279957e-07    1.07307242e+00    1.20000000e+00   -4.11677253e-05   -3.99672264e-05
   1.00280792e-07    1.10300588e+00    1.20000000e+00   -4.83597252e-05   -4.69185998e-05
   1.00281628e-07    1.13293934e+00    1.20000000e+00   -5.58997839e-05   -5.42050555e-05
   1.00282464e-07    1.16287280e+00    1.20000000e+00   -6.37515345e-05   -6.17919952e-05
   1.00283299e-07    1.19280626e+00    1.20000000e+00   -7.18716078e-05   -6.96382838e-05
   1.00283500e-07    1.20000000e+00    1.20000000e+00   -7.38587936e-05   -7.15585768e-05
   1.00283548e-07    1.20000000e+00    1.20000000e+00   -7.44368284e-05   -7.21177994e-05
   1.00283591e-07    1.20000000e+00    1.20000000e+00   -7.49452667e-05   -7.26096574e-05
   1.00283634e-07    1.20000000e+00    1.20000000e+00   -7.54517060e-05   -7.30995649e-05
   1.00283720e-07    1.20000000e+00    1.20000000e+00   -7.64521778e-05   -7.40672813e-05
   1.00283891e-07    1.20000000e+00    1.20000000e+00   -7.84038914e-05   -7.59547254e-05
   1.00284234e-07    1.20000000e+00    1.20000000e+00   -8.21136787e-05   -7.95409892e-05
   1.00284920e-07    1.20000000e+00    1.20000000e+00   -8.87861343e-05   -8.59867005e-05
   1.00286293e-07    1.20000000e+00    1.20000000e+00   -9.93730360e-05   -9.62015673e-05
   1.00289037e-07    1.20000000e+00    1.20000000e+00   -1.11359030e-04   -1.07775850e-04
   1.00291781e-07    1.20000000e+00    1.20000000e+00   -1.13696599e-04   -1.10508962e-04
   1.00294525e-07    1.20000000e+00    1.20000000e+00   -1.08964361e-04   -1.08541486e-04
   1.00296995e-07    1.20000000e+00    1.20000000e+00   -1.00429000e-04   -1.03734860e-04
   1.00299218e-07    1.20000000e+00    1.20000000e+00   -9.04655842e-05   -9.41425361e-05
   1.00301441e-07    1.20000000e+00    1.20000000e+00   -7.88928849e-05   -7.71463076e-05
   1.00303664e-07    1.20000000e+00    1.20000000e+00   -6.57901055e-05   -5.15280670e-05
   1.00305887e-07    1.20000000e+00    1.20000000e+00   -5.15474136e-05   -1.71110415e-05
   1.00308109e-07    1.20000000e+00    1.20000000e+00   -3.70210444e-05    2.49978113e-05
   1.00310332e-07    1.20000000e+00    1.20000000e+00   -2.27470557e-05    7.28587032e-05
   1.00312333e-07    1.20000000e+00    1.20000000e+00   -1.02740104e-05    1.19157784e-04
   1.00314333e-07    1.20000000e+00    1.20000000e+00    1.76578384e-06    1.66867690e-04
   1.00316334e-07    1.20000000e+00    1.20000000e+00    1.33000728e-05    2.14480176e-04
   1.00318334e-07    1.20000000e+00    1.20000000e+00    2.42470499e-05    2.60635196e-04
   1.00320335e-07    1.20000000e+00    1.20000000e+00    3.45132549e-05    3.04174182e-04
   1.00322336e-07    1.20000000e+00    1.20000000e+00    4.39970008e-05    3.44154052e-04
   1.00324336e-07    1.20000000e+00    1.20000000e+00    5.25957280e-05    3.79844152e-04
   1.00326337e-07    1.20000000e+00    1.20000000e+00    6.02154307e-05    4.10720405e-04
   1.00328337e-07    1.20000000e+00    1.20000000e+00    6.67799819e-05    4.36459482e-04
   1.00330338e-07    1.20000000e+00    1.20000000e+00    7.22385104e-05    4.56929509e-04
   1.00332338e-07    1.20000000e+00    1.20000000e+00    7.65698886e-05    4.72174216e-04
   1.00334339e-07    1.20000000e+00    1.20000000e+00    7.97845844e-05    4.82390175e-04
   1.00336340e-07    1.20000000e+00    1.20000000e+00    8.19256259e-05    4.87898896e-04
   1.00338340e-07    1.20000000e+00    1.20000000e+00    8.30728344e-05    4.89116386e-04
   1.00340341e-07    1.20000000e+00    1.20000000e+00    8.33589764e-05    4.86522743e-04
   1.00342341e-07    1.20000000e+00    1.20000000e+00    8.30104838e-05    4.80633748e-04
   1.00344342e-07    1.20000000e+00    1.20000000e+00    8.24021151e-05    4.71975509e-04
   1.00346342e-07    1.20000000e+00    1.20000000e+00    8.20184839e-05    4.61062123e-04
   1.00348343e-07    1.20000000e+00    1.20000000e+00    8.22283624e-05    4.48376287e-04
   1.00350343e-07    1.20000000e+00    1.20000000e+00    8.31276459e-05    4.34358734e-04
   1.00352344e-07    1.20000000e+00    1.20000000e+00    8.46323465e-05    4.19419488e-04
   1.00354345e-07    1.20000000e+00    1.20000000e+00    8.65852025e-05    4.03954927e-04
   1.00356345e-07    1.20000000e+00    1.20000000e+00    8.87619688e-05    3.88336818e-04
   1.00358346e-07    1.20000000e+00    1.20000000e+00    9.08499929e-05    3.72892288e-04
   1.00360346e-07    1.20000000e+00    1.20000000e+00    9.24530945e-05    3.57898783e-04
   1.00362347e-07    1.20000000e+00    1.20000000e+00    9.31220874e-05    3.43587597e-04
   1.00364347e-07    1.20000000e+00    1.20000000e+00    9.24016159e-05    3.30144683e-04
   1.00366348e-07    1.20000000e+00    1.20000000e+00    8.99097311e-05    3.17705064e-04
   1.00368348e-07    1.20000000e+00    1.20000000e+00    8.54333255e-05    3.06344095e-04
   1.00370349e-07    1.20000000e+00    1.20000000e+00    7.89703307e-05    2.96072009e-04
   1.00372350e-07    1.20000000e+00    1.20000000e+00    7.07058147e-05    2.86835412e-04
   1.00374350e-07    1.20000000e+00    1.20000000e+00    6.09590120e-05    2.78523724e-04
   1.00376351e-07    1.20000000e+00    1.20000000e+00    5.01268405e-05    2.70975384e-04
   1.00378351e-07    1.20000000e+00    1.20000000e+00    3.86339509e-05    2.63979867e-04
   1.00380352e-07    1.20000000e+00    1.20000000e+00    2.68933542e-05    2.57274809e-04
   1.00382352e-07    1.20000000e+00    1.20000000e+00    1.52788086e-05    2.50540378e-04
   1.00384353e-07    1.20000000e+00    1.20000000e+00    4.10818776e-06    2.43395031e-04
   1.00386354e-07    1.20000000e+00    1.20000000e+00   -6.36408197e-06    2.35397580e-04
   1.00388354e-07    1.20000000e+00    1.20000000e+00   -1.59478270e-05    2.26059440e-04
   1.00390355e-07    1.20000000e+00    1.20000000e+00   -2.45133619e-05    2.14867128e-04
   1.00392355e-07    1.20000000e+00    1.20000000e+00   -3.19849697e-05    2.01309623e-04
   1.00394356e-07    1.20000000e+00    1.20000000e+00   -3.83330064e-05    1.84901220e-04
   1.00396356e-07    1.20000000e+00    1.20000000e+00   -4.35656041e-05    1.65191489e-04
   1.00398357e-07    1.20000000e+00    1.20000000e+00   -4.77206182e-05    1.41759658e-04
   1.00400357e-07    1.20000000e+00    1.20000000e+00   -5.08582165e-05    1.14197325e-04
   1.00402358e-07    1.20000000e+00    1.20000000e+00   -5.30543259e-05    8.20866569e-05
   1.00404359e-07    1.20000000e+00    1.20000000e+00   -5.43950283e-05    4.49804775e-05
   1.00406359e-07    1.20000000e+00    1.20000000e+00   -5.49719065e-05    2.38767116e-06
   1.00410360e-07    1.20000000e+00    1.20000000e+00   -5.42499411e-05   -1.01702482e-04
   1.00414361e-07    1.20000000e+00    1.20000000e+00   -5.15528404e-05   -2.34937586e-04
   1.00418362e-07    1.20000000e+00    1.20000000e+00   -4.75206763e-05   -4.03234238e-04
   1.00422364e-07    1.20000000e+00    1.20000000e+00   -4.26939072e-05   -6.13366155e-04
   1.00426365e-07    1.20000000e+00    1.20000000e+00   -3.75028864e-05   -8.73052479e-04
   1.00430366e-07    1.20000000e+00    1.20000000e+00   -3.22722495e-05   -1.19124692e-03
   1.00434367e-07    1.20000000e+00    1.20000000e+00   -2.72331731e-05   -1.57865060e-03
   1.00438368e-07    1.20000000e+00    1.20000000e+00   -2.25388888e-05   -2.04801810e-03
   1.00442369e-07    1.20000000e+00    1.20000000e+00   -1.82806059e-05   -2.61010073e-03
   1.00446370e-07    1.20000000e+00    1.20000000e+00   -1.45022413e-05   -3.26638826e-03
   1.00450371e-07    1.20000000e+00    1.20000000e+00   -1.12131783e-05   -4.01141755e-03
   1.00454373e-07    1.20000000e+00    1.20000000e+00   -8.39880396e-06   -4.84259536e-03
   1.00458374e-07    1.20000000e+00    1.20000000e+00   -6.02887712e-06   -5.76385059e-03
   1.00462375e-07    1.20000000e+00    1.20000000e+00   -4.06394541e-06   -6.78544256e-03
   1.00466376e-07    1.20000000e+00    1.20000000e+00   -2.46009861e-06   -7.92455937e-03
   1.00470377e-07    1.20000000e+00    1.20000000e+00   -1.17235919e-06   -9.20775627e-03
   1.00474378e-07    1.20000000e+00    1.20000000e+00   -1.56993069e-07   -1.06768313e-02
   1.00478379e-07    1.20000000e+00    1.20000000e+00    6.27010156e-07   -1.23965184e-02
   1.00482380e-07    1.20000000e+00    1.20000000e+00    1.21707789e-06   -1.44142166e-02
   1.00486381e-07    1.20000000e+00    1.20000000e+00    1.64664532e-06   -1.66034134e-02
   1.00490383e-07    1.20000000e+00    1.20000000e+00    1.94506146e-06   -1.85867008e-02
   1.00494384e-07    1.20000000e+00    1.20000000e+00    2.13770654e-06   -1.98154501e-02
   1.00498385e-07    1.20000000e+00    1.20000000e+00    2.24624250e-06   -1.96122795e-02
   1.00502386e-07    1.20000000e+00    1.20000000e+00    2.28893933e-06   -1.71767694e-02
   1.00506387e-07    1.20000000e+00    1.20000000e+00    2.28103634e-06   -1.16486355e-02
   1.00510388e-07    1.20000000e+00    1.20000000e+00    2.23511028e-06   -2.34036517e-03
   1.00514389e-07    1.20000000e+00    1.20000000e+00    2.16143150e-06    1.11336596e-02
   1.00518390e-07    1.20000000e+00    1.20000000e+00    2.06829693e-06    2.90110191e-02
   1.00522392e-07    1.20000000e+00    1.20000000e+00    1.96233313e-06    5.14115704e-02
   1.00526393e-07    1.20000000e+00    1.20000000e+00    1.84876694e-06    7.83066522e-02
   1.00530394e-07    1.20000000e+00    1.20000000e+00    1.73166307e-06    1.09498259e-01
   1.00534395e-07    1.20000000e+00    1.20000000e+00    1.61413006e-06    1.44611584e-01
   1.00538396e-07    1.20000000e+00    1.20000000e+00    1.49849666e-06    1.83115229e-01
   1.00542397e-07    1.20000000e+00    1.20000000e+00    1.38646144e-06    2.24376261e-01
   1.00546398e-07    1.20000000e+00    1.20000000e+00    1.27921852e-06    2.67734726e-01
   1.00550399e-07    1.20000000e+00    1.20000000e+00    1.17756228e-06    3.12570015e-01
   1.00554400e-07    1.20000000e+00    1.20000000e+00    1.08197400e-06    3.58340852e-01
   1.00558402e-07    1.20000000e+00    1.20000000e+00    9.92692878e-07    4.04597704e-01
   1.00562403e-07    1.20000000e+00    1.20000000e+00    9.09773912e-07    4.50976392e-01
   1.00566404e-07    1.20000000e+00    1.20000000e+00    8.33134604e-07    4.97182606e-01
   1.00570405e-07    1.20000000e+00    1.20000000e+00    7.62592430e-07    5.42974046e-01
   1.00574406e-07    1.20000000e+00    1.20000000e+00    6.97894605e-07    5.88143762e-01
   1.00578407e-07    1.20000000e+00    1.20000000e+00    6.38741502e-07    6.32506169e-01
   1.00582408e-07    1.20000000e+00    1.20000000e+00    5.84804896e-07    6.75886180e-01
   1.00586409e-07    1.20000000e+00    1.20000000e+00    5.35741989e-07    7.18111496e-01
   1.00590411e-07    1.20000000e+00    1.20000000e+00    4.91206033e-07    7.59008038e-01
   1.00594412e-07    1.20000000e+00    1.20000000e+00    4.50854219e-07    7.98398565e-01
   1.00598413e-07    1.20000000e+00    1.20000000e+00    4.14353405e-07    8.36104553e-01
   1.00602414e-07    1.20000000e+00    1.20000000e+00    3.81384118e-07    8.71951253e-01
   1.00606415e-07    1.20000000e+00    1.20000000e+00    3.51643218e-07    9.05775537e-01
   1.00610416e-07    1.20000000e+00    1.20000000e+00    3.24845524e-07    9.37435594e-01
   1.00614417e-07    1.20000000e+00    1.20000000e+00    3.00724642e-07    9.66821078e-01
   1.00618418e-07    1.20000000e+00    1.20000000e+00    2.79033196e-07    9.93861911e-01
   1.00622420e-07    1.20000000e+00    1.20000000e+00    2.59542612e-07    1.01853408e+00
   1.00626421e-07    1.20000000e+00    1.20000000e+00    2.42042587e-07    1.04086126e+00
   1.00630422e-07    1.20000000e+00    1.20000000e+00    2.26340331e-07    1.06091203e+00
   1.00634423e-07    1.20000000e+00    1.20000000e+00    2.12259668e-07    1.07879328e+00
   1.00638424e-07    1.20000000e+00    1.20000000e+00    1.99640036e-07    1.09464128e+00
   1.00642425e-07    1.20000000e+00    1.20000000e+00    1.88335456e-07    1.10861179e+00
   1.00646426e-07    1.20000000e+00    1.20000000e+00    1.78213483e-07    1.12087080e+00
   1.00650427e-07    1.20000000e+00    1.20000000e+00    1.69154164e-07    1.13158648e+00
   1.00654428e-07    1.20000000e+00    1.20000000e+00    1.61049041e-07    1.14092310e+00
   1.00658430e-07    1.20000000e+00    1.20000000e+00    1.53800185e-07    1.14903662e+00
   1.00662431e-07    1.20000000e+00    1.20000000e+00    1.47319281e-07    1.15607199e+00
   1.00666432e-07    1.20000000e+00    1.20000000e+00    1.41526777e-07    1.16216167e+00
   1.00670433e-07    1.20000000e+00    1.20000000e+00    1.36351081e-07    1.16742519e+00
   1.00674434e-07    1.20000000e+00    1.20000000e+00    1.31727819e-07    1.17196927e+00
   1.00678435e-07    1.20000000e+00    1.20000000e+00    1.27599156e-07    1.17588847e+00
   1.00682436e-07    1.20000000e+00    1.20000000e+00    1.23913161e-07    1.17926608e+00
   1.00686437e-07    1.20000000e+00    1.20000000e+00    1.20623241e-07    1.18217507e+00
   1.00694440e-07    1.20000000e+00    1.20000000e+00    1.15052842e-07    1.18685592e+00
   1.00702442e-07    1.20000000e+00    1.20000000e+00    1.10625317e-07    1.19031335e+00
   1.00710444e-07    1.20000000e+00    1.20000000e+00    1.07110213e-07    1.19286412e+00
   1.00718446e-07    1.20000000e+00    1.20000000e+00    1.04322970e-07    1.19474446e+00
   1.00734451e-07    1.20000000e+00    1.20000000e+00    1.00328298e-07    1.19719234e+00
   1.00750000e-07    1.20000000e+00    1.20000000e+00    9.79126911e-08    1.19847109e+00
   1.00750200e-07    1.20000000e+00    1.19711919e+00    9.78889352e-08    1.19848259e+00
   1.00750600e-07    1.20000000e+00    1.19135758e+00    9.78419886e-08    1.19850525e+00
   1.00751401e-07    1.20000000e+00    1.17983435e+00    9.77492134e-08    1.19854989e+00
   1.00753001e-07    1.20000000e+00    1.15678790e+00    9.75702212e-08    1.19863523e+00
   1.00756202e-07    1.20000000e+00    1.11069499e+00    9.72370298e-08    1.19879125e+00
   1.00762604e-07    1.20000000e+00    1.01850918e+00    9.66593839e-08    1.19905259e+00
   1.00775407e-07    1.20000000e+00    8.34137560e-01    9.57899498e-08    1.19942194e+00
   1.00788211e-07    1.20000000e+00    6.49765936e-01    9.52123058e-08    1.19964680e+00
   1.00801015e-07    1.20000000e+00    4.65394313e-01    9.48347529e-08    1.19978381e+00
   1.00802633e-07    1.20000000e+00    4.42094632e-01    9.47993214e-08    1.19979618e+00
   1.00804251e-07    1.20000000e+00    4.18794952e-01    9.47648707e-08    1.19980817e+00
   1.00807487e-07    1.20000000e+00    3.72195591e-01    9.47015835e-08    1.19983009e+00
   1.00810723e-07    1.20000000e+00    3.25596231e-01    9.46452619e-08    1.19984948e+00
   1.00813959e-07    1.20000000e+00    2.78996870e-01    9.45952610e-08    1.19986662e+00
   1.00817195e-07    1.20000000e+00    2.32397509e-01    9.45509915e-08    1.19988179e+00
   1.00820431e-07    1.20000000e+00    1.85798148e-01    9.45119171e-08    1.19989521e+00
   1.00823667e-07    1.20000000e+00    1.39198788e-01    9.44775489e-08    1.19990708e+00
   1.00826903e-07    1.20000000e+00    9.25994268e-02    9.44474414e-08    1.19991758e+00
   1.00830139e-07    1.20000000e+00    4.60000660e-02    9.44211893e-08    1.19992687e+00
   1.00833334e-07    1.20000000e+00    3.28626015e-14    9.43986954e-08    1.19993499e+00
   1.00833657e-07    1.20000000e+00    0.00000000e+00    9.43966112e-08    1.19993576e+00
   1.00833906e-07    1.20000000e+00    0.00000000e+00    9.43950284e-08    1.19993634e+00
   1.00834403e-07    1.20000000e+00    0.00000000e+00    9.43918986e-08    1.19993750e+00
   1.00835398e-07    1.20000000e+00    0.00000000e+00    9.43858530e-08    1.19993975e+00
   1.00837387e-07    1.20000000e+00    0.00000000e+00    9.43745842e-08    1.19994399e+00
   1.00841365e-07    1.20000000e+00    0.00000000e+00    9.43550921e-08    1.19995152e+00
   1.00849321e-07    1.20000000e+00    0.00000000e+00    9.43265586e-08    1.19996359e+00
   1.00865233e-07    1.20000000e+00    0.00000000e+00    9.43003968e-08    1.19997949e+00
   1.00881145e-07    1.20000000e+00    0.00000000e+00    9.43021560e-08    1.19998831e+00
   1.00897057e-07    1.20000000e+00    0.00000000e+00    9.43192299e-08    1.19999323e+00
   1.00912969e-07    1.20000000e+00    0.00000000e+00    9.43439240e-08    1.19999597e+00
   1.00928881e-07    1.20000000e+00    0.00000000e+00    9.43716259e-08    1.19999752e+00
   1.00944793e-07    1.20000000e+00    0.00000000e+00    9.43996455e-08    1.19999841e+00
   1.00959114e-07    1.20000000e+00    0.00000000e+00    9.44238859e-08    1.19999889e+00
   1.00972003e-07    1.20000000e+00    0.00000000e+00    9.44443861e-08    1.19999917e+00
   1.00983603e-07    1.20000000e+00    0.00000000e+00    9.44615829e-08    1.19999936e+00
   1.00995203e-07    1.20000000e+00    0.00000000e+00    9.44775284e-08    1.19999950e+00
   1.01006802e-07    1.20000000e+00    0.00000000e+00    9.44922203e-08    1.19999961e+00
   1.01018402e-07    1.20000000e+00    0.00000000e+00    9.45056919e-08    1.19999970e+00
   1.01030002e-07    1.20000000e+00    0.00000000e+00    9.45179990e-08    1.19999976e+00
   1.01041602e-07    1.20000000e+00    0.00000000e+00    9.45292092e-08    1.19999981e+00
   1.01053202e-07    1.20000000e+00    0.00000000e+00    9.45393969e-08    1.19999985e+00
   1.01064802e-07    1.20000000e+00    0.00000000e+00    9.45486387e-08    1.19999987e+00
   1.01076402e-07    1.20000000e+00    0.00000000e+00    9.45570109e-08    1.19999989e+00
   1.01088002e-07    1.20000000e+00    0.00000000e+00    9.45645866e-08    1.19999990e+00
   1.01111202e-07    1.20000000e+00    0.00000000e+00    9.45776512e-08    1.19999992e+00
   1.01157601e-07    1.20000000e+00    0.00000000e+00    9.45971297e-08    1.19999994e+00
   1.01250400e-07    1.20000000e+00    0.00000000e+00    9.46189934e-08    1.19999998e+00
   1.01333920e-07    1.20000000e+00    0.00000000e+00    9.46273515e-08    1.19999999e+00
   1.01417439e-07    1.20000000e+00    0.00000000e+00    9.46311421e-08    1.19999999e+00
   1.01500958e-07    1.20000000e+00    0.00000000e+00    9.46328632e-08    1.19999999e+00
   1.01667997e-07    1.20000000e+00    0.00000000e+00    9.46340900e-08    1.19999999e+00
   1.02002074e-07    1.20000000e+00    0.00000000e+00    9.46343340e-08    1.19999999e+00
   1.02336151e-07    1.20000000e+00    0.00000000e+00    9.46342850e-08    1.19999999e+00
   1.02625000e-07    1.20000000e+00    0.00000000e+00    9.46342942e-08    1.19999999e+00
   1.02625209e-07    1.19250000e+00    0.00000000e+00   -3.05730341e-07    1.19999927e+00
   1.02625419e-07    1.18500000e+00    0.00000000e+00   -6.85603247e-07    1.19999858e+00
   1.02625628e-07    1.17750000e+00    0.00000000e+00   -1.05545190e-06    1.19999790e+00
   1.02626047e-07    1.16250000e+00    0.00000000e+00   -1.73715759e-06    1.19999666e+00
   1.02626884e-07    1.13250000e+00    0.00000000e+00   -2.88929234e-06    1.19999455e+00
   1.02628559e-07    1.07250000e+00    0.00000000e+00   -4.49592629e-06    1.19999153e+00
   1.02631909e-07    9.52500000e-01    0.00000000e+00   -5.85671098e-06    1.19998865e+00
   1.02638609e-07    7.12500000e-01    0.00000000e+00   -6.08484168e-06    1.19998698e+00
   1.02644639e-07    4.96500000e-01    0.00000000e+00   -2.85492797e-06    1.19999177e+00
   1.02645181e-07    4.77098419e-01    0.00000000e+00   -2.08639070e-06    1.19999309e+00
   1.02645723e-07    4.57696839e-01    0.00000000e+00   -1.26559760e-06    1.19999450e+00
   1.02646806e-07    4.18893677e-01    0.00000000e+00    6.27068177e-07    1.19999780e+00
   1.02647889e-07    3.80090516e-01    0.00000000e+00    2.80350460e-06    1.20000165e+00
   1.02648972e-07    3.41287354e-01    0.00000000e+00    5.20201233e-06    1.20000595e+00
   1.02650056e-07    3.02484193e-01    0.00000000e+00    7.77246867e-06    1.20001061e+00
   1.02651139e-07    2.63681031e-01    0.00000000e+00    1.04723956e-05    1.20001558e+00
   1.02652222e-07    2.24877870e-01    0.00000000e+00    1.32628853e-05    1.20002080e+00
   1.02653305e-07    1.86074708e-01    0.00000000e+00    1.61072103e-05    1.20002622e+00
   1.02654389e-07    1.47271547e-01    0.00000000e+00    1.89707226e-05    1.20003176e+00
   1.02655472e-07    1.08468386e-01    0.00000000e+00    2.18210952e-05    1.20003739e+00
   1.02656555e-07    6.96652241e-02    0.00000000e+00    2.46285575e-05    1.20004306e+00
   1.02657638e-07    3.08620626e-02    0.00000000e+00    2.73660288e-05    1.20004871e+00
   1.02658500e-07    4.61630734e-13    0.00000000e+00    2.94774817e-05    1.20005317e+00
   1.02658608e-07    0.00000000e+00    0.00000000e+00    3.00246392e-05    1.20005425e+00
   1.02658686e-07    0.00000000e+00    0.00000000e+00    3.04094121e-05    1.20005501e+00
   1.02658763e-07    0.00000000e+00    0.00000000e+00    3.07907357e-05    1.20005576e+00
   1.02658919e-07    0.00000000e+00    0.00000000e+00    3.15328992e-05    1.20005724e+00
   1.02659229e-07    0.00000000e+00    0.00000000e+00    3.29370284e-05    1.20006005e+00
   1.02659849e-07    0.00000000e+00    0.00000000e+00    3.54381303e-05    1.20006513e+00
   1.02661090e-07    0.00000000e+00    0.00000000e+00    3.93163758e-05    1.20007339e+00
   1.02663571e-07    0.00000000e+00    0.00000000e+00    4.33385854e-05    1.20008363e+00
   1.02666053e-07    0.00000000e+00    0.00000000e+00    4.34621443e-05    1.20008733e+00
   1.02668534e-07    0.00000000e+00    0.00000000e+00    4.09147744e-05    1.20008651e+00
   1.02673497e-07    0.00000000e+00    0.00000000e+00    3.16574718e-05    1.20007731e+00
   1.02678460e-07    0.00000000e+00    0.00000000e+00    2.02290518e-05    1.20006318e+00
   1.02683423e-07    0.00000000e+00    0.00000000e+00    9.43044796e-06    1.20004846e+00
   1.02688386e-07    0.00000000e+00    0.00000000e+00    4.18927080e-07    1.20003507e+00
   1.02693349e-07    0.00000000e+00    0.00000000e+00   -6.58956603e-06    1.20002318e+00
   1.02698312e-07    0.00000000e+00    0.00000000e+00   -1.17610935e-05    1.20001145e+00
   1.02703275e-07    0.00000000e+00    0.00000000e+00   -1.65132994e-05    1.19999804e+00
   1.02707742e-07    0.00000000e+00    0.00000000e+00   -2.19643247e-05    1.19998322e+00
   1.02711762e-07    0.00000000e+00    0.00000000e+00   -2.81690221e-05    1.19996702e+00
   1.02715351e-07    0.00000000e+00    0.00000000e+00   -3.46137028e-05    1.19995013e+00
   1.02718503e-07    0.00000000e+00    0.00000000e+00   -4.07797266e-05    1.19993342e+00
   1.02721326e-07    0.00000000e+00    0.00000000e+00   -4.63723104e-05    1.19991699e+00
   1.02723866e-07    0.00000000e+00    0.00000000e+00   -5.10869401e-05    1.19990144e+00
   1.02726406e-07    0.00000000e+00    0.00000000e+00   -5.51643296e-05    1.19988631e+00
   1.02728947e-07    0.00000000e+00    0.00000000e+00   -5.83522049e-05    1.19987296e+00
   1.02731487e-07    0.00000000e+00    0.00000000e+00   -6.04733830e-05    1.19986230e+00
   1.02734027e-07    0.00000000e+00    0.00000000e+00   -6.14249788e-05    1.19985474e+00
   1.02736567e-07    0.00000000e+00    0.00000000e+00   -6.11701194e-05    1.19985028e+00
   1.02739108e-07    0.00000000e+00    0.00000000e+00   -5.97141560e-05    1.19984873e+00
   1.02741648e-07    0.00000000e+00    0.00000000e+00   -5.70395282e-05    1.19984974e+00
   1.02744188e-07    0.00000000e+00    0.00000000e+00   -5.30748809e-05    1.19985269e+00
   1.02746729e-07    0.00000000e+00    0.00000000e+00   -4.79302883e-05    1.19985636e+00
   1.02749269e-07    0.00000000e+00    0.00000000e+00   -4.18668890e-05    1.19985923e+00
   1.02751809e-07    0.00000000e+00    0.00000000e+00   -3.48225993e-05    1.19986150e+00
   1.02754349e-07    0.00000000e+00    0.00000000e+00   -2.62459609e-05    1.19986469e+00
   1.02756890e-07    0.00000000e+00    0.00000000e+00   -1.60828942e-05    1.19986977e+00
   1.02759430e-07    0.00000000e+00    0.00000000e+00   -6.03846271e-06    1.19987715e+00
   1.02761970e-07    0.00000000e+00    0.00000000e+00    2.71617389e-06    1.19988692e+00
   1.02764510e-07    0.00000000e+00    0.00000000e+00    1.03638383e-05    1.19989904e+00
   1.02767051e-07    0.00000000e+00    0.00000000e+00    1.73745542e-05    1.19991337e+00
   1.02769591e-07    0.00000000e+00    0.00000000e+00    2.40577169e-05    1.19992970e+00
   1.02771877e-07    0.00000000e+00    0.00000000e+00    2.98509067e-05    1.19994582e+00
   1.02773935e-07    0.00000000e+00    0.00000000e+00    3.47997835e-05    1.19996119e+00
   1.02775992e-07    0.00000000e+00    0.00000000e+00    3.93463849e-05    1.19997697e+00
   1.02778050e-07    0.00000000e+00    0.00000000e+00    4.33276804e-05    1.19999277e+00
   1.02780108e-07    0.00000000e+00    0.00000000e+00    4.65990387e-05    1.20000816e+00
   1.02782165e-07    0.00000000e+00    0.00000000e+00    4.90579882e-05    1.20002274e+00
   1.02784223e-07    0.00000000e+00    0.00000000e+00    5.06542062e-05    1.20003618e+00
   1.02786280e-07    0.00000000e+00    0.00000000e+00    5.13884135e-05    1.20004824e+00
   1.02788338e-07    0.00000000e+00    0.00000000e+00    5.13043870e-05    1.20005878e+00
   1.02790396e-07    0.00000000e+00    0.00000000e+00    5.04779414e-05    1.20006771e+00
   1.02792453e-07    0.00000000e+00    0.00000000e+00    4.90055989e-05    1.20007506e+00
   1.02794511e-07    0.00000000e+00    0.00000000e+00    4.69945141e-05    1.20008088e+00
   1.02796568e-07    0.00000000e+00    0.00000000e+00    4.45543422e-05    1.20008526e+00
   1.02798626e-07    0.00000000e+00    0.00000000e+00    4.17911855e-05    1.20008834e+00
   1.02802741e-07    0.00000000e+00    0.00000000e+00    3.57147514e-05    1.20009122e+00
   1.02806857e-07    0.00000000e+00    0.00000000e+00    2.93643072e-05    1.20009057e+00
   1.02810972e-07    0.00000000e+00    0.00000000e+00    2.32167878e-05    1.20008741e+00
   1.02815087e-07    0.00000000e+00    0.00000000e+00    1.75808017e-05    1.20008261e+00
   1.02819202e-07    0.00000000e+00    0.00000000e+00    1.26253582e-05    1.20007684e+00
   1.02827433e-07    0.00000000e+00    0.00000000e+00    4.91330225e-06    1.20006440e+00
   1.02835663e-07    0.00000000e+00    0.00000000e+00   -9.81333402e-08    1.20005227e+00
   1.02843894e-07    0.00000000e+00    0.00000000e+00   -2.97631268e-06    1.20004156e+00
   1.02852124e-07    0.00000000e+00    0.00000000e+00   -4.37107789e-06    1.20003254e+00
   1.02868585e-07    0.00000000e+00    0.00000000e+00   -4.85544609e-06    1.20001906e+00
   1.02885046e-07    0.00000000e+00    0.00000000e+00   -3.98036354e-06    1.20001039e+00
   1.02901507e-07    0.00000000e+00    0.00000000e+00   -2.94947780e-06    1.20000498e+00
   1.02917968e-07    0.00000000e+00    0.00000000e+00   -2.11236523e-06    1.20000164e+00
   1.02934429e-07    0.00000000e+00    0.00000000e+00   -1.49996445e-06    1.19999962e+00
   1.02949243e-07    0.00000000e+00    0.00000000e+00   -1.10207057e-06    1.19999851e+00
   1.02962577e-07    0.00000000e+00    0.00000000e+00   -8.34862345e-07    1.19999791e+00
   1.02974551e-07    0.00000000e+00    0.00000000e+00   -6.49197902e-07    1.19999758e+00
   1.02985328e-07    0.00000000e+00    0.00000000e+00   -5.15689622e-07    1.19999742e+00
   1.02996105e-07    0.00000000e+00    0.00000000e+00   -4.07100152e-07    1.19999734e+00
   1.03006882e-07    0.00000000e+00    0.00000000e+00   -3.18450493e-07    1.19999733e+00
   1.03017659e-07    0.00000000e+00    0.00000000e+00   -2.45859074e-07    1.19999737e+00
   1.03028436e-07    0.00000000e+00    0.00000000e+00   -1.86273220e-07    1.19999744e+00
   1.03039213e-07    0.00000000e+00    0.00000000e+00   -1.37270647e-07    1.19999753e+00
   1.03049990e-07    0.00000000e+00    0.00000000e+00   -9.69133468e-08    1.19999764e+00
   1.03060767e-07    0.00000000e+00    0.00000000e+00   -6.36396156e-08    1.19999776e+00
   1.03069396e-07    0.00000000e+00    0.00000000e+00   -4.12683369e-08    1.19999787e+00
   1.03076449e-07    0.00000000e+00    0.00000000e+00   -2.53746776e-08    1.19999796e+00
   1.03082797e-07    0.00000000e+00    0.00000000e+00   -1.26763657e-08    1.19999805e+00
   1.03088509e-07    0.00000000e+00    0.00000000e+00   -2.40741810e-09    1.19999812e+00
   1.03094222e-07    0.00000000e+00    0.00000000e+00    6.87544501e-09    1.19999820e+00
   1.03099935e-07    0.00000000e+00    0.00000000e+00    1.52676132e-08    1.19999828e+00
   1.03105648e-07    0.00000000e+00    0.00000000e+00    2.28550943e-08    1.19999836e+00
   1.03111361e-07    0.00000000e+00    0.00000000e+00    2.97154717e-08    1.19999843e+00
   1.03117074e-07    0.00000000e+00    0.00000000e+00    3.59187553e-08    1.19999846e+00
   1.03122787e-07    0.00000000e+00    0.00000000e+00    4.15281422e-08    1.19999845e+00
   1.03128500e-07    0.00000000e+00    0.00000000e+00    4.66006957e-08    1.19999841e+00
   1.03134212e-07    0.00000000e+00    0.00000000e+00    5.11879528e-08    1.19999835e+00
   1.03139354e-07    0.00000000e+00    0.00000000e+00    5.49395536e-08    1.19999829e+00
   1.03144496e-07    0.00000000e+00    0.00000000e+00    5.83667444e-08    1.19999825e+00
   1.03149637e-07    0.00000000e+00    0.00000000e+00    6.14976387e-08    1.19999823e+00
   1.03154779e-07    0.00000000e+00    0.00000000e+00    6.43579024e-08    1.19999824e+00
   1.03159920e-07    0.00000000e+00    0.00000000e+00    6.69709694e-08    1.19999827e+00
   1.03165062e-07    0.00000000e+00    0.00000000e+00    6.93582374e-08    1.19999833e+00
   1.03170204e-07    0.00000000e+00    0.00000000e+00    7.15392464e-08    1.19999840e+00
   1.03175345e-07    0.00000000e+00    0.00000000e+00    7.35318406e-08    1.19999847e+00
   1.03180487e-07    0.00000000e+00    0.00000000e+00    7.53523170e-08    1.19999855e+00
   1.03190770e-07    0.00000000e+00    0.00000000e+00    7.85411153e-08    1.19999870e+00
   1.03211336e-07    0.00000000e+00    0.00000000e+00    8.34560810e-08    1.19999896e+00
   1.03231903e-07    0.00000000e+00    0.00000000e+00    8.68684466e-08    1.19999914e+00
   1.03252469e-07    0.00000000e+00    0.00000000e+00    8.92379026e-08    1.19999927e+00
   1.03273036e-07    0.00000000e+00    0.00000000e+00    9.08834095e-08    1.19999937e+00
   1.03293602e-07    0.00000000e+00    0.00000000e+00    9.20263247e-08    1.19999945e+00
   1.03314168e-07    0.00000000e+00    0.00000000e+00    9.28202892e-08    1.19999951e+00
   1.03334735e-07    0.00000000e+00    0.00000000e+00    9.33719526e-08    1.19999957e+00
   1.03375867e-07    0.00000000e+00    0.00000000e+00    9.40373629e-08    1.19999967e+00
   1.03417000e-07    0.00000000e+00    0.00000000e+00    9.43509306e-08    1.19999974e+00
   1.03458133e-07    0.00000000e+00    0.00000000e+00    9.44990065e-08    1.19999980e+00
   1.03499266e-07    0.00000000e+00    0.00000000e+00    9.45691538e-08    1.19999984e+00
   1.03581531e-07    0.00000000e+00    0.00000000e+00    9.46221586e-08    1.19999990e+00
   1.03746062e-07    0.00000000e+00    0.00000000e+00    9.46355706e-08    1.19999996e+00
   1.03910593e-07    0.00000000e+00    0.00000000e+00    9.46338696e-08    1.19999998e+00
   1.04075124e-07    0.00000000e+00    0.00000000e+00    9.46343307e-08    1.19999999e+00
   1.04239655e-07    0.00000000e+00    0.00000000e+00    9.46342782e-08    1.19999999e+00
   1.04500000e-07    0.00000000e+00    0.00000000e+00    9.46342972e-08    1.19999999e+00
End of Xyce(TM) Simulation
